2025-07-29 22:49:26,595 - INFO - ------------------------------------Gradient Period 25-------------------------------------------
2025-07-29 22:49:26,595 - INFO - [Gradient Period 25 Run 1] Starting
2025-07-29 22:49:29,698 - INFO - Training on device: cuda
2025-07-29 22:49:30,147 - INFO - Epoch 01: Loss = 296.0715, Accuracy = 3.93%
2025-07-29 22:49:30,324 - INFO - Epoch 02: Loss = 292.4625, Accuracy = 6.75%
2025-07-29 22:49:30,497 - INFO - Epoch 03: Loss = 286.0174, Accuracy = 9.11%
2025-07-29 22:49:30,670 - INFO - Epoch 04: Loss = 273.5361, Accuracy = 9.98%
2025-07-29 22:49:30,842 - INFO - Epoch 05: Loss = 258.8051, Accuracy = 11.59%
2025-07-29 22:49:31,015 - INFO - Epoch 06: Loss = 247.1979, Accuracy = 13.58%
2025-07-29 22:49:31,187 - INFO - Epoch 07: Loss = 237.8219, Accuracy = 16.14%
2025-07-29 22:49:31,360 - INFO - Epoch 08: Loss = 229.5372, Accuracy = 17.96%
2025-07-29 22:49:31,532 - INFO - Epoch 09: Loss = 223.1772, Accuracy = 19.78%
2025-07-29 22:49:31,704 - INFO - Epoch 10: Loss = 217.2929, Accuracy = 20.70%
2025-07-29 22:49:31,876 - INFO - Epoch 11: Loss = 212.4976, Accuracy = 21.23%
2025-07-29 22:49:32,051 - INFO - Epoch 12: Loss = 208.1551, Accuracy = 22.27%
2025-07-29 22:49:32,223 - INFO - Epoch 13: Loss = 204.1551, Accuracy = 23.34%
2025-07-29 22:49:32,396 - INFO - Epoch 14: Loss = 201.3432, Accuracy = 24.01%
2025-07-29 22:49:32,568 - INFO - Epoch 15: Loss = 198.0474, Accuracy = 25.50%
2025-07-29 22:49:32,740 - INFO - Epoch 16: Loss = 195.5608, Accuracy = 25.41%
2025-07-29 22:49:32,912 - INFO - Epoch 17: Loss = 191.7074, Accuracy = 26.28%
2025-07-29 22:49:33,084 - INFO - Epoch 18: Loss = 189.2865, Accuracy = 26.16%
2025-07-29 22:49:33,257 - INFO - Epoch 19: Loss = 186.6223, Accuracy = 27.86%
2025-07-29 22:49:33,428 - INFO - Epoch 20: Loss = 184.2571, Accuracy = 29.26%
2025-07-29 22:49:33,600 - INFO - Epoch 21: Loss = 182.1992, Accuracy = 30.22%
2025-07-29 22:49:33,772 - INFO - Epoch 22: Loss = 180.1993, Accuracy = 29.39%
2025-07-29 22:49:33,945 - INFO - Epoch 23: Loss = 177.5590, Accuracy = 30.05%
2025-07-29 22:49:34,119 - INFO - Epoch 24: Loss = 175.5742, Accuracy = 31.13%
2025-07-29 22:49:34,291 - INFO - Epoch 25: Loss = 173.4801, Accuracy = 33.03%
2025-07-29 22:49:34,463 - INFO - Epoch 26: Loss = 171.7934, Accuracy = 32.91%
2025-07-29 22:49:34,635 - INFO - Epoch 27: Loss = 170.3958, Accuracy = 34.23%
2025-07-29 22:49:34,806 - INFO - Epoch 28: Loss = 168.4399, Accuracy = 34.89%
2025-07-29 22:49:34,978 - INFO - Epoch 29: Loss = 166.9413, Accuracy = 35.06%
2025-07-29 22:49:35,152 - INFO - Epoch 30: Loss = 165.2652, Accuracy = 35.35%
2025-07-29 22:49:35,324 - INFO - Epoch 31: Loss = 163.9491, Accuracy = 36.22%
2025-07-29 22:49:35,496 - INFO - Epoch 32: Loss = 161.7701, Accuracy = 36.05%
2025-07-29 22:49:35,667 - INFO - Epoch 33: Loss = 159.9704, Accuracy = 36.88%
2025-07-29 22:49:35,839 - INFO - Epoch 34: Loss = 158.0102, Accuracy = 37.46%
2025-07-29 22:49:36,011 - INFO - Epoch 35: Loss = 156.8406, Accuracy = 37.75%
2025-07-29 22:49:36,183 - INFO - Epoch 36: Loss = 155.4432, Accuracy = 38.04%
2025-07-29 22:49:36,355 - INFO - Epoch 37: Loss = 154.2132, Accuracy = 37.96%
2025-07-29 22:49:36,526 - INFO - Epoch 38: Loss = 152.3304, Accuracy = 39.40%
2025-07-29 22:49:36,698 - INFO - Epoch 39: Loss = 151.1088, Accuracy = 39.28%
2025-07-29 22:49:36,870 - INFO - Epoch 40: Loss = 149.5600, Accuracy = 40.36%
2025-07-29 22:49:37,043 - INFO - Epoch 41: Loss = 148.0722, Accuracy = 41.06%
2025-07-29 22:49:37,216 - INFO - Epoch 42: Loss = 146.9799, Accuracy = 41.27%
2025-07-29 22:49:37,387 - INFO - Epoch 43: Loss = 145.7454, Accuracy = 41.64%
2025-07-29 22:49:37,559 - INFO - Epoch 44: Loss = 144.8402, Accuracy = 42.22%
2025-07-29 22:49:37,730 - INFO - Epoch 45: Loss = 143.3121, Accuracy = 41.97%
2025-07-29 22:49:37,902 - INFO - Epoch 46: Loss = 141.9851, Accuracy = 41.80%
2025-07-29 22:49:38,074 - INFO - Epoch 47: Loss = 140.9781, Accuracy = 43.17%
2025-07-29 22:49:38,246 - INFO - Epoch 48: Loss = 138.9171, Accuracy = 44.54%
2025-07-29 22:49:38,417 - INFO - Epoch 49: Loss = 138.2909, Accuracy = 44.29%
2025-07-29 22:49:38,589 - INFO - Epoch 50: Loss = 136.8201, Accuracy = 45.57%
2025-07-29 22:49:38,761 - INFO - Epoch 51: Loss = 134.7567, Accuracy = 45.74%
2025-07-29 22:49:38,933 - INFO - Epoch 52: Loss = 133.7949, Accuracy = 46.73%
2025-07-29 22:49:39,105 - INFO - Epoch 53: Loss = 133.5369, Accuracy = 45.70%
2025-07-29 22:49:39,277 - INFO - Epoch 54: Loss = 131.4651, Accuracy = 47.52%
2025-07-29 22:49:39,449 - INFO - Epoch 55: Loss = 131.1208, Accuracy = 46.40%
2025-07-29 22:49:39,621 - INFO - Epoch 56: Loss = 129.2371, Accuracy = 47.39%
2025-07-29 22:49:39,793 - INFO - Epoch 57: Loss = 128.3011, Accuracy = 48.30%
2025-07-29 22:49:39,964 - INFO - Epoch 58: Loss = 128.1116, Accuracy = 47.56%
2025-07-29 22:49:40,136 - INFO - Epoch 59: Loss = 126.0053, Accuracy = 48.59%
2025-07-29 22:49:40,308 - INFO - Epoch 60: Loss = 125.4985, Accuracy = 49.67%
2025-07-29 22:49:40,480 - INFO - Epoch 61: Loss = 124.0745, Accuracy = 49.75%
2025-07-29 22:49:40,651 - INFO - Epoch 62: Loss = 123.1807, Accuracy = 50.25%
2025-07-29 22:49:40,823 - INFO - Epoch 63: Loss = 122.1567, Accuracy = 51.28%
2025-07-29 22:49:40,995 - INFO - Epoch 64: Loss = 121.9162, Accuracy = 49.83%
2025-07-29 22:49:41,168 - INFO - Epoch 65: Loss = 120.4344, Accuracy = 51.28%
2025-07-29 22:49:41,340 - INFO - Epoch 66: Loss = 119.1146, Accuracy = 52.07%
2025-07-29 22:49:41,512 - INFO - Epoch 67: Loss = 118.3006, Accuracy = 51.45%
2025-07-29 22:49:41,684 - INFO - Epoch 68: Loss = 116.5077, Accuracy = 52.81%
2025-07-29 22:49:41,856 - INFO - Epoch 69: Loss = 115.9665, Accuracy = 53.44%
2025-07-29 22:49:42,028 - INFO - Epoch 70: Loss = 114.9004, Accuracy = 52.69%
2025-07-29 22:49:42,199 - INFO - Epoch 71: Loss = 114.0982, Accuracy = 52.81%
2025-07-29 22:49:42,371 - INFO - Epoch 72: Loss = 113.3342, Accuracy = 53.52%
2025-07-29 22:49:42,543 - INFO - Epoch 73: Loss = 111.9108, Accuracy = 53.97%
2025-07-29 22:49:42,715 - INFO - Epoch 74: Loss = 110.8648, Accuracy = 54.72%
2025-07-29 22:49:42,887 - INFO - Epoch 75: Loss = 110.7104, Accuracy = 55.55%
2025-07-29 22:49:43,059 - INFO - Epoch 76: Loss = 110.0719, Accuracy = 55.01%
2025-07-29 22:49:43,231 - INFO - Epoch 77: Loss = 108.6319, Accuracy = 55.50%
2025-07-29 22:49:43,403 - INFO - Epoch 78: Loss = 107.5091, Accuracy = 56.62%
2025-07-29 22:49:43,575 - INFO - Epoch 79: Loss = 106.3138, Accuracy = 56.95%
2025-07-29 22:49:43,746 - INFO - Epoch 80: Loss = 105.6074, Accuracy = 57.20%
2025-07-29 22:49:43,918 - INFO - Epoch 81: Loss = 104.7703, Accuracy = 57.41%
2025-07-29 22:49:44,090 - INFO - Epoch 82: Loss = 102.8564, Accuracy = 58.11%
2025-07-29 22:49:44,262 - INFO - Epoch 83: Loss = 102.9669, Accuracy = 58.03%
2025-07-29 22:49:44,434 - INFO - Epoch 84: Loss = 102.4581, Accuracy = 57.74%
2025-07-29 22:49:44,605 - INFO - Epoch 85: Loss = 101.0126, Accuracy = 59.02%
2025-07-29 22:49:44,777 - INFO - Epoch 86: Loss = 100.9352, Accuracy = 58.53%
2025-07-29 22:49:44,949 - INFO - Epoch 87: Loss = 99.0009, Accuracy = 59.56%
2025-07-29 22:49:45,122 - INFO - Epoch 88: Loss = 98.0987, Accuracy = 59.98%
2025-07-29 22:49:45,294 - INFO - Epoch 89: Loss = 96.9751, Accuracy = 60.97%
2025-07-29 22:49:45,466 - INFO - Epoch 90: Loss = 97.2226, Accuracy = 60.31%
2025-07-29 22:49:45,638 - INFO - Epoch 91: Loss = 95.4470, Accuracy = 61.22%
2025-07-29 22:49:45,810 - INFO - Epoch 92: Loss = 95.2353, Accuracy = 61.34%
2025-07-29 22:49:45,981 - INFO - Epoch 93: Loss = 93.9792, Accuracy = 61.71%
2025-07-29 22:49:46,153 - INFO - Epoch 94: Loss = 92.8449, Accuracy = 62.71%
2025-07-29 22:49:46,325 - INFO - Epoch 95: Loss = 91.7533, Accuracy = 63.29%
2025-07-29 22:49:46,497 - INFO - Epoch 96: Loss = 91.2128, Accuracy = 62.91%
2025-07-29 22:49:46,668 - INFO - Epoch 97: Loss = 90.0547, Accuracy = 64.28%
2025-07-29 22:49:46,840 - INFO - Epoch 98: Loss = 89.2307, Accuracy = 63.87%
2025-07-29 22:49:47,012 - INFO - Epoch 99: Loss = 89.0915, Accuracy = 63.62%
2025-07-29 22:49:47,184 - INFO - Epoch 100: Loss = 87.9957, Accuracy = 65.52%
2025-07-29 22:49:47,356 - INFO - Epoch 101: Loss = 87.2572, Accuracy = 64.94%
2025-07-29 22:49:47,528 - INFO - Epoch 102: Loss = 86.4944, Accuracy = 65.36%
2025-07-29 22:49:47,700 - INFO - Epoch 103: Loss = 87.7330, Accuracy = 64.61%
2025-07-29 22:49:47,871 - INFO - Epoch 104: Loss = 84.8483, Accuracy = 65.98%
2025-07-29 22:49:48,043 - INFO - Epoch 105: Loss = 84.4604, Accuracy = 66.51%
2025-07-29 22:49:48,215 - INFO - Epoch 106: Loss = 83.4515, Accuracy = 67.01%
2025-07-29 22:49:48,387 - INFO - Epoch 107: Loss = 82.3118, Accuracy = 67.05%
2025-07-29 22:49:48,559 - INFO - Epoch 108: Loss = 82.0371, Accuracy = 67.88%
2025-07-29 22:49:48,731 - INFO - Epoch 109: Loss = 80.5431, Accuracy = 67.92%
2025-07-29 22:49:48,903 - INFO - Epoch 110: Loss = 80.4120, Accuracy = 67.05%
2025-07-29 22:49:49,076 - INFO - Epoch 111: Loss = 79.6734, Accuracy = 68.34%
2025-07-29 22:49:49,248 - INFO - Epoch 112: Loss = 80.1205, Accuracy = 67.59%
2025-07-29 22:49:49,420 - INFO - Epoch 113: Loss = 77.9740, Accuracy = 68.58%
2025-07-29 22:49:49,591 - INFO - Epoch 114: Loss = 79.3649, Accuracy = 68.17%
2025-07-29 22:49:49,763 - INFO - Epoch 115: Loss = 77.6070, Accuracy = 68.63%
2025-07-29 22:49:49,935 - INFO - Epoch 116: Loss = 77.8707, Accuracy = 69.12%
2025-07-29 22:49:50,107 - INFO - Epoch 117: Loss = 76.5071, Accuracy = 69.29%
2025-07-29 22:49:50,278 - INFO - Epoch 118: Loss = 74.1710, Accuracy = 70.12%
2025-07-29 22:49:50,450 - INFO - Epoch 119: Loss = 73.7770, Accuracy = 70.99%
2025-07-29 22:49:50,623 - INFO - Epoch 120: Loss = 73.2178, Accuracy = 70.65%
2025-07-29 22:49:50,795 - INFO - Epoch 121: Loss = 72.2740, Accuracy = 70.78%
2025-07-29 22:49:50,967 - INFO - Epoch 122: Loss = 71.7058, Accuracy = 72.14%
2025-07-29 22:49:51,138 - INFO - Epoch 123: Loss = 71.3865, Accuracy = 72.48%
2025-07-29 22:49:51,310 - INFO - Epoch 124: Loss = 70.4980, Accuracy = 71.98%
2025-07-29 22:49:51,482 - INFO - Epoch 125: Loss = 70.0520, Accuracy = 72.06%
2025-07-29 22:49:51,654 - INFO - Epoch 126: Loss = 69.0312, Accuracy = 73.22%
2025-07-29 22:49:51,826 - INFO - Epoch 127: Loss = 69.3520, Accuracy = 72.48%
2025-07-29 22:49:51,998 - INFO - Epoch 128: Loss = 68.2217, Accuracy = 74.25%
2025-07-29 22:49:52,170 - INFO - Epoch 129: Loss = 67.8372, Accuracy = 73.34%
2025-07-29 22:49:52,343 - INFO - Epoch 130: Loss = 66.4116, Accuracy = 74.13%
2025-07-29 22:49:52,515 - INFO - Epoch 131: Loss = 66.4614, Accuracy = 73.63%
2025-07-29 22:49:52,687 - INFO - Epoch 132: Loss = 65.6789, Accuracy = 74.34%
2025-07-29 22:49:52,859 - INFO - Epoch 133: Loss = 64.5507, Accuracy = 75.41%
2025-07-29 22:49:53,031 - INFO - Epoch 134: Loss = 64.4375, Accuracy = 74.63%
2025-07-29 22:49:53,203 - INFO - Epoch 135: Loss = 65.9859, Accuracy = 74.54%
2025-07-29 22:49:53,374 - INFO - Epoch 136: Loss = 64.8292, Accuracy = 74.05%
2025-07-29 22:49:53,546 - INFO - Epoch 137: Loss = 62.9130, Accuracy = 74.83%
2025-07-29 22:49:53,718 - INFO - Epoch 138: Loss = 63.3966, Accuracy = 75.29%
2025-07-29 22:49:53,890 - INFO - Epoch 139: Loss = 63.2227, Accuracy = 75.37%
2025-07-29 22:49:54,062 - INFO - Epoch 140: Loss = 62.0845, Accuracy = 76.24%
2025-07-29 22:49:54,234 - INFO - Epoch 141: Loss = 60.8421, Accuracy = 76.57%
2025-07-29 22:49:54,406 - INFO - Epoch 142: Loss = 61.3664, Accuracy = 75.70%
2025-07-29 22:49:54,578 - INFO - Epoch 143: Loss = 60.8307, Accuracy = 76.61%
2025-07-29 22:49:54,749 - INFO - Epoch 144: Loss = 59.0853, Accuracy = 77.11%
2025-07-29 22:49:54,921 - INFO - Epoch 145: Loss = 58.3519, Accuracy = 78.48%
2025-07-29 22:49:55,093 - INFO - Epoch 146: Loss = 57.8531, Accuracy = 78.19%
2025-07-29 22:49:55,266 - INFO - Epoch 147: Loss = 57.6992, Accuracy = 77.81%
2025-07-29 22:49:55,438 - INFO - Epoch 148: Loss = 57.7824, Accuracy = 77.81%
2025-07-29 22:49:55,610 - INFO - Epoch 149: Loss = 56.1852, Accuracy = 78.35%
2025-07-29 22:49:55,782 - INFO - Epoch 150: Loss = 55.9103, Accuracy = 79.22%
2025-07-29 22:49:55,954 - INFO - Epoch 151: Loss = 54.3583, Accuracy = 79.43%
2025-07-29 22:49:56,126 - INFO - Epoch 152: Loss = 54.9670, Accuracy = 78.60%
2025-07-29 22:49:56,298 - INFO - Epoch 153: Loss = 55.7321, Accuracy = 78.31%
2025-07-29 22:49:56,469 - INFO - Epoch 154: Loss = 54.2271, Accuracy = 79.55%
2025-07-29 22:49:56,641 - INFO - Epoch 155: Loss = 54.4883, Accuracy = 79.76%
2025-07-29 22:49:56,813 - INFO - Epoch 156: Loss = 53.4678, Accuracy = 79.35%
2025-07-29 22:49:56,984 - INFO - Epoch 157: Loss = 52.0556, Accuracy = 80.01%
2025-07-29 22:49:57,156 - INFO - Epoch 158: Loss = 51.8303, Accuracy = 79.59%
2025-07-29 22:49:57,328 - INFO - Epoch 159: Loss = 50.0163, Accuracy = 80.84%
2025-07-29 22:49:57,500 - INFO - Epoch 160: Loss = 50.7010, Accuracy = 80.79%
2025-07-29 22:49:57,671 - INFO - Epoch 161: Loss = 50.2218, Accuracy = 81.58%
2025-07-29 22:49:57,843 - INFO - Epoch 162: Loss = 48.8285, Accuracy = 81.46%
2025-07-29 22:49:58,015 - INFO - Epoch 163: Loss = 49.7567, Accuracy = 81.50%
2025-07-29 22:49:58,187 - INFO - Epoch 164: Loss = 48.9249, Accuracy = 81.58%
2025-07-29 22:49:58,359 - INFO - Epoch 165: Loss = 48.2966, Accuracy = 81.95%
2025-07-29 22:49:58,530 - INFO - Epoch 166: Loss = 47.1110, Accuracy = 81.79%
2025-07-29 22:49:58,702 - INFO - Epoch 167: Loss = 48.8596, Accuracy = 81.13%
2025-07-29 22:49:58,874 - INFO - Epoch 168: Loss = 47.1985, Accuracy = 82.53%
2025-07-29 22:49:59,045 - INFO - Epoch 169: Loss = 47.9091, Accuracy = 82.33%
2025-07-29 22:49:59,217 - INFO - Epoch 170: Loss = 46.2782, Accuracy = 82.49%
2025-07-29 22:49:59,388 - INFO - Epoch 171: Loss = 46.1743, Accuracy = 82.49%
2025-07-29 22:49:59,561 - INFO - Epoch 172: Loss = 45.5425, Accuracy = 83.20%
2025-07-29 22:49:59,734 - INFO - Epoch 173: Loss = 45.7122, Accuracy = 83.15%
2025-07-29 22:49:59,906 - INFO - Epoch 174: Loss = 45.6281, Accuracy = 83.20%
2025-07-29 22:50:00,077 - INFO - Epoch 175: Loss = 44.4313, Accuracy = 83.32%
2025-07-29 22:50:00,249 - INFO - Epoch 176: Loss = 42.9986, Accuracy = 84.11%
2025-07-29 22:50:00,421 - INFO - Epoch 177: Loss = 43.5382, Accuracy = 84.06%
2025-07-29 22:50:00,593 - INFO - Epoch 178: Loss = 42.9100, Accuracy = 84.19%
2025-07-29 22:50:00,765 - INFO - Epoch 179: Loss = 43.7719, Accuracy = 83.61%
2025-07-29 22:50:00,936 - INFO - Epoch 180: Loss = 41.9497, Accuracy = 84.44%
2025-07-29 22:50:01,108 - INFO - Epoch 181: Loss = 42.6889, Accuracy = 83.65%
2025-07-29 22:50:01,280 - INFO - Epoch 182: Loss = 41.6893, Accuracy = 84.27%
2025-07-29 22:50:01,452 - INFO - Epoch 183: Loss = 41.2371, Accuracy = 85.60%
2025-07-29 22:50:01,623 - INFO - Epoch 184: Loss = 39.6148, Accuracy = 85.35%
2025-07-29 22:50:01,796 - INFO - Epoch 185: Loss = 39.2299, Accuracy = 85.97%
2025-07-29 22:50:01,968 - INFO - Epoch 186: Loss = 40.2182, Accuracy = 84.56%
2025-07-29 22:50:02,140 - INFO - Epoch 187: Loss = 39.0429, Accuracy = 86.05%
2025-07-29 22:50:02,311 - INFO - Epoch 188: Loss = 38.5491, Accuracy = 85.72%
2025-07-29 22:50:02,483 - INFO - Epoch 189: Loss = 40.0018, Accuracy = 85.39%
2025-07-29 22:50:02,655 - INFO - Epoch 190: Loss = 39.0240, Accuracy = 84.98%
2025-07-29 22:50:02,827 - INFO - Epoch 191: Loss = 38.8578, Accuracy = 85.80%
2025-07-29 22:50:02,999 - INFO - Epoch 192: Loss = 38.0365, Accuracy = 85.84%
2025-07-29 22:50:03,170 - INFO - Epoch 193: Loss = 37.4874, Accuracy = 86.63%
2025-07-29 22:50:03,342 - INFO - Epoch 194: Loss = 38.1795, Accuracy = 86.18%
2025-07-29 22:50:03,514 - INFO - Epoch 195: Loss = 36.2478, Accuracy = 86.55%
2025-07-29 22:50:03,685 - INFO - Epoch 196: Loss = 36.5576, Accuracy = 87.38%
2025-07-29 22:50:03,857 - INFO - Epoch 197: Loss = 36.8860, Accuracy = 86.80%
2025-07-29 22:50:04,029 - INFO - Epoch 198: Loss = 35.3986, Accuracy = 87.25%
2025-07-29 22:50:04,201 - INFO - Epoch 199: Loss = 34.8034, Accuracy = 87.58%
2025-07-29 22:50:04,372 - INFO - Epoch 200: Loss = 34.5325, Accuracy = 87.71%
2025-07-29 22:50:04,544 - INFO - Epoch 201: Loss = 34.7881, Accuracy = 87.38%
2025-07-29 22:50:04,717 - INFO - Epoch 202: Loss = 33.8367, Accuracy = 87.71%
2025-07-29 22:50:04,889 - INFO - Epoch 203: Loss = 34.8041, Accuracy = 87.50%
2025-07-29 22:50:05,061 - INFO - Epoch 204: Loss = 34.3854, Accuracy = 87.13%
2025-07-29 22:50:05,233 - INFO - Epoch 205: Loss = 33.3228, Accuracy = 88.66%
2025-07-29 22:50:05,404 - INFO - Epoch 206: Loss = 31.8225, Accuracy = 89.16%
2025-07-29 22:50:05,576 - INFO - Epoch 207: Loss = 31.8080, Accuracy = 88.99%
2025-07-29 22:50:05,748 - INFO - Epoch 208: Loss = 32.5812, Accuracy = 88.33%
2025-07-29 22:50:05,920 - INFO - Epoch 209: Loss = 32.1115, Accuracy = 88.16%
2025-07-29 22:50:06,092 - INFO - Epoch 210: Loss = 32.1716, Accuracy = 88.99%
2025-07-29 22:50:06,264 - INFO - Epoch 211: Loss = 30.7402, Accuracy = 89.11%
2025-07-29 22:50:06,435 - INFO - Epoch 212: Loss = 32.3428, Accuracy = 88.37%
2025-07-29 22:50:06,607 - INFO - Epoch 213: Loss = 32.7279, Accuracy = 87.91%
2025-07-29 22:50:06,779 - INFO - Epoch 214: Loss = 31.4841, Accuracy = 88.91%
2025-07-29 22:50:06,951 - INFO - Epoch 215: Loss = 29.6425, Accuracy = 89.69%
2025-07-29 22:50:07,123 - INFO - Epoch 216: Loss = 30.8264, Accuracy = 89.28%
2025-07-29 22:50:07,294 - INFO - Epoch 217: Loss = 29.1081, Accuracy = 89.90%
2025-07-29 22:50:07,466 - INFO - Epoch 218: Loss = 30.1325, Accuracy = 89.53%
2025-07-29 22:50:07,638 - INFO - Epoch 219: Loss = 29.2662, Accuracy = 89.98%
2025-07-29 22:50:07,811 - INFO - Epoch 220: Loss = 30.6080, Accuracy = 88.87%
2025-07-29 22:50:07,982 - INFO - Epoch 221: Loss = 29.4706, Accuracy = 89.24%
2025-07-29 22:50:08,154 - INFO - Epoch 222: Loss = 29.0523, Accuracy = 90.11%
2025-07-29 22:50:08,326 - INFO - Epoch 223: Loss = 29.9216, Accuracy = 89.98%
2025-07-29 22:50:08,498 - INFO - Epoch 224: Loss = 27.3555, Accuracy = 90.77%
2025-07-29 22:50:08,669 - INFO - Epoch 225: Loss = 27.5043, Accuracy = 90.60%
2025-07-29 22:50:08,841 - INFO - Epoch 226: Loss = 27.5802, Accuracy = 91.23%
2025-07-29 22:50:09,013 - INFO - Epoch 227: Loss = 26.9841, Accuracy = 90.94%
2025-07-29 22:50:09,184 - INFO - Epoch 228: Loss = 28.1474, Accuracy = 91.18%
2025-07-29 22:50:09,356 - INFO - Epoch 229: Loss = 26.9106, Accuracy = 90.56%
2025-07-29 22:50:09,528 - INFO - Epoch 230: Loss = 27.2846, Accuracy = 90.52%
2025-07-29 22:50:09,699 - INFO - Epoch 231: Loss = 26.2203, Accuracy = 91.43%
2025-07-29 22:50:09,871 - INFO - Epoch 232: Loss = 25.3706, Accuracy = 91.47%
2025-07-29 22:50:10,043 - INFO - Epoch 233: Loss = 26.6154, Accuracy = 90.81%
2025-07-29 22:50:10,215 - INFO - Epoch 234: Loss = 25.8615, Accuracy = 91.31%
2025-07-29 22:50:10,387 - INFO - Epoch 235: Loss = 25.5015, Accuracy = 92.18%
2025-07-29 22:50:10,560 - INFO - Epoch 236: Loss = 25.9326, Accuracy = 91.47%
2025-07-29 22:50:10,732 - INFO - Epoch 237: Loss = 24.8798, Accuracy = 91.76%
2025-07-29 22:50:10,904 - INFO - Epoch 238: Loss = 24.3490, Accuracy = 92.18%
2025-07-29 22:50:11,075 - INFO - Epoch 239: Loss = 25.8375, Accuracy = 91.27%
2025-07-29 22:50:11,247 - INFO - Epoch 240: Loss = 24.5180, Accuracy = 92.09%
2025-07-29 22:50:11,419 - INFO - Epoch 241: Loss = 24.2702, Accuracy = 92.43%
2025-07-29 22:50:11,591 - INFO - Epoch 242: Loss = 22.6023, Accuracy = 92.51%
2025-07-29 22:50:11,762 - INFO - Epoch 243: Loss = 22.6524, Accuracy = 92.43%
2025-07-29 22:50:11,934 - INFO - Epoch 244: Loss = 24.0182, Accuracy = 91.97%
2025-07-29 22:50:12,106 - INFO - Epoch 245: Loss = 22.5827, Accuracy = 92.59%
2025-07-29 22:50:12,278 - INFO - Epoch 246: Loss = 23.2789, Accuracy = 92.59%
2025-07-29 22:50:12,449 - INFO - Epoch 247: Loss = 23.4536, Accuracy = 92.34%
2025-07-29 22:50:12,621 - INFO - Epoch 248: Loss = 22.5442, Accuracy = 93.17%
2025-07-29 22:50:12,793 - INFO - Epoch 249: Loss = 20.9001, Accuracy = 93.58%
2025-07-29 22:50:12,965 - INFO - Epoch 250: Loss = 21.7067, Accuracy = 93.21%
2025-07-29 22:50:13,137 - INFO - Epoch 251: Loss = 20.9073, Accuracy = 93.46%
2025-07-29 22:50:13,308 - INFO - Epoch 252: Loss = 21.6119, Accuracy = 93.05%
2025-07-29 22:50:13,481 - INFO - Epoch 253: Loss = 20.7202, Accuracy = 94.04%
2025-07-29 22:50:13,653 - INFO - Epoch 254: Loss = 21.2488, Accuracy = 93.05%
2025-07-29 22:50:13,824 - INFO - Epoch 255: Loss = 22.1135, Accuracy = 93.00%
2025-07-29 22:50:13,996 - INFO - Epoch 256: Loss = 22.0164, Accuracy = 92.92%
2025-07-29 22:50:13,999 - INFO - [Gradient Period 25 Run 1] Training time: 47.40s
2025-07-29 22:50:14,708 - INFO - ✅ Regular Evaluation Accuracy: 50.94%
2025-07-29 22:50:14,780 - INFO - ✅ Regular Evaluation Top-5 Accuracy: 83.37%
2025-07-29 22:50:14,813 - INFO - ✅ Regular Evaluation Accuracy: 30.77%
2025-07-29 22:50:14,827 - INFO - ✅ Regular Evaluation Top-5 Accuracy: 69.23%
2025-07-29 22:50:15,304 - INFO - ✅ Regular Evaluation Accuracy: 6.86%
2025-07-29 22:50:15,315 - INFO - ✅ Regular Evaluation Top-5 Accuracy: 28.43%
2025-07-29 22:50:15,315 - INFO - Nuts
2025-07-29 22:50:15,739 - INFO - ✅ Regular Evaluation Accuracy: 49.51%
2025-07-29 22:50:15,750 - INFO - ✅ Regular Evaluation Top-5 Accuracy: 81.55%
2025-07-29 22:50:15,751 - INFO - Spices
2025-07-29 22:50:16,176 - INFO - ✅ Regular Evaluation Accuracy: 52.63%
2025-07-29 22:50:16,186 - INFO - ✅ Regular Evaluation Top-5 Accuracy: 86.32%
2025-07-29 22:50:16,186 - INFO - Herbs
2025-07-29 22:50:16,610 - INFO - ✅ Regular Evaluation Accuracy: 38.14%
2025-07-29 22:50:16,621 - INFO - ✅ Regular Evaluation Top-5 Accuracy: 70.10%
2025-07-29 22:50:16,621 - INFO - Fruits
2025-07-29 22:50:17,049 - INFO - ✅ Regular Evaluation Accuracy: 58.51%
2025-07-29 22:50:17,059 - INFO - ✅ Regular Evaluation Top-5 Accuracy: 87.23%
2025-07-29 22:50:17,059 - INFO - Vegetables
2025-07-29 22:50:17,483 - INFO - ✅ Regular Evaluation Accuracy: 56.52%
2025-07-29 22:50:17,492 - INFO - ✅ Regular Evaluation Top-5 Accuracy: 92.39%
2025-07-29 22:50:17,494 - INFO - [Gradient Period 25 Run 2] Starting
2025-07-29 22:50:18,746 - INFO - Training on device: cuda
2025-07-29 22:50:18,921 - INFO - Epoch 01: Loss = 296.1278, Accuracy = 3.97%
2025-07-29 22:50:19,095 - INFO - Epoch 02: Loss = 292.6185, Accuracy = 8.77%
2025-07-29 22:50:19,269 - INFO - Epoch 03: Loss = 285.9252, Accuracy = 8.53%
2025-07-29 22:50:19,443 - INFO - Epoch 04: Loss = 272.3500, Accuracy = 8.61%
2025-07-29 22:50:19,616 - INFO - Epoch 05: Loss = 258.3907, Accuracy = 11.34%
2025-07-29 22:50:19,792 - INFO - Epoch 06: Loss = 246.9384, Accuracy = 11.88%
2025-07-29 22:50:19,965 - INFO - Epoch 07: Loss = 237.2958, Accuracy = 12.54%
2025-07-29 22:50:20,139 - INFO - Epoch 08: Loss = 229.2780, Accuracy = 13.99%
2025-07-29 22:50:20,313 - INFO - Epoch 09: Loss = 223.1867, Accuracy = 16.60%
2025-07-29 22:50:20,486 - INFO - Epoch 10: Loss = 217.3015, Accuracy = 18.67%
2025-07-29 22:50:20,660 - INFO - Epoch 11: Loss = 212.4948, Accuracy = 20.65%
2025-07-29 22:50:20,833 - INFO - Epoch 12: Loss = 208.3829, Accuracy = 21.19%
2025-07-29 22:50:21,007 - INFO - Epoch 13: Loss = 204.2798, Accuracy = 22.97%
2025-07-29 22:50:21,180 - INFO - Epoch 14: Loss = 200.2718, Accuracy = 25.29%
2025-07-29 22:50:21,354 - INFO - Epoch 15: Loss = 197.2317, Accuracy = 25.75%
2025-07-29 22:50:21,528 - INFO - Epoch 16: Loss = 193.4041, Accuracy = 26.78%
2025-07-29 22:50:21,702 - INFO - Epoch 17: Loss = 190.3708, Accuracy = 27.32%
2025-07-29 22:50:21,876 - INFO - Epoch 18: Loss = 187.3460, Accuracy = 27.28%
2025-07-29 22:50:22,049 - INFO - Epoch 19: Loss = 185.0446, Accuracy = 28.19%
2025-07-29 22:50:22,223 - INFO - Epoch 20: Loss = 182.2817, Accuracy = 28.68%
2025-07-29 22:50:22,396 - INFO - Epoch 21: Loss = 179.7244, Accuracy = 29.43%
2025-07-29 22:50:22,569 - INFO - Epoch 22: Loss = 177.7805, Accuracy = 29.51%
2025-07-29 22:50:22,743 - INFO - Epoch 23: Loss = 175.4576, Accuracy = 29.97%
2025-07-29 22:50:22,916 - INFO - Epoch 24: Loss = 173.2481, Accuracy = 31.25%
2025-07-29 22:50:23,090 - INFO - Epoch 25: Loss = 170.7536, Accuracy = 31.75%
2025-07-29 22:50:23,263 - INFO - Epoch 26: Loss = 168.9965, Accuracy = 32.99%
2025-07-29 22:50:23,437 - INFO - Epoch 27: Loss = 167.0987, Accuracy = 33.53%
2025-07-29 22:50:23,610 - INFO - Epoch 28: Loss = 165.8026, Accuracy = 34.11%
2025-07-29 22:50:23,783 - INFO - Epoch 29: Loss = 163.9372, Accuracy = 33.98%
2025-07-29 22:50:23,957 - INFO - Epoch 30: Loss = 161.7773, Accuracy = 34.93%
2025-07-29 22:50:24,130 - INFO - Epoch 31: Loss = 160.2337, Accuracy = 34.60%
2025-07-29 22:50:24,304 - INFO - Epoch 32: Loss = 158.9739, Accuracy = 36.09%
2025-07-29 22:50:24,477 - INFO - Epoch 33: Loss = 157.0949, Accuracy = 35.26%
2025-07-29 22:50:24,650 - INFO - Epoch 34: Loss = 155.7118, Accuracy = 36.92%
2025-07-29 22:50:24,823 - INFO - Epoch 35: Loss = 154.4506, Accuracy = 36.96%
2025-07-29 22:50:24,997 - INFO - Epoch 36: Loss = 153.1947, Accuracy = 37.58%
2025-07-29 22:50:25,172 - INFO - Epoch 37: Loss = 151.4555, Accuracy = 38.20%
2025-07-29 22:50:25,346 - INFO - Epoch 38: Loss = 149.6435, Accuracy = 39.32%
2025-07-29 22:50:25,519 - INFO - Epoch 39: Loss = 148.7440, Accuracy = 39.86%
2025-07-29 22:50:25,693 - INFO - Epoch 40: Loss = 147.4002, Accuracy = 39.28%
2025-07-29 22:50:25,866 - INFO - Epoch 41: Loss = 146.0779, Accuracy = 40.02%
2025-07-29 22:50:26,039 - INFO - Epoch 42: Loss = 144.9010, Accuracy = 40.27%
2025-07-29 22:50:26,213 - INFO - Epoch 43: Loss = 143.8540, Accuracy = 40.52%
2025-07-29 22:50:26,386 - INFO - Epoch 44: Loss = 142.5092, Accuracy = 41.97%
2025-07-29 22:50:26,560 - INFO - Epoch 45: Loss = 141.1664, Accuracy = 42.09%
2025-07-29 22:50:26,733 - INFO - Epoch 46: Loss = 139.3788, Accuracy = 42.84%
2025-07-29 22:50:26,906 - INFO - Epoch 47: Loss = 138.5949, Accuracy = 42.34%
2025-07-29 22:50:27,080 - INFO - Epoch 48: Loss = 137.8267, Accuracy = 43.46%
2025-07-29 22:50:27,253 - INFO - Epoch 49: Loss = 137.2130, Accuracy = 43.34%
2025-07-29 22:50:27,426 - INFO - Epoch 50: Loss = 135.2701, Accuracy = 43.63%
2025-07-29 22:50:27,599 - INFO - Epoch 51: Loss = 134.9174, Accuracy = 44.78%
2025-07-29 22:50:27,773 - INFO - Epoch 52: Loss = 132.9537, Accuracy = 45.70%
2025-07-29 22:50:27,946 - INFO - Epoch 53: Loss = 131.4144, Accuracy = 46.03%
2025-07-29 22:50:28,119 - INFO - Epoch 54: Loss = 131.2309, Accuracy = 46.40%
2025-07-29 22:50:28,292 - INFO - Epoch 55: Loss = 129.9839, Accuracy = 47.23%
2025-07-29 22:50:28,465 - INFO - Epoch 56: Loss = 129.7150, Accuracy = 46.98%
2025-07-29 22:50:28,639 - INFO - Epoch 57: Loss = 127.7590, Accuracy = 48.30%
2025-07-29 22:50:28,812 - INFO - Epoch 58: Loss = 126.4152, Accuracy = 48.80%
2025-07-29 22:50:28,986 - INFO - Epoch 59: Loss = 125.9305, Accuracy = 49.38%
2025-07-29 22:50:29,159 - INFO - Epoch 60: Loss = 124.9878, Accuracy = 48.72%
2025-07-29 22:50:29,332 - INFO - Epoch 61: Loss = 123.5439, Accuracy = 49.83%
2025-07-29 22:50:29,505 - INFO - Epoch 62: Loss = 122.6188, Accuracy = 51.03%
2025-07-29 22:50:29,679 - INFO - Epoch 63: Loss = 122.5566, Accuracy = 50.12%
2025-07-29 22:50:29,852 - INFO - Epoch 64: Loss = 121.0137, Accuracy = 50.87%
2025-07-29 22:50:30,025 - INFO - Epoch 65: Loss = 119.7815, Accuracy = 51.08%
2025-07-29 22:50:30,198 - INFO - Epoch 66: Loss = 118.8938, Accuracy = 52.28%
2025-07-29 22:50:30,372 - INFO - Epoch 67: Loss = 117.8748, Accuracy = 52.03%
2025-07-29 22:50:30,545 - INFO - Epoch 68: Loss = 116.8070, Accuracy = 52.61%
2025-07-29 22:50:30,718 - INFO - Epoch 69: Loss = 116.6384, Accuracy = 52.48%
2025-07-29 22:50:30,891 - INFO - Epoch 70: Loss = 115.0113, Accuracy = 54.06%
2025-07-29 22:50:31,064 - INFO - Epoch 71: Loss = 114.5121, Accuracy = 53.48%
2025-07-29 22:50:31,237 - INFO - Epoch 72: Loss = 113.3553, Accuracy = 53.64%
2025-07-29 22:50:31,410 - INFO - Epoch 73: Loss = 112.9304, Accuracy = 54.14%
2025-07-29 22:50:31,583 - INFO - Epoch 74: Loss = 112.6396, Accuracy = 54.01%
2025-07-29 22:50:31,757 - INFO - Epoch 75: Loss = 110.9021, Accuracy = 54.18%
2025-07-29 22:50:31,930 - INFO - Epoch 76: Loss = 110.1588, Accuracy = 54.80%
2025-07-29 22:50:32,103 - INFO - Epoch 77: Loss = 108.7940, Accuracy = 56.13%
2025-07-29 22:50:32,276 - INFO - Epoch 78: Loss = 108.6375, Accuracy = 56.58%
2025-07-29 22:50:32,449 - INFO - Epoch 79: Loss = 106.9083, Accuracy = 56.62%
2025-07-29 22:50:32,623 - INFO - Epoch 80: Loss = 107.3081, Accuracy = 55.88%
2025-07-29 22:50:32,796 - INFO - Epoch 81: Loss = 105.4827, Accuracy = 57.37%
2025-07-29 22:50:32,969 - INFO - Epoch 82: Loss = 104.2991, Accuracy = 57.49%
2025-07-29 22:50:33,142 - INFO - Epoch 83: Loss = 104.0537, Accuracy = 57.41%
2025-07-29 22:50:33,315 - INFO - Epoch 84: Loss = 103.3618, Accuracy = 57.74%
2025-07-29 22:50:33,489 - INFO - Epoch 85: Loss = 102.4456, Accuracy = 57.70%
2025-07-29 22:50:33,662 - INFO - Epoch 86: Loss = 102.1422, Accuracy = 58.44%
2025-07-29 22:50:33,837 - INFO - Epoch 87: Loss = 100.5342, Accuracy = 58.69%
2025-07-29 22:50:34,010 - INFO - Epoch 88: Loss = 99.6454, Accuracy = 58.73%
2025-07-29 22:50:34,184 - INFO - Epoch 89: Loss = 98.2756, Accuracy = 59.77%
2025-07-29 22:50:34,357 - INFO - Epoch 90: Loss = 98.0860, Accuracy = 59.23%
2025-07-29 22:50:34,530 - INFO - Epoch 91: Loss = 97.8692, Accuracy = 59.35%
2025-07-29 22:50:34,703 - INFO - Epoch 92: Loss = 97.1310, Accuracy = 59.93%
2025-07-29 22:50:34,877 - INFO - Epoch 93: Loss = 96.1665, Accuracy = 60.89%
2025-07-29 22:50:35,050 - INFO - Epoch 94: Loss = 95.4761, Accuracy = 61.13%
2025-07-29 22:50:35,223 - INFO - Epoch 95: Loss = 94.9209, Accuracy = 61.92%
2025-07-29 22:50:35,396 - INFO - Epoch 96: Loss = 94.8344, Accuracy = 60.68%
2025-07-29 22:50:35,569 - INFO - Epoch 97: Loss = 93.6032, Accuracy = 61.84%
2025-07-29 22:50:35,742 - INFO - Epoch 98: Loss = 93.1168, Accuracy = 62.21%
2025-07-29 22:50:35,916 - INFO - Epoch 99: Loss = 91.5082, Accuracy = 62.21%
2025-07-29 22:50:36,089 - INFO - Epoch 100: Loss = 90.8561, Accuracy = 62.79%
2025-07-29 22:50:36,262 - INFO - Epoch 101: Loss = 90.1964, Accuracy = 62.54%
2025-07-29 22:50:36,435 - INFO - Epoch 102: Loss = 90.5064, Accuracy = 61.88%
2025-07-29 22:50:36,608 - INFO - Epoch 103: Loss = 88.8444, Accuracy = 63.04%
2025-07-29 22:50:36,781 - INFO - Epoch 104: Loss = 86.9549, Accuracy = 64.74%
2025-07-29 22:50:36,954 - INFO - Epoch 105: Loss = 87.4080, Accuracy = 63.62%
2025-07-29 22:50:37,128 - INFO - Epoch 106: Loss = 86.7923, Accuracy = 63.87%
2025-07-29 22:50:37,301 - INFO - Epoch 107: Loss = 86.5333, Accuracy = 63.62%
2025-07-29 22:50:37,474 - INFO - Epoch 108: Loss = 85.2885, Accuracy = 64.90%
2025-07-29 22:50:37,647 - INFO - Epoch 109: Loss = 84.5359, Accuracy = 65.11%
2025-07-29 22:50:37,820 - INFO - Epoch 110: Loss = 85.0470, Accuracy = 64.94%
2025-07-29 22:50:37,993 - INFO - Epoch 111: Loss = 83.5971, Accuracy = 65.07%
2025-07-29 22:50:38,166 - INFO - Epoch 112: Loss = 82.7616, Accuracy = 65.15%
2025-07-29 22:50:38,339 - INFO - Epoch 113: Loss = 83.6199, Accuracy = 64.94%
2025-07-29 22:50:38,512 - INFO - Epoch 114: Loss = 82.0869, Accuracy = 66.39%
2025-07-29 22:50:38,686 - INFO - Epoch 115: Loss = 81.0130, Accuracy = 65.94%
2025-07-29 22:50:38,859 - INFO - Epoch 116: Loss = 80.9346, Accuracy = 65.19%
2025-07-29 22:50:39,032 - INFO - Epoch 117: Loss = 80.6641, Accuracy = 66.43%
2025-07-29 22:50:39,206 - INFO - Epoch 118: Loss = 79.5866, Accuracy = 66.76%
2025-07-29 22:50:39,379 - INFO - Epoch 119: Loss = 79.1074, Accuracy = 67.67%
2025-07-29 22:50:39,552 - INFO - Epoch 120: Loss = 77.7881, Accuracy = 68.25%
2025-07-29 22:50:39,725 - INFO - Epoch 121: Loss = 77.6285, Accuracy = 67.55%
2025-07-29 22:50:39,898 - INFO - Epoch 122: Loss = 75.9989, Accuracy = 68.38%
2025-07-29 22:50:40,071 - INFO - Epoch 123: Loss = 76.1463, Accuracy = 67.88%
2025-07-29 22:50:40,244 - INFO - Epoch 124: Loss = 75.4665, Accuracy = 68.83%
2025-07-29 22:50:40,417 - INFO - Epoch 125: Loss = 76.2448, Accuracy = 68.21%
2025-07-29 22:50:40,590 - INFO - Epoch 126: Loss = 75.2355, Accuracy = 68.46%
2025-07-29 22:50:40,763 - INFO - Epoch 127: Loss = 74.5107, Accuracy = 69.00%
2025-07-29 22:50:40,936 - INFO - Epoch 128: Loss = 74.6470, Accuracy = 69.04%
2025-07-29 22:50:41,109 - INFO - Epoch 129: Loss = 72.6058, Accuracy = 69.25%
2025-07-29 22:50:41,283 - INFO - Epoch 130: Loss = 71.4700, Accuracy = 69.87%
2025-07-29 22:50:41,456 - INFO - Epoch 131: Loss = 70.8312, Accuracy = 70.07%
2025-07-29 22:50:41,629 - INFO - Epoch 132: Loss = 70.6104, Accuracy = 70.65%
2025-07-29 22:50:41,802 - INFO - Epoch 133: Loss = 70.1987, Accuracy = 70.82%
2025-07-29 22:50:41,975 - INFO - Epoch 134: Loss = 70.2680, Accuracy = 70.45%
2025-07-29 22:50:42,148 - INFO - Epoch 135: Loss = 69.8348, Accuracy = 71.36%
2025-07-29 22:50:42,321 - INFO - Epoch 136: Loss = 67.8807, Accuracy = 71.69%
2025-07-29 22:50:42,494 - INFO - Epoch 137: Loss = 68.8602, Accuracy = 70.90%
2025-07-29 22:50:42,667 - INFO - Epoch 138: Loss = 70.4023, Accuracy = 71.03%
2025-07-29 22:50:42,840 - INFO - Epoch 139: Loss = 67.1263, Accuracy = 71.85%
2025-07-29 22:50:43,013 - INFO - Epoch 140: Loss = 66.8722, Accuracy = 72.06%
2025-07-29 22:50:43,187 - INFO - Epoch 141: Loss = 67.5519, Accuracy = 72.27%
2025-07-29 22:50:43,360 - INFO - Epoch 142: Loss = 65.5584, Accuracy = 72.81%
2025-07-29 22:50:43,533 - INFO - Epoch 143: Loss = 65.6274, Accuracy = 72.93%
2025-07-29 22:50:43,706 - INFO - Epoch 144: Loss = 65.5019, Accuracy = 73.55%
2025-07-29 22:50:43,879 - INFO - Epoch 145: Loss = 64.6909, Accuracy = 73.43%
2025-07-29 22:50:44,052 - INFO - Epoch 146: Loss = 64.1494, Accuracy = 74.13%
2025-07-29 22:50:44,225 - INFO - Epoch 147: Loss = 63.5702, Accuracy = 74.25%
2025-07-29 22:50:44,398 - INFO - Epoch 148: Loss = 63.9901, Accuracy = 73.63%
2025-07-29 22:50:44,571 - INFO - Epoch 149: Loss = 62.2673, Accuracy = 74.79%
2025-07-29 22:50:44,744 - INFO - Epoch 150: Loss = 62.9097, Accuracy = 74.50%
2025-07-29 22:50:44,917 - INFO - Epoch 151: Loss = 61.4112, Accuracy = 74.67%
2025-07-29 22:50:45,090 - INFO - Epoch 152: Loss = 61.7802, Accuracy = 74.71%
2025-07-29 22:50:45,263 - INFO - Epoch 153: Loss = 60.0508, Accuracy = 76.20%
2025-07-29 22:50:45,437 - INFO - Epoch 154: Loss = 60.5622, Accuracy = 75.62%
2025-07-29 22:50:45,610 - INFO - Epoch 155: Loss = 62.6010, Accuracy = 74.79%
2025-07-29 22:50:45,783 - INFO - Epoch 156: Loss = 60.3246, Accuracy = 75.91%
2025-07-29 22:50:45,956 - INFO - Epoch 157: Loss = 59.3725, Accuracy = 76.53%
2025-07-29 22:50:46,131 - INFO - Epoch 158: Loss = 59.8302, Accuracy = 75.75%
2025-07-29 22:50:46,305 - INFO - Epoch 159: Loss = 57.8913, Accuracy = 77.40%
2025-07-29 22:50:46,478 - INFO - Epoch 160: Loss = 58.4947, Accuracy = 76.61%
2025-07-29 22:50:46,652 - INFO - Epoch 161: Loss = 58.5506, Accuracy = 76.74%
2025-07-29 22:50:46,825 - INFO - Epoch 162: Loss = 57.0967, Accuracy = 77.03%
2025-07-29 22:50:46,998 - INFO - Epoch 163: Loss = 55.8525, Accuracy = 78.27%
2025-07-29 22:50:47,171 - INFO - Epoch 164: Loss = 57.1154, Accuracy = 77.24%
2025-07-29 22:50:47,344 - INFO - Epoch 165: Loss = 55.3993, Accuracy = 78.19%
2025-07-29 22:50:47,517 - INFO - Epoch 166: Loss = 56.7300, Accuracy = 78.15%
2025-07-29 22:50:47,690 - INFO - Epoch 167: Loss = 55.1929, Accuracy = 77.94%
2025-07-29 22:50:47,864 - INFO - Epoch 168: Loss = 54.4800, Accuracy = 78.56%
2025-07-29 22:50:48,037 - INFO - Epoch 169: Loss = 53.4581, Accuracy = 78.52%
2025-07-29 22:50:48,210 - INFO - Epoch 170: Loss = 54.0835, Accuracy = 79.06%
2025-07-29 22:50:48,383 - INFO - Epoch 171: Loss = 53.8702, Accuracy = 78.68%
2025-07-29 22:50:48,556 - INFO - Epoch 172: Loss = 53.9768, Accuracy = 78.44%
2025-07-29 22:50:48,729 - INFO - Epoch 173: Loss = 52.2624, Accuracy = 79.47%
2025-07-29 22:50:48,902 - INFO - Epoch 174: Loss = 52.6909, Accuracy = 79.59%
2025-07-29 22:50:49,075 - INFO - Epoch 175: Loss = 51.3642, Accuracy = 80.38%
2025-07-29 22:50:49,249 - INFO - Epoch 176: Loss = 51.7054, Accuracy = 79.80%
2025-07-29 22:50:49,422 - INFO - Epoch 177: Loss = 50.1239, Accuracy = 80.96%
2025-07-29 22:50:49,595 - INFO - Epoch 178: Loss = 50.3187, Accuracy = 80.42%
2025-07-29 22:50:49,768 - INFO - Epoch 179: Loss = 51.3270, Accuracy = 79.72%
2025-07-29 22:50:49,941 - INFO - Epoch 180: Loss = 51.3876, Accuracy = 79.97%
2025-07-29 22:50:50,114 - INFO - Epoch 181: Loss = 49.9627, Accuracy = 80.38%
2025-07-29 22:50:50,287 - INFO - Epoch 182: Loss = 49.5710, Accuracy = 80.50%
2025-07-29 22:50:50,461 - INFO - Epoch 183: Loss = 48.6881, Accuracy = 81.17%
2025-07-29 22:50:50,634 - INFO - Epoch 184: Loss = 47.2714, Accuracy = 81.66%
2025-07-29 22:50:50,807 - INFO - Epoch 185: Loss = 47.2766, Accuracy = 81.87%
2025-07-29 22:50:50,980 - INFO - Epoch 186: Loss = 48.2318, Accuracy = 81.04%
2025-07-29 22:50:51,154 - INFO - Epoch 187: Loss = 46.6360, Accuracy = 82.57%
2025-07-29 22:50:51,327 - INFO - Epoch 188: Loss = 47.5190, Accuracy = 81.66%
2025-07-29 22:50:51,500 - INFO - Epoch 189: Loss = 47.4189, Accuracy = 81.87%
2025-07-29 22:50:51,673 - INFO - Epoch 190: Loss = 46.2502, Accuracy = 82.78%
2025-07-29 22:50:51,846 - INFO - Epoch 191: Loss = 45.4913, Accuracy = 82.66%
2025-07-29 22:50:52,019 - INFO - Epoch 192: Loss = 47.7028, Accuracy = 81.50%
2025-07-29 22:50:52,192 - INFO - Epoch 193: Loss = 45.6730, Accuracy = 81.95%
2025-07-29 22:50:52,365 - INFO - Epoch 194: Loss = 44.3799, Accuracy = 82.78%
2025-07-29 22:50:52,539 - INFO - Epoch 195: Loss = 43.6571, Accuracy = 83.49%
2025-07-29 22:50:52,712 - INFO - Epoch 196: Loss = 44.0989, Accuracy = 83.32%
2025-07-29 22:50:52,885 - INFO - Epoch 197: Loss = 44.2627, Accuracy = 83.28%
2025-07-29 22:50:53,057 - INFO - Epoch 198: Loss = 43.1653, Accuracy = 83.07%
2025-07-29 22:50:53,230 - INFO - Epoch 199: Loss = 42.3981, Accuracy = 84.11%
2025-07-29 22:50:53,404 - INFO - Epoch 200: Loss = 42.9021, Accuracy = 84.48%
2025-07-29 22:50:53,577 - INFO - Epoch 201: Loss = 43.6388, Accuracy = 83.77%
2025-07-29 22:50:53,750 - INFO - Epoch 202: Loss = 41.2276, Accuracy = 85.14%
2025-07-29 22:50:53,924 - INFO - Epoch 203: Loss = 41.2114, Accuracy = 84.23%
2025-07-29 22:50:54,097 - INFO - Epoch 204: Loss = 40.8427, Accuracy = 84.56%
2025-07-29 22:50:54,270 - INFO - Epoch 205: Loss = 42.7702, Accuracy = 83.36%
2025-07-29 22:50:54,443 - INFO - Epoch 206: Loss = 39.6233, Accuracy = 85.26%
2025-07-29 22:50:54,616 - INFO - Epoch 207: Loss = 41.7700, Accuracy = 84.44%
2025-07-29 22:50:54,789 - INFO - Epoch 208: Loss = 39.8663, Accuracy = 85.26%
2025-07-29 22:50:54,962 - INFO - Epoch 209: Loss = 39.9328, Accuracy = 85.10%
2025-07-29 22:50:55,135 - INFO - Epoch 210: Loss = 38.2800, Accuracy = 85.84%
2025-07-29 22:50:55,308 - INFO - Epoch 211: Loss = 39.1888, Accuracy = 85.51%
2025-07-29 22:50:55,481 - INFO - Epoch 212: Loss = 37.5118, Accuracy = 86.05%
2025-07-29 22:50:55,654 - INFO - Epoch 213: Loss = 38.6221, Accuracy = 86.26%
2025-07-29 22:50:55,827 - INFO - Epoch 214: Loss = 40.2322, Accuracy = 84.52%
2025-07-29 22:50:56,000 - INFO - Epoch 215: Loss = 38.1279, Accuracy = 86.67%
2025-07-29 22:50:56,174 - INFO - Epoch 216: Loss = 40.0505, Accuracy = 85.10%
2025-07-29 22:50:56,347 - INFO - Epoch 217: Loss = 40.0868, Accuracy = 85.84%
2025-07-29 22:50:56,520 - INFO - Epoch 218: Loss = 38.8857, Accuracy = 85.55%
2025-07-29 22:50:56,693 - INFO - Epoch 219: Loss = 36.2083, Accuracy = 86.71%
2025-07-29 22:50:56,866 - INFO - Epoch 220: Loss = 37.7153, Accuracy = 86.84%
2025-07-29 22:50:57,039 - INFO - Epoch 221: Loss = 36.5984, Accuracy = 86.63%
2025-07-29 22:50:57,212 - INFO - Epoch 222: Loss = 36.2304, Accuracy = 86.75%
2025-07-29 22:50:57,386 - INFO - Epoch 223: Loss = 35.7150, Accuracy = 87.50%
2025-07-29 22:50:57,559 - INFO - Epoch 224: Loss = 36.1848, Accuracy = 86.75%
2025-07-29 22:50:57,732 - INFO - Epoch 225: Loss = 35.0829, Accuracy = 87.13%
2025-07-29 22:50:57,905 - INFO - Epoch 226: Loss = 33.8713, Accuracy = 87.42%
2025-07-29 22:50:58,078 - INFO - Epoch 227: Loss = 35.1699, Accuracy = 87.38%
2025-07-29 22:50:58,251 - INFO - Epoch 228: Loss = 35.5393, Accuracy = 87.58%
2025-07-29 22:50:58,424 - INFO - Epoch 229: Loss = 34.0015, Accuracy = 87.96%
2025-07-29 22:50:58,597 - INFO - Epoch 230: Loss = 33.5955, Accuracy = 88.08%
2025-07-29 22:50:58,770 - INFO - Epoch 231: Loss = 32.1306, Accuracy = 88.66%
2025-07-29 22:50:58,943 - INFO - Epoch 232: Loss = 32.7328, Accuracy = 88.74%
2025-07-29 22:50:59,116 - INFO - Epoch 233: Loss = 34.3718, Accuracy = 86.92%
2025-07-29 22:50:59,289 - INFO - Epoch 234: Loss = 32.5362, Accuracy = 88.74%
2025-07-29 22:50:59,463 - INFO - Epoch 235: Loss = 30.9753, Accuracy = 89.28%
2025-07-29 22:50:59,636 - INFO - Epoch 236: Loss = 31.4908, Accuracy = 89.11%
2025-07-29 22:50:59,809 - INFO - Epoch 237: Loss = 31.4965, Accuracy = 88.87%
2025-07-29 22:50:59,982 - INFO - Epoch 238: Loss = 31.0436, Accuracy = 89.03%
2025-07-29 22:51:00,155 - INFO - Epoch 239: Loss = 30.2740, Accuracy = 89.65%
2025-07-29 22:51:00,328 - INFO - Epoch 240: Loss = 32.0022, Accuracy = 88.66%
2025-07-29 22:51:00,501 - INFO - Epoch 241: Loss = 31.6713, Accuracy = 88.95%
2025-07-29 22:51:00,674 - INFO - Epoch 242: Loss = 30.4801, Accuracy = 89.36%
2025-07-29 22:51:00,847 - INFO - Epoch 243: Loss = 30.9136, Accuracy = 88.74%
2025-07-29 22:51:01,020 - INFO - Epoch 244: Loss = 30.6668, Accuracy = 89.69%
2025-07-29 22:51:01,193 - INFO - Epoch 245: Loss = 30.2998, Accuracy = 89.45%
2025-07-29 22:51:01,366 - INFO - Epoch 246: Loss = 30.1175, Accuracy = 89.45%
2025-07-29 22:51:01,539 - INFO - Epoch 247: Loss = 28.6926, Accuracy = 89.90%
2025-07-29 22:51:01,712 - INFO - Epoch 248: Loss = 27.8254, Accuracy = 90.56%
2025-07-29 22:51:01,886 - INFO - Epoch 249: Loss = 30.7922, Accuracy = 88.99%
2025-07-29 22:51:02,059 - INFO - Epoch 250: Loss = 28.5031, Accuracy = 89.98%
2025-07-29 22:51:02,232 - INFO - Epoch 251: Loss = 27.8212, Accuracy = 90.31%
2025-07-29 22:51:02,405 - INFO - Epoch 252: Loss = 27.6842, Accuracy = 90.52%
2025-07-29 22:51:02,578 - INFO - Epoch 253: Loss = 27.4485, Accuracy = 90.73%
2025-07-29 22:51:02,752 - INFO - Epoch 254: Loss = 26.4592, Accuracy = 90.98%
2025-07-29 22:51:02,925 - INFO - Epoch 255: Loss = 26.7794, Accuracy = 90.27%
2025-07-29 22:51:03,098 - INFO - Epoch 256: Loss = 26.8888, Accuracy = 90.89%
2025-07-29 22:51:03,100 - INFO - [Gradient Period 25 Run 2] Training time: 45.61s
2025-07-29 22:51:03,739 - INFO - ✅ Regular Evaluation Accuracy: 50.31%
2025-07-29 22:51:03,784 - INFO - ✅ Regular Evaluation Top-5 Accuracy: 86.49%
2025-07-29 22:51:03,816 - INFO - ✅ Regular Evaluation Accuracy: 33.85%
2025-07-29 22:51:03,830 - INFO - ✅ Regular Evaluation Top-5 Accuracy: 70.77%
2025-07-29 22:51:04,315 - INFO - ✅ Regular Evaluation Accuracy: 7.84%
2025-07-29 22:51:04,326 - INFO - ✅ Regular Evaluation Top-5 Accuracy: 23.53%
2025-07-29 22:51:04,326 - INFO - Nuts
2025-07-29 22:51:04,754 - INFO - ✅ Regular Evaluation Accuracy: 43.69%
2025-07-29 22:51:04,766 - INFO - ✅ Regular Evaluation Top-5 Accuracy: 77.67%
2025-07-29 22:51:04,766 - INFO - Spices
2025-07-29 22:51:05,183 - INFO - ✅ Regular Evaluation Accuracy: 51.58%
2025-07-29 22:51:05,193 - INFO - ✅ Regular Evaluation Top-5 Accuracy: 90.53%
2025-07-29 22:51:05,193 - INFO - Herbs
2025-07-29 22:51:05,620 - INFO - ✅ Regular Evaluation Accuracy: 49.48%
2025-07-29 22:51:05,631 - INFO - ✅ Regular Evaluation Top-5 Accuracy: 89.69%
2025-07-29 22:51:05,631 - INFO - Fruits
2025-07-29 22:51:06,056 - INFO - ✅ Regular Evaluation Accuracy: 61.70%
2025-07-29 22:51:06,065 - INFO - ✅ Regular Evaluation Top-5 Accuracy: 87.23%
2025-07-29 22:51:06,065 - INFO - Vegetables
2025-07-29 22:51:06,489 - INFO - ✅ Regular Evaluation Accuracy: 45.65%
2025-07-29 22:51:06,498 - INFO - ✅ Regular Evaluation Top-5 Accuracy: 88.04%
2025-07-29 22:51:06,499 - INFO - [Gradient Period 25 Run 3] Starting
2025-07-29 22:51:07,633 - INFO - Training on device: cuda
2025-07-29 22:51:07,811 - INFO - Epoch 01: Loss = 296.5359, Accuracy = 3.23%
2025-07-29 22:51:07,987 - INFO - Epoch 02: Loss = 293.5432, Accuracy = 4.47%
2025-07-29 22:51:08,163 - INFO - Epoch 03: Loss = 288.0292, Accuracy = 6.58%
2025-07-29 22:51:08,338 - INFO - Epoch 04: Loss = 276.7941, Accuracy = 9.48%
2025-07-29 22:51:08,514 - INFO - Epoch 05: Loss = 262.2478, Accuracy = 10.14%
2025-07-29 22:51:08,690 - INFO - Epoch 06: Loss = 249.4504, Accuracy = 12.87%
2025-07-29 22:51:08,866 - INFO - Epoch 07: Loss = 239.8477, Accuracy = 13.99%
2025-07-29 22:51:09,041 - INFO - Epoch 08: Loss = 231.9812, Accuracy = 15.31%
2025-07-29 22:51:09,217 - INFO - Epoch 09: Loss = 225.4331, Accuracy = 16.18%
2025-07-29 22:51:09,393 - INFO - Epoch 10: Loss = 220.3673, Accuracy = 18.29%
2025-07-29 22:51:09,569 - INFO - Epoch 11: Loss = 215.4949, Accuracy = 20.41%
2025-07-29 22:51:09,744 - INFO - Epoch 12: Loss = 211.4331, Accuracy = 19.91%
2025-07-29 22:51:09,920 - INFO - Epoch 13: Loss = 207.8422, Accuracy = 21.98%
2025-07-29 22:51:10,096 - INFO - Epoch 14: Loss = 204.3025, Accuracy = 23.34%
2025-07-29 22:51:10,274 - INFO - Epoch 15: Loss = 201.4215, Accuracy = 24.50%
2025-07-29 22:51:10,452 - INFO - Epoch 16: Loss = 198.7633, Accuracy = 24.88%
2025-07-29 22:51:10,628 - INFO - Epoch 17: Loss = 195.5193, Accuracy = 25.58%
2025-07-29 22:51:10,805 - INFO - Epoch 18: Loss = 192.5001, Accuracy = 27.32%
2025-07-29 22:51:10,980 - INFO - Epoch 19: Loss = 190.1833, Accuracy = 27.52%
2025-07-29 22:51:11,156 - INFO - Epoch 20: Loss = 187.2792, Accuracy = 27.90%
2025-07-29 22:51:11,332 - INFO - Epoch 21: Loss = 185.4360, Accuracy = 29.18%
2025-07-29 22:51:11,508 - INFO - Epoch 22: Loss = 182.4096, Accuracy = 29.97%
2025-07-29 22:51:11,684 - INFO - Epoch 23: Loss = 180.3834, Accuracy = 30.88%
2025-07-29 22:51:11,860 - INFO - Epoch 24: Loss = 178.0578, Accuracy = 32.16%
2025-07-29 22:51:12,036 - INFO - Epoch 25: Loss = 175.7726, Accuracy = 32.86%
2025-07-29 22:51:12,212 - INFO - Epoch 26: Loss = 173.5141, Accuracy = 33.28%
2025-07-29 22:51:12,388 - INFO - Epoch 27: Loss = 171.6041, Accuracy = 34.44%
2025-07-29 22:51:12,565 - INFO - Epoch 28: Loss = 169.3556, Accuracy = 34.19%
2025-07-29 22:51:12,741 - INFO - Epoch 29: Loss = 167.1606, Accuracy = 34.69%
2025-07-29 22:51:12,916 - INFO - Epoch 30: Loss = 165.4075, Accuracy = 34.98%
2025-07-29 22:51:13,092 - INFO - Epoch 31: Loss = 163.3171, Accuracy = 36.13%
2025-07-29 22:51:13,268 - INFO - Epoch 32: Loss = 161.8456, Accuracy = 35.72%
2025-07-29 22:51:13,444 - INFO - Epoch 33: Loss = 159.6694, Accuracy = 36.42%
2025-07-29 22:51:13,620 - INFO - Epoch 34: Loss = 158.9196, Accuracy = 37.58%
2025-07-29 22:51:13,796 - INFO - Epoch 35: Loss = 156.1046, Accuracy = 37.21%
2025-07-29 22:51:13,972 - INFO - Epoch 36: Loss = 154.4823, Accuracy = 38.12%
2025-07-29 22:51:14,148 - INFO - Epoch 37: Loss = 152.7827, Accuracy = 38.49%
2025-07-29 22:51:14,324 - INFO - Epoch 38: Loss = 151.1650, Accuracy = 38.62%
2025-07-29 22:51:14,500 - INFO - Epoch 39: Loss = 149.6441, Accuracy = 39.36%
2025-07-29 22:51:14,676 - INFO - Epoch 40: Loss = 148.0929, Accuracy = 40.44%
2025-07-29 22:51:14,852 - INFO - Epoch 41: Loss = 146.4456, Accuracy = 40.40%
2025-07-29 22:51:15,028 - INFO - Epoch 42: Loss = 145.1527, Accuracy = 40.73%
2025-07-29 22:51:15,204 - INFO - Epoch 43: Loss = 143.2627, Accuracy = 41.02%
2025-07-29 22:51:15,379 - INFO - Epoch 44: Loss = 142.3142, Accuracy = 40.98%
2025-07-29 22:51:15,555 - INFO - Epoch 45: Loss = 140.7497, Accuracy = 42.14%
2025-07-29 22:51:15,731 - INFO - Epoch 46: Loss = 138.8027, Accuracy = 43.29%
2025-07-29 22:51:15,907 - INFO - Epoch 47: Loss = 137.5720, Accuracy = 42.92%
2025-07-29 22:51:16,082 - INFO - Epoch 48: Loss = 136.2154, Accuracy = 43.92%
2025-07-29 22:51:16,258 - INFO - Epoch 49: Loss = 134.9315, Accuracy = 44.08%
2025-07-29 22:51:16,434 - INFO - Epoch 50: Loss = 132.9904, Accuracy = 44.41%
2025-07-29 22:51:16,612 - INFO - Epoch 51: Loss = 131.8654, Accuracy = 45.53%
2025-07-29 22:51:16,788 - INFO - Epoch 52: Loss = 131.0198, Accuracy = 44.62%
2025-07-29 22:51:16,964 - INFO - Epoch 53: Loss = 129.9535, Accuracy = 46.27%
2025-07-29 22:51:17,140 - INFO - Epoch 54: Loss = 128.2345, Accuracy = 47.23%
2025-07-29 22:51:17,316 - INFO - Epoch 55: Loss = 127.1794, Accuracy = 46.48%
2025-07-29 22:51:17,492 - INFO - Epoch 56: Loss = 125.6869, Accuracy = 48.18%
2025-07-29 22:51:17,667 - INFO - Epoch 57: Loss = 124.0193, Accuracy = 48.39%
2025-07-29 22:51:17,844 - INFO - Epoch 58: Loss = 123.4081, Accuracy = 48.26%
2025-07-29 22:51:18,019 - INFO - Epoch 59: Loss = 122.5580, Accuracy = 49.21%
2025-07-29 22:51:18,195 - INFO - Epoch 60: Loss = 120.4021, Accuracy = 50.04%
2025-07-29 22:51:18,371 - INFO - Epoch 61: Loss = 119.7508, Accuracy = 50.87%
2025-07-29 22:51:18,547 - INFO - Epoch 62: Loss = 119.5373, Accuracy = 50.70%
2025-07-29 22:51:18,723 - INFO - Epoch 63: Loss = 117.4494, Accuracy = 50.29%
2025-07-29 22:51:18,899 - INFO - Epoch 64: Loss = 116.3976, Accuracy = 51.99%
2025-07-29 22:51:19,075 - INFO - Epoch 65: Loss = 115.2608, Accuracy = 51.95%
2025-07-29 22:51:19,250 - INFO - Epoch 66: Loss = 113.8693, Accuracy = 51.99%
2025-07-29 22:51:19,426 - INFO - Epoch 67: Loss = 113.1015, Accuracy = 53.23%
2025-07-29 22:51:19,603 - INFO - Epoch 68: Loss = 111.9835, Accuracy = 53.89%
2025-07-29 22:51:19,778 - INFO - Epoch 69: Loss = 110.7567, Accuracy = 53.44%
2025-07-29 22:51:19,954 - INFO - Epoch 70: Loss = 110.3397, Accuracy = 53.15%
2025-07-29 22:51:20,131 - INFO - Epoch 71: Loss = 109.2893, Accuracy = 54.93%
2025-07-29 22:51:20,306 - INFO - Epoch 72: Loss = 107.6794, Accuracy = 55.67%
2025-07-29 22:51:20,482 - INFO - Epoch 73: Loss = 106.5365, Accuracy = 55.71%
2025-07-29 22:51:20,658 - INFO - Epoch 74: Loss = 105.9775, Accuracy = 55.96%
2025-07-29 22:51:20,834 - INFO - Epoch 75: Loss = 105.2418, Accuracy = 56.08%
2025-07-29 22:51:21,010 - INFO - Epoch 76: Loss = 104.2228, Accuracy = 56.50%
2025-07-29 22:51:21,186 - INFO - Epoch 77: Loss = 103.1144, Accuracy = 57.04%
2025-07-29 22:51:21,362 - INFO - Epoch 78: Loss = 102.4657, Accuracy = 57.78%
2025-07-29 22:51:21,538 - INFO - Epoch 79: Loss = 101.0451, Accuracy = 58.20%
2025-07-29 22:51:21,714 - INFO - Epoch 80: Loss = 99.7963, Accuracy = 57.91%
2025-07-29 22:51:21,890 - INFO - Epoch 81: Loss = 98.6439, Accuracy = 57.78%
2025-07-29 22:51:22,066 - INFO - Epoch 82: Loss = 98.6280, Accuracy = 59.56%
2025-07-29 22:51:22,242 - INFO - Epoch 83: Loss = 97.4089, Accuracy = 59.19%
2025-07-29 22:51:22,418 - INFO - Epoch 84: Loss = 97.0040, Accuracy = 59.31%
2025-07-29 22:51:22,595 - INFO - Epoch 85: Loss = 96.3425, Accuracy = 59.93%
2025-07-29 22:51:22,771 - INFO - Epoch 86: Loss = 95.4575, Accuracy = 60.51%
2025-07-29 22:51:22,946 - INFO - Epoch 87: Loss = 94.3439, Accuracy = 60.72%
2025-07-29 22:51:23,122 - INFO - Epoch 88: Loss = 93.9475, Accuracy = 61.42%
2025-07-29 22:51:23,298 - INFO - Epoch 89: Loss = 92.1828, Accuracy = 61.80%
2025-07-29 22:51:23,476 - INFO - Epoch 90: Loss = 93.5547, Accuracy = 60.72%
2025-07-29 22:51:23,652 - INFO - Epoch 91: Loss = 91.9669, Accuracy = 62.50%
2025-07-29 22:51:23,828 - INFO - Epoch 92: Loss = 90.5881, Accuracy = 62.00%
2025-07-29 22:51:24,004 - INFO - Epoch 93: Loss = 90.1239, Accuracy = 61.51%
2025-07-29 22:51:24,180 - INFO - Epoch 94: Loss = 89.5028, Accuracy = 62.67%
2025-07-29 22:51:24,356 - INFO - Epoch 95: Loss = 88.3910, Accuracy = 63.16%
2025-07-29 22:51:24,532 - INFO - Epoch 96: Loss = 88.9946, Accuracy = 63.12%
2025-07-29 22:51:24,708 - INFO - Epoch 97: Loss = 87.2597, Accuracy = 64.20%
2025-07-29 22:51:24,883 - INFO - Epoch 98: Loss = 85.6283, Accuracy = 64.16%
2025-07-29 22:51:25,060 - INFO - Epoch 99: Loss = 85.6050, Accuracy = 64.94%
2025-07-29 22:51:25,235 - INFO - Epoch 100: Loss = 84.4004, Accuracy = 65.89%
2025-07-29 22:51:25,411 - INFO - Epoch 101: Loss = 83.8778, Accuracy = 65.60%
2025-07-29 22:51:25,588 - INFO - Epoch 102: Loss = 83.7667, Accuracy = 65.89%
2025-07-29 22:51:25,763 - INFO - Epoch 103: Loss = 82.1069, Accuracy = 66.23%
2025-07-29 22:51:25,940 - INFO - Epoch 104: Loss = 83.0679, Accuracy = 65.65%
2025-07-29 22:51:26,116 - INFO - Epoch 105: Loss = 80.9452, Accuracy = 66.97%
2025-07-29 22:51:26,292 - INFO - Epoch 106: Loss = 80.0221, Accuracy = 67.47%
2025-07-29 22:51:26,467 - INFO - Epoch 107: Loss = 79.6817, Accuracy = 67.09%
2025-07-29 22:51:26,643 - INFO - Epoch 108: Loss = 79.9940, Accuracy = 66.31%
2025-07-29 22:51:26,819 - INFO - Epoch 109: Loss = 78.8493, Accuracy = 67.47%
2025-07-29 22:51:26,995 - INFO - Epoch 110: Loss = 77.5685, Accuracy = 67.67%
2025-07-29 22:51:27,170 - INFO - Epoch 111: Loss = 76.9692, Accuracy = 68.05%
2025-07-29 22:51:27,346 - INFO - Epoch 112: Loss = 76.1305, Accuracy = 68.46%
2025-07-29 22:51:27,522 - INFO - Epoch 113: Loss = 76.2280, Accuracy = 68.67%
2025-07-29 22:51:27,698 - INFO - Epoch 114: Loss = 75.0269, Accuracy = 69.04%
2025-07-29 22:51:27,874 - INFO - Epoch 115: Loss = 74.4322, Accuracy = 69.33%
2025-07-29 22:51:28,050 - INFO - Epoch 116: Loss = 73.1971, Accuracy = 69.62%
2025-07-29 22:51:28,226 - INFO - Epoch 117: Loss = 73.2538, Accuracy = 69.74%
2025-07-29 22:51:28,402 - INFO - Epoch 118: Loss = 73.4671, Accuracy = 69.45%
2025-07-29 22:51:28,578 - INFO - Epoch 119: Loss = 72.0265, Accuracy = 70.74%
2025-07-29 22:51:28,753 - INFO - Epoch 120: Loss = 71.6111, Accuracy = 70.36%
2025-07-29 22:51:28,929 - INFO - Epoch 121: Loss = 70.6765, Accuracy = 71.27%
2025-07-29 22:51:29,105 - INFO - Epoch 122: Loss = 70.0914, Accuracy = 71.27%
2025-07-29 22:51:29,281 - INFO - Epoch 123: Loss = 70.2435, Accuracy = 70.86%
2025-07-29 22:51:29,457 - INFO - Epoch 124: Loss = 68.9938, Accuracy = 72.02%
2025-07-29 22:51:29,632 - INFO - Epoch 125: Loss = 68.5967, Accuracy = 71.69%
2025-07-29 22:51:29,808 - INFO - Epoch 126: Loss = 67.6624, Accuracy = 72.02%
2025-07-29 22:51:29,984 - INFO - Epoch 127: Loss = 67.8373, Accuracy = 71.85%
2025-07-29 22:51:30,160 - INFO - Epoch 128: Loss = 68.0478, Accuracy = 72.19%
2025-07-29 22:51:30,336 - INFO - Epoch 129: Loss = 67.0443, Accuracy = 72.31%
2025-07-29 22:51:30,512 - INFO - Epoch 130: Loss = 66.2667, Accuracy = 73.18%
2025-07-29 22:51:30,687 - INFO - Epoch 131: Loss = 65.2630, Accuracy = 72.85%
2025-07-29 22:51:30,863 - INFO - Epoch 132: Loss = 64.8874, Accuracy = 73.72%
2025-07-29 22:51:31,039 - INFO - Epoch 133: Loss = 64.4387, Accuracy = 73.55%
2025-07-29 22:51:31,215 - INFO - Epoch 134: Loss = 63.3506, Accuracy = 74.17%
2025-07-29 22:51:31,391 - INFO - Epoch 135: Loss = 63.1249, Accuracy = 74.09%
2025-07-29 22:51:31,567 - INFO - Epoch 136: Loss = 62.6047, Accuracy = 74.25%
2025-07-29 22:51:31,742 - INFO - Epoch 137: Loss = 62.0198, Accuracy = 74.79%
2025-07-29 22:51:31,918 - INFO - Epoch 138: Loss = 63.1298, Accuracy = 74.34%
2025-07-29 22:51:32,094 - INFO - Epoch 139: Loss = 61.6660, Accuracy = 75.08%
2025-07-29 22:51:32,270 - INFO - Epoch 140: Loss = 60.8260, Accuracy = 75.50%
2025-07-29 22:51:32,446 - INFO - Epoch 141: Loss = 61.0858, Accuracy = 75.58%
2025-07-29 22:51:32,622 - INFO - Epoch 142: Loss = 59.8753, Accuracy = 75.79%
2025-07-29 22:51:32,797 - INFO - Epoch 143: Loss = 59.5085, Accuracy = 76.32%
2025-07-29 22:51:32,973 - INFO - Epoch 144: Loss = 58.0996, Accuracy = 76.99%
2025-07-29 22:51:33,149 - INFO - Epoch 145: Loss = 59.2645, Accuracy = 76.16%
2025-07-29 22:51:33,325 - INFO - Epoch 146: Loss = 58.2124, Accuracy = 76.86%
2025-07-29 22:51:33,500 - INFO - Epoch 147: Loss = 58.6012, Accuracy = 76.12%
2025-07-29 22:51:33,676 - INFO - Epoch 148: Loss = 57.0065, Accuracy = 77.28%
2025-07-29 22:51:33,852 - INFO - Epoch 149: Loss = 56.5842, Accuracy = 78.19%
2025-07-29 22:51:34,028 - INFO - Epoch 150: Loss = 56.5742, Accuracy = 77.36%
2025-07-29 22:51:34,204 - INFO - Epoch 151: Loss = 57.5224, Accuracy = 77.11%
2025-07-29 22:51:34,380 - INFO - Epoch 152: Loss = 55.6650, Accuracy = 77.94%
2025-07-29 22:51:34,556 - INFO - Epoch 153: Loss = 55.7170, Accuracy = 77.57%
2025-07-29 22:51:34,732 - INFO - Epoch 154: Loss = 54.8234, Accuracy = 78.73%
2025-07-29 22:51:34,908 - INFO - Epoch 155: Loss = 55.0895, Accuracy = 77.94%
2025-07-29 22:51:35,083 - INFO - Epoch 156: Loss = 54.0331, Accuracy = 79.10%
2025-07-29 22:51:35,259 - INFO - Epoch 157: Loss = 53.0294, Accuracy = 78.64%
2025-07-29 22:51:35,435 - INFO - Epoch 158: Loss = 52.6467, Accuracy = 79.72%
2025-07-29 22:51:35,611 - INFO - Epoch 159: Loss = 53.0676, Accuracy = 78.77%
2025-07-29 22:51:35,787 - INFO - Epoch 160: Loss = 51.1709, Accuracy = 79.26%
2025-07-29 22:51:35,963 - INFO - Epoch 161: Loss = 51.9892, Accuracy = 79.51%
2025-07-29 22:51:36,139 - INFO - Epoch 162: Loss = 51.7283, Accuracy = 80.05%
2025-07-29 22:51:36,314 - INFO - Epoch 163: Loss = 50.7943, Accuracy = 80.63%
2025-07-29 22:51:36,490 - INFO - Epoch 164: Loss = 49.6507, Accuracy = 80.79%
2025-07-29 22:51:36,666 - INFO - Epoch 165: Loss = 48.9758, Accuracy = 81.29%
2025-07-29 22:51:36,842 - INFO - Epoch 166: Loss = 49.6698, Accuracy = 80.71%
2025-07-29 22:51:37,018 - INFO - Epoch 167: Loss = 49.3257, Accuracy = 81.21%
2025-07-29 22:51:37,194 - INFO - Epoch 168: Loss = 48.9457, Accuracy = 81.13%
2025-07-29 22:51:37,370 - INFO - Epoch 169: Loss = 48.7058, Accuracy = 80.92%
2025-07-29 22:51:37,546 - INFO - Epoch 170: Loss = 49.8425, Accuracy = 79.88%
2025-07-29 22:51:37,721 - INFO - Epoch 171: Loss = 48.8576, Accuracy = 81.17%
2025-07-29 22:51:37,897 - INFO - Epoch 172: Loss = 46.8417, Accuracy = 81.95%
2025-07-29 22:51:38,073 - INFO - Epoch 173: Loss = 47.1099, Accuracy = 81.58%
2025-07-29 22:51:38,249 - INFO - Epoch 174: Loss = 47.5474, Accuracy = 81.58%
2025-07-29 22:51:38,425 - INFO - Epoch 175: Loss = 46.2644, Accuracy = 82.04%
2025-07-29 22:51:38,601 - INFO - Epoch 176: Loss = 46.4603, Accuracy = 82.24%
2025-07-29 22:51:38,777 - INFO - Epoch 177: Loss = 45.2046, Accuracy = 82.62%
2025-07-29 22:51:38,953 - INFO - Epoch 178: Loss = 44.6336, Accuracy = 82.78%
2025-07-29 22:51:39,129 - INFO - Epoch 179: Loss = 43.3838, Accuracy = 83.28%
2025-07-29 22:51:39,305 - INFO - Epoch 180: Loss = 42.8821, Accuracy = 84.73%
2025-07-29 22:51:39,480 - INFO - Epoch 181: Loss = 43.1536, Accuracy = 83.61%
2025-07-29 22:51:39,656 - INFO - Epoch 182: Loss = 43.0281, Accuracy = 84.40%
2025-07-29 22:51:39,835 - INFO - Epoch 183: Loss = 43.0334, Accuracy = 83.57%
2025-07-29 22:51:40,011 - INFO - Epoch 184: Loss = 42.2884, Accuracy = 83.24%
2025-07-29 22:51:40,187 - INFO - Epoch 185: Loss = 41.6241, Accuracy = 84.31%
2025-07-29 22:51:40,364 - INFO - Epoch 186: Loss = 42.9616, Accuracy = 84.27%
2025-07-29 22:51:40,540 - INFO - Epoch 187: Loss = 41.4639, Accuracy = 84.27%
2025-07-29 22:51:40,716 - INFO - Epoch 188: Loss = 40.5950, Accuracy = 84.44%
2025-07-29 22:51:40,892 - INFO - Epoch 189: Loss = 41.1721, Accuracy = 83.69%
2025-07-29 22:51:41,068 - INFO - Epoch 190: Loss = 41.0154, Accuracy = 84.35%
2025-07-29 22:51:41,244 - INFO - Epoch 191: Loss = 39.7572, Accuracy = 85.02%
2025-07-29 22:51:41,420 - INFO - Epoch 192: Loss = 39.7991, Accuracy = 85.60%
2025-07-29 22:51:41,596 - INFO - Epoch 193: Loss = 39.4368, Accuracy = 85.22%
2025-07-29 22:51:41,772 - INFO - Epoch 194: Loss = 39.2323, Accuracy = 86.30%
2025-07-29 22:51:41,947 - INFO - Epoch 195: Loss = 39.3062, Accuracy = 85.60%
2025-07-29 22:51:42,123 - INFO - Epoch 196: Loss = 39.4490, Accuracy = 84.81%
2025-07-29 22:51:42,300 - INFO - Epoch 197: Loss = 37.7876, Accuracy = 86.01%
2025-07-29 22:51:42,475 - INFO - Epoch 198: Loss = 38.0951, Accuracy = 85.39%
2025-07-29 22:51:42,652 - INFO - Epoch 199: Loss = 38.0686, Accuracy = 85.76%
2025-07-29 22:51:42,827 - INFO - Epoch 200: Loss = 37.3158, Accuracy = 85.89%
2025-07-29 22:51:43,003 - INFO - Epoch 201: Loss = 37.3875, Accuracy = 86.63%
2025-07-29 22:51:43,179 - INFO - Epoch 202: Loss = 37.4052, Accuracy = 85.26%
2025-07-29 22:51:43,355 - INFO - Epoch 203: Loss = 35.9515, Accuracy = 86.42%
2025-07-29 22:51:43,531 - INFO - Epoch 204: Loss = 35.0397, Accuracy = 87.04%
2025-07-29 22:51:43,707 - INFO - Epoch 205: Loss = 35.5892, Accuracy = 87.29%
2025-07-29 22:51:43,883 - INFO - Epoch 206: Loss = 37.2602, Accuracy = 86.09%
2025-07-29 22:51:44,059 - INFO - Epoch 207: Loss = 35.3653, Accuracy = 87.00%
2025-07-29 22:51:44,235 - INFO - Epoch 208: Loss = 35.6891, Accuracy = 86.63%
2025-07-29 22:51:44,411 - INFO - Epoch 209: Loss = 35.3762, Accuracy = 87.21%
2025-07-29 22:51:44,587 - INFO - Epoch 210: Loss = 34.9906, Accuracy = 86.71%
2025-07-29 22:51:44,763 - INFO - Epoch 211: Loss = 34.7959, Accuracy = 87.00%
2025-07-29 22:51:44,938 - INFO - Epoch 212: Loss = 34.5875, Accuracy = 87.29%
2025-07-29 22:51:45,115 - INFO - Epoch 213: Loss = 34.5969, Accuracy = 87.96%
2025-07-29 22:51:45,291 - INFO - Epoch 214: Loss = 33.9333, Accuracy = 87.75%
2025-07-29 22:51:45,467 - INFO - Epoch 215: Loss = 33.9849, Accuracy = 88.00%
2025-07-29 22:51:45,643 - INFO - Epoch 216: Loss = 33.9116, Accuracy = 88.29%
2025-07-29 22:51:45,819 - INFO - Epoch 217: Loss = 33.1292, Accuracy = 87.96%
2025-07-29 22:51:45,995 - INFO - Epoch 218: Loss = 32.5280, Accuracy = 88.53%
2025-07-29 22:51:46,171 - INFO - Epoch 219: Loss = 32.9672, Accuracy = 87.87%
2025-07-29 22:51:46,347 - INFO - Epoch 220: Loss = 31.6296, Accuracy = 88.45%
2025-07-29 22:51:46,522 - INFO - Epoch 221: Loss = 31.4726, Accuracy = 88.45%
2025-07-29 22:51:46,698 - INFO - Epoch 222: Loss = 32.0759, Accuracy = 88.41%
2025-07-29 22:51:46,874 - INFO - Epoch 223: Loss = 31.0674, Accuracy = 88.53%
2025-07-29 22:51:47,050 - INFO - Epoch 224: Loss = 31.0611, Accuracy = 88.87%
2025-07-29 22:51:47,226 - INFO - Epoch 225: Loss = 32.4514, Accuracy = 88.33%
2025-07-29 22:51:47,402 - INFO - Epoch 226: Loss = 29.7036, Accuracy = 88.99%
2025-07-29 22:51:47,578 - INFO - Epoch 227: Loss = 30.4104, Accuracy = 88.08%
2025-07-29 22:51:47,754 - INFO - Epoch 228: Loss = 29.7215, Accuracy = 89.45%
2025-07-29 22:51:47,930 - INFO - Epoch 229: Loss = 30.0841, Accuracy = 89.40%
2025-07-29 22:51:48,106 - INFO - Epoch 230: Loss = 29.8388, Accuracy = 89.16%
2025-07-29 22:51:48,282 - INFO - Epoch 231: Loss = 27.8571, Accuracy = 90.52%
2025-07-29 22:51:48,458 - INFO - Epoch 232: Loss = 31.6644, Accuracy = 88.16%
2025-07-29 22:51:48,634 - INFO - Epoch 233: Loss = 29.6839, Accuracy = 89.40%
2025-07-29 22:51:48,810 - INFO - Epoch 234: Loss = 28.6716, Accuracy = 89.49%
2025-07-29 22:51:48,986 - INFO - Epoch 235: Loss = 27.8672, Accuracy = 90.44%
2025-07-29 22:51:49,162 - INFO - Epoch 236: Loss = 30.7470, Accuracy = 88.95%
2025-07-29 22:51:49,338 - INFO - Epoch 237: Loss = 28.8589, Accuracy = 89.61%
2025-07-29 22:51:49,514 - INFO - Epoch 238: Loss = 28.8909, Accuracy = 90.27%
2025-07-29 22:51:49,690 - INFO - Epoch 239: Loss = 27.3540, Accuracy = 90.60%
2025-07-29 22:51:49,866 - INFO - Epoch 240: Loss = 27.0347, Accuracy = 90.65%
2025-07-29 22:51:50,042 - INFO - Epoch 241: Loss = 27.0145, Accuracy = 90.65%
2025-07-29 22:51:50,218 - INFO - Epoch 242: Loss = 26.6496, Accuracy = 91.02%
2025-07-29 22:51:50,393 - INFO - Epoch 243: Loss = 24.8196, Accuracy = 91.60%
2025-07-29 22:51:50,569 - INFO - Epoch 244: Loss = 26.7869, Accuracy = 91.02%
2025-07-29 22:51:50,745 - INFO - Epoch 245: Loss = 25.6524, Accuracy = 91.39%
2025-07-29 22:51:50,921 - INFO - Epoch 246: Loss = 25.0181, Accuracy = 92.05%
2025-07-29 22:51:51,097 - INFO - Epoch 247: Loss = 25.1052, Accuracy = 91.47%
2025-07-29 22:51:51,273 - INFO - Epoch 248: Loss = 24.3505, Accuracy = 91.80%
2025-07-29 22:51:51,449 - INFO - Epoch 249: Loss = 25.3786, Accuracy = 91.10%
2025-07-29 22:51:51,625 - INFO - Epoch 250: Loss = 26.3121, Accuracy = 90.98%
2025-07-29 22:51:51,800 - INFO - Epoch 251: Loss = 25.5231, Accuracy = 92.01%
2025-07-29 22:51:51,976 - INFO - Epoch 252: Loss = 24.5952, Accuracy = 91.39%
2025-07-29 22:51:52,152 - INFO - Epoch 253: Loss = 26.5716, Accuracy = 91.02%
2025-07-29 22:51:52,328 - INFO - Epoch 254: Loss = 24.4023, Accuracy = 91.89%
2025-07-29 22:51:52,505 - INFO - Epoch 255: Loss = 24.5855, Accuracy = 91.76%
2025-07-29 22:51:52,681 - INFO - Epoch 256: Loss = 24.5879, Accuracy = 91.60%
2025-07-29 22:51:52,683 - INFO - [Gradient Period 25 Run 3] Training time: 46.18s
2025-07-29 22:51:53,331 - INFO - ✅ Regular Evaluation Accuracy: 46.99%
2025-07-29 22:51:53,376 - INFO - ✅ Regular Evaluation Top-5 Accuracy: 87.53%
2025-07-29 22:51:53,408 - INFO - ✅ Regular Evaluation Accuracy: 29.23%
2025-07-29 22:51:53,423 - INFO - ✅ Regular Evaluation Top-5 Accuracy: 75.38%
2025-07-29 22:51:53,908 - INFO - ✅ Regular Evaluation Accuracy: 6.86%
2025-07-29 22:51:53,920 - INFO - ✅ Regular Evaluation Top-5 Accuracy: 23.53%
2025-07-29 22:51:53,920 - INFO - Nuts
2025-07-29 22:51:54,340 - INFO - ✅ Regular Evaluation Accuracy: 41.75%
2025-07-29 22:51:54,352 - INFO - ✅ Regular Evaluation Top-5 Accuracy: 78.64%
2025-07-29 22:51:54,352 - INFO - Spices
2025-07-29 22:51:54,767 - INFO - ✅ Regular Evaluation Accuracy: 42.11%
2025-07-29 22:51:54,776 - INFO - ✅ Regular Evaluation Top-5 Accuracy: 89.47%
2025-07-29 22:51:54,776 - INFO - Herbs
2025-07-29 22:51:55,306 - INFO - ✅ Regular Evaluation Accuracy: 54.64%
2025-07-29 22:51:55,318 - INFO - ✅ Regular Evaluation Top-5 Accuracy: 82.47%
2025-07-29 22:51:55,318 - INFO - Fruits
2025-07-29 22:51:55,735 - INFO - ✅ Regular Evaluation Accuracy: 52.13%
2025-07-29 22:51:55,745 - INFO - ✅ Regular Evaluation Top-5 Accuracy: 92.55%
2025-07-29 22:51:55,745 - INFO - Vegetables
2025-07-29 22:51:56,169 - INFO - ✅ Regular Evaluation Accuracy: 44.57%
2025-07-29 22:51:56,179 - INFO - ✅ Regular Evaluation Top-5 Accuracy: 95.65%
2025-07-29 22:51:56,180 - INFO - [Gradient Period 25 Run 4] Starting
2025-07-29 22:51:57,310 - INFO - Training on device: cuda
2025-07-29 22:51:57,488 - INFO - Epoch 01: Loss = 296.4233, Accuracy = 4.10%
2025-07-29 22:51:57,663 - INFO - Epoch 02: Loss = 293.3000, Accuracy = 7.00%
2025-07-29 22:51:57,839 - INFO - Epoch 03: Loss = 287.4467, Accuracy = 9.60%
2025-07-29 22:51:58,015 - INFO - Epoch 04: Loss = 275.3123, Accuracy = 7.66%
2025-07-29 22:51:58,190 - INFO - Epoch 05: Loss = 261.8264, Accuracy = 9.15%
2025-07-29 22:51:58,365 - INFO - Epoch 06: Loss = 248.5938, Accuracy = 11.38%
2025-07-29 22:51:58,541 - INFO - Epoch 07: Loss = 237.4923, Accuracy = 14.03%
2025-07-29 22:51:58,716 - INFO - Epoch 08: Loss = 229.6103, Accuracy = 16.06%
2025-07-29 22:51:58,892 - INFO - Epoch 09: Loss = 223.8776, Accuracy = 18.75%
2025-07-29 22:51:59,067 - INFO - Epoch 10: Loss = 218.4403, Accuracy = 19.83%
2025-07-29 22:51:59,242 - INFO - Epoch 11: Loss = 214.1953, Accuracy = 20.57%
2025-07-29 22:51:59,417 - INFO - Epoch 12: Loss = 209.5644, Accuracy = 21.73%
2025-07-29 22:51:59,592 - INFO - Epoch 13: Loss = 205.6398, Accuracy = 22.89%
2025-07-29 22:51:59,767 - INFO - Epoch 14: Loss = 202.4206, Accuracy = 23.39%
2025-07-29 22:51:59,942 - INFO - Epoch 15: Loss = 198.7410, Accuracy = 24.01%
2025-07-29 22:52:00,118 - INFO - Epoch 16: Loss = 195.5493, Accuracy = 25.58%
2025-07-29 22:52:00,293 - INFO - Epoch 17: Loss = 192.0374, Accuracy = 26.45%
2025-07-29 22:52:00,468 - INFO - Epoch 18: Loss = 189.5541, Accuracy = 27.11%
2025-07-29 22:52:00,643 - INFO - Epoch 19: Loss = 186.5301, Accuracy = 27.19%
2025-07-29 22:52:00,818 - INFO - Epoch 20: Loss = 184.4513, Accuracy = 27.98%
2025-07-29 22:52:00,993 - INFO - Epoch 21: Loss = 182.1026, Accuracy = 28.93%
2025-07-29 22:52:01,168 - INFO - Epoch 22: Loss = 179.8020, Accuracy = 30.05%
2025-07-29 22:52:01,343 - INFO - Epoch 23: Loss = 177.6320, Accuracy = 29.97%
2025-07-29 22:52:01,518 - INFO - Epoch 24: Loss = 174.9237, Accuracy = 30.71%
2025-07-29 22:52:01,693 - INFO - Epoch 25: Loss = 173.4830, Accuracy = 31.33%
2025-07-29 22:52:01,869 - INFO - Epoch 26: Loss = 171.3369, Accuracy = 32.04%
2025-07-29 22:52:02,045 - INFO - Epoch 27: Loss = 169.1510, Accuracy = 32.00%
2025-07-29 22:52:02,220 - INFO - Epoch 28: Loss = 166.6711, Accuracy = 33.15%
2025-07-29 22:52:02,394 - INFO - Epoch 29: Loss = 165.4449, Accuracy = 33.90%
2025-07-29 22:52:02,569 - INFO - Epoch 30: Loss = 163.8503, Accuracy = 33.69%
2025-07-29 22:52:02,743 - INFO - Epoch 31: Loss = 161.8836, Accuracy = 34.48%
2025-07-29 22:52:02,918 - INFO - Epoch 32: Loss = 160.2594, Accuracy = 34.89%
2025-07-29 22:52:03,093 - INFO - Epoch 33: Loss = 158.3310, Accuracy = 35.89%
2025-07-29 22:52:03,268 - INFO - Epoch 34: Loss = 156.6555, Accuracy = 36.84%
2025-07-29 22:52:03,442 - INFO - Epoch 35: Loss = 155.0281, Accuracy = 36.22%
2025-07-29 22:52:03,617 - INFO - Epoch 36: Loss = 153.6990, Accuracy = 37.17%
2025-07-29 22:52:03,792 - INFO - Epoch 37: Loss = 151.9389, Accuracy = 38.04%
2025-07-29 22:52:03,967 - INFO - Epoch 38: Loss = 150.4895, Accuracy = 39.07%
2025-07-29 22:52:04,142 - INFO - Epoch 39: Loss = 148.8988, Accuracy = 39.82%
2025-07-29 22:52:04,317 - INFO - Epoch 40: Loss = 147.5155, Accuracy = 39.94%
2025-07-29 22:52:04,491 - INFO - Epoch 41: Loss = 146.1803, Accuracy = 40.11%
2025-07-29 22:52:04,665 - INFO - Epoch 42: Loss = 144.6221, Accuracy = 40.48%
2025-07-29 22:52:04,840 - INFO - Epoch 43: Loss = 143.2160, Accuracy = 41.60%
2025-07-29 22:52:05,015 - INFO - Epoch 44: Loss = 142.2651, Accuracy = 41.51%
2025-07-29 22:52:05,190 - INFO - Epoch 45: Loss = 141.7399, Accuracy = 41.56%
2025-07-29 22:52:05,365 - INFO - Epoch 46: Loss = 139.3004, Accuracy = 43.00%
2025-07-29 22:52:05,540 - INFO - Epoch 47: Loss = 138.4330, Accuracy = 42.63%
2025-07-29 22:52:05,715 - INFO - Epoch 48: Loss = 136.5390, Accuracy = 42.84%
2025-07-29 22:52:05,889 - INFO - Epoch 49: Loss = 135.8536, Accuracy = 43.50%
2025-07-29 22:52:06,064 - INFO - Epoch 50: Loss = 134.3935, Accuracy = 44.45%
2025-07-29 22:52:06,239 - INFO - Epoch 51: Loss = 133.6515, Accuracy = 43.83%
2025-07-29 22:52:06,414 - INFO - Epoch 52: Loss = 132.6119, Accuracy = 44.74%
2025-07-29 22:52:06,588 - INFO - Epoch 53: Loss = 131.3758, Accuracy = 44.58%
2025-07-29 22:52:06,763 - INFO - Epoch 54: Loss = 130.5734, Accuracy = 45.74%
2025-07-29 22:52:06,938 - INFO - Epoch 55: Loss = 128.9178, Accuracy = 46.65%
2025-07-29 22:52:07,113 - INFO - Epoch 56: Loss = 129.4020, Accuracy = 46.32%
2025-07-29 22:52:07,288 - INFO - Epoch 57: Loss = 127.4696, Accuracy = 47.72%
2025-07-29 22:52:07,463 - INFO - Epoch 58: Loss = 126.2891, Accuracy = 47.72%
2025-07-29 22:52:07,638 - INFO - Epoch 59: Loss = 125.2928, Accuracy = 47.10%
2025-07-29 22:52:07,812 - INFO - Epoch 60: Loss = 124.9047, Accuracy = 47.39%
2025-07-29 22:52:07,987 - INFO - Epoch 61: Loss = 123.7353, Accuracy = 48.34%
2025-07-29 22:52:08,163 - INFO - Epoch 62: Loss = 122.0486, Accuracy = 48.97%
2025-07-29 22:52:08,338 - INFO - Epoch 63: Loss = 120.3573, Accuracy = 49.67%
2025-07-29 22:52:08,512 - INFO - Epoch 64: Loss = 120.2851, Accuracy = 49.88%
2025-07-29 22:52:08,687 - INFO - Epoch 65: Loss = 119.7715, Accuracy = 50.25%
2025-07-29 22:52:08,862 - INFO - Epoch 66: Loss = 118.4080, Accuracy = 50.99%
2025-07-29 22:52:09,037 - INFO - Epoch 67: Loss = 117.7941, Accuracy = 50.87%
2025-07-29 22:52:09,211 - INFO - Epoch 68: Loss = 116.2841, Accuracy = 51.74%
2025-07-29 22:52:09,386 - INFO - Epoch 69: Loss = 115.8740, Accuracy = 51.66%
2025-07-29 22:52:09,561 - INFO - Epoch 70: Loss = 114.5324, Accuracy = 52.32%
2025-07-29 22:52:09,736 - INFO - Epoch 71: Loss = 113.8624, Accuracy = 52.15%
2025-07-29 22:52:09,911 - INFO - Epoch 72: Loss = 112.6144, Accuracy = 52.19%
2025-07-29 22:52:10,086 - INFO - Epoch 73: Loss = 111.9054, Accuracy = 53.56%
2025-07-29 22:52:10,261 - INFO - Epoch 74: Loss = 111.2477, Accuracy = 52.03%
2025-07-29 22:52:10,436 - INFO - Epoch 75: Loss = 110.8325, Accuracy = 54.14%
2025-07-29 22:52:10,611 - INFO - Epoch 76: Loss = 108.8388, Accuracy = 54.93%
2025-07-29 22:52:10,786 - INFO - Epoch 77: Loss = 108.3326, Accuracy = 54.55%
2025-07-29 22:52:10,961 - INFO - Epoch 78: Loss = 107.1840, Accuracy = 55.42%
2025-07-29 22:52:11,135 - INFO - Epoch 79: Loss = 106.5992, Accuracy = 55.71%
2025-07-29 22:52:11,311 - INFO - Epoch 80: Loss = 105.2596, Accuracy = 55.59%
2025-07-29 22:52:11,487 - INFO - Epoch 81: Loss = 105.1933, Accuracy = 56.71%
2025-07-29 22:52:11,662 - INFO - Epoch 82: Loss = 103.7553, Accuracy = 56.37%
2025-07-29 22:52:11,839 - INFO - Epoch 83: Loss = 103.6848, Accuracy = 57.08%
2025-07-29 22:52:12,015 - INFO - Epoch 84: Loss = 102.4462, Accuracy = 57.16%
2025-07-29 22:52:12,190 - INFO - Epoch 85: Loss = 103.2226, Accuracy = 57.33%
2025-07-29 22:52:12,365 - INFO - Epoch 86: Loss = 101.3373, Accuracy = 57.49%
2025-07-29 22:52:12,541 - INFO - Epoch 87: Loss = 100.7791, Accuracy = 57.12%
2025-07-29 22:52:12,716 - INFO - Epoch 88: Loss = 99.9106, Accuracy = 58.24%
2025-07-29 22:52:12,891 - INFO - Epoch 89: Loss = 99.6626, Accuracy = 58.36%
2025-07-29 22:52:13,065 - INFO - Epoch 90: Loss = 97.7240, Accuracy = 59.06%
2025-07-29 22:52:13,241 - INFO - Epoch 91: Loss = 97.5018, Accuracy = 58.57%
2025-07-29 22:52:13,416 - INFO - Epoch 92: Loss = 97.0857, Accuracy = 59.40%
2025-07-29 22:52:13,592 - INFO - Epoch 93: Loss = 96.3089, Accuracy = 59.02%
2025-07-29 22:52:13,767 - INFO - Epoch 94: Loss = 95.6368, Accuracy = 59.98%
2025-07-29 22:52:13,942 - INFO - Epoch 95: Loss = 94.8898, Accuracy = 60.22%
2025-07-29 22:52:14,117 - INFO - Epoch 96: Loss = 94.5827, Accuracy = 60.43%
2025-07-29 22:52:14,292 - INFO - Epoch 97: Loss = 93.6506, Accuracy = 61.18%
2025-07-29 22:52:14,467 - INFO - Epoch 98: Loss = 92.8747, Accuracy = 60.80%
2025-07-29 22:52:14,642 - INFO - Epoch 99: Loss = 92.5420, Accuracy = 60.39%
2025-07-29 22:52:14,817 - INFO - Epoch 100: Loss = 92.3450, Accuracy = 61.01%
2025-07-29 22:52:14,992 - INFO - Epoch 101: Loss = 91.3340, Accuracy = 61.51%
2025-07-29 22:52:15,167 - INFO - Epoch 102: Loss = 90.2907, Accuracy = 62.71%
2025-07-29 22:52:15,341 - INFO - Epoch 103: Loss = 89.8771, Accuracy = 62.38%
2025-07-29 22:52:15,516 - INFO - Epoch 104: Loss = 89.0686, Accuracy = 63.04%
2025-07-29 22:52:15,691 - INFO - Epoch 105: Loss = 88.2289, Accuracy = 63.00%
2025-07-29 22:52:15,866 - INFO - Epoch 106: Loss = 87.2475, Accuracy = 63.25%
2025-07-29 22:52:16,041 - INFO - Epoch 107: Loss = 86.7271, Accuracy = 63.53%
2025-07-29 22:52:16,216 - INFO - Epoch 108: Loss = 86.4523, Accuracy = 63.53%
2025-07-29 22:52:16,391 - INFO - Epoch 109: Loss = 85.9423, Accuracy = 63.49%
2025-07-29 22:52:16,566 - INFO - Epoch 110: Loss = 85.3459, Accuracy = 64.61%
2025-07-29 22:52:16,741 - INFO - Epoch 111: Loss = 83.4639, Accuracy = 65.15%
2025-07-29 22:52:16,916 - INFO - Epoch 112: Loss = 84.4030, Accuracy = 65.31%
2025-07-29 22:52:17,092 - INFO - Epoch 113: Loss = 83.5726, Accuracy = 64.94%
2025-07-29 22:52:17,267 - INFO - Epoch 114: Loss = 83.4547, Accuracy = 64.57%
2025-07-29 22:52:17,442 - INFO - Epoch 115: Loss = 82.0551, Accuracy = 65.31%
2025-07-29 22:52:17,617 - INFO - Epoch 116: Loss = 81.8533, Accuracy = 65.65%
2025-07-29 22:52:17,792 - INFO - Epoch 117: Loss = 80.1027, Accuracy = 66.60%
2025-07-29 22:52:17,968 - INFO - Epoch 118: Loss = 80.0340, Accuracy = 65.89%
2025-07-29 22:52:18,143 - INFO - Epoch 119: Loss = 79.6645, Accuracy = 66.80%
2025-07-29 22:52:18,319 - INFO - Epoch 120: Loss = 78.6390, Accuracy = 67.05%
2025-07-29 22:52:18,494 - INFO - Epoch 121: Loss = 77.9789, Accuracy = 66.93%
2025-07-29 22:52:18,669 - INFO - Epoch 122: Loss = 77.7764, Accuracy = 67.72%
2025-07-29 22:52:18,844 - INFO - Epoch 123: Loss = 77.5225, Accuracy = 68.05%
2025-07-29 22:52:19,020 - INFO - Epoch 124: Loss = 78.1427, Accuracy = 67.76%
2025-07-29 22:52:19,195 - INFO - Epoch 125: Loss = 76.0503, Accuracy = 68.34%
2025-07-29 22:52:19,370 - INFO - Epoch 126: Loss = 75.2073, Accuracy = 69.41%
2025-07-29 22:52:19,545 - INFO - Epoch 127: Loss = 75.4745, Accuracy = 69.16%
2025-07-29 22:52:19,721 - INFO - Epoch 128: Loss = 73.7235, Accuracy = 69.45%
2025-07-29 22:52:19,896 - INFO - Epoch 129: Loss = 73.7231, Accuracy = 69.58%
2025-07-29 22:52:20,071 - INFO - Epoch 130: Loss = 72.7142, Accuracy = 69.45%
2025-07-29 22:52:20,247 - INFO - Epoch 131: Loss = 73.7534, Accuracy = 70.03%
2025-07-29 22:52:20,422 - INFO - Epoch 132: Loss = 72.5894, Accuracy = 70.45%
2025-07-29 22:52:20,597 - INFO - Epoch 133: Loss = 71.2738, Accuracy = 70.53%
2025-07-29 22:52:20,772 - INFO - Epoch 134: Loss = 70.8410, Accuracy = 69.83%
2025-07-29 22:52:20,947 - INFO - Epoch 135: Loss = 70.9039, Accuracy = 71.27%
2025-07-29 22:52:21,122 - INFO - Epoch 136: Loss = 70.4327, Accuracy = 70.45%
2025-07-29 22:52:21,298 - INFO - Epoch 137: Loss = 68.7671, Accuracy = 72.27%
2025-07-29 22:52:21,474 - INFO - Epoch 138: Loss = 68.9669, Accuracy = 72.56%
2025-07-29 22:52:21,648 - INFO - Epoch 139: Loss = 67.8577, Accuracy = 72.06%
2025-07-29 22:52:21,825 - INFO - Epoch 140: Loss = 67.3132, Accuracy = 72.27%
2025-07-29 22:52:22,000 - INFO - Epoch 141: Loss = 67.5214, Accuracy = 72.81%
2025-07-29 22:52:22,175 - INFO - Epoch 142: Loss = 66.7105, Accuracy = 72.27%
2025-07-29 22:52:22,350 - INFO - Epoch 143: Loss = 66.5253, Accuracy = 72.64%
2025-07-29 22:52:22,525 - INFO - Epoch 144: Loss = 65.7746, Accuracy = 73.39%
2025-07-29 22:52:22,701 - INFO - Epoch 145: Loss = 64.5298, Accuracy = 73.63%
2025-07-29 22:52:22,876 - INFO - Epoch 146: Loss = 64.2792, Accuracy = 73.10%
2025-07-29 22:52:23,051 - INFO - Epoch 147: Loss = 64.2311, Accuracy = 73.76%
2025-07-29 22:52:23,227 - INFO - Epoch 148: Loss = 65.0940, Accuracy = 72.85%
2025-07-29 22:52:23,402 - INFO - Epoch 149: Loss = 65.0913, Accuracy = 73.10%
2025-07-29 22:52:23,578 - INFO - Epoch 150: Loss = 63.0516, Accuracy = 74.09%
2025-07-29 22:52:23,752 - INFO - Epoch 151: Loss = 61.8223, Accuracy = 74.42%
2025-07-29 22:52:23,928 - INFO - Epoch 152: Loss = 61.1008, Accuracy = 75.08%
2025-07-29 22:52:24,103 - INFO - Epoch 153: Loss = 61.2350, Accuracy = 74.59%
2025-07-29 22:52:24,278 - INFO - Epoch 154: Loss = 61.8224, Accuracy = 74.54%
2025-07-29 22:52:24,453 - INFO - Epoch 155: Loss = 60.1371, Accuracy = 75.58%
2025-07-29 22:52:24,627 - INFO - Epoch 156: Loss = 61.0130, Accuracy = 74.59%
2025-07-29 22:52:24,800 - INFO - Epoch 157: Loss = 59.4991, Accuracy = 75.91%
2025-07-29 22:52:24,973 - INFO - Epoch 158: Loss = 60.3407, Accuracy = 75.58%
2025-07-29 22:52:25,146 - INFO - Epoch 159: Loss = 59.1181, Accuracy = 74.54%
2025-07-29 22:52:25,320 - INFO - Epoch 160: Loss = 60.1456, Accuracy = 75.62%
2025-07-29 22:52:25,493 - INFO - Epoch 161: Loss = 59.0044, Accuracy = 75.33%
2025-07-29 22:52:25,667 - INFO - Epoch 162: Loss = 58.2291, Accuracy = 76.16%
2025-07-29 22:52:25,840 - INFO - Epoch 163: Loss = 57.8001, Accuracy = 75.99%
2025-07-29 22:52:26,013 - INFO - Epoch 164: Loss = 57.6455, Accuracy = 76.03%
2025-07-29 22:52:26,186 - INFO - Epoch 165: Loss = 57.6610, Accuracy = 76.24%
2025-07-29 22:52:26,359 - INFO - Epoch 166: Loss = 54.7368, Accuracy = 78.10%
2025-07-29 22:52:26,532 - INFO - Epoch 167: Loss = 56.1080, Accuracy = 76.66%
2025-07-29 22:52:26,706 - INFO - Epoch 168: Loss = 55.8308, Accuracy = 77.57%
2025-07-29 22:52:26,879 - INFO - Epoch 169: Loss = 54.8652, Accuracy = 77.94%
2025-07-29 22:52:27,052 - INFO - Epoch 170: Loss = 53.8467, Accuracy = 78.27%
2025-07-29 22:52:27,225 - INFO - Epoch 171: Loss = 54.3905, Accuracy = 77.69%
2025-07-29 22:52:27,399 - INFO - Epoch 172: Loss = 53.4437, Accuracy = 77.77%
2025-07-29 22:52:27,572 - INFO - Epoch 173: Loss = 54.0997, Accuracy = 78.15%
2025-07-29 22:52:27,745 - INFO - Epoch 174: Loss = 53.4711, Accuracy = 78.64%
2025-07-29 22:52:27,919 - INFO - Epoch 175: Loss = 53.5820, Accuracy = 77.77%
2025-07-29 22:52:28,092 - INFO - Epoch 176: Loss = 50.9666, Accuracy = 79.59%
2025-07-29 22:52:28,265 - INFO - Epoch 177: Loss = 52.2841, Accuracy = 79.01%
2025-07-29 22:52:28,438 - INFO - Epoch 178: Loss = 51.8643, Accuracy = 79.01%
2025-07-29 22:52:28,611 - INFO - Epoch 179: Loss = 52.4863, Accuracy = 78.85%
2025-07-29 22:52:28,785 - INFO - Epoch 180: Loss = 50.6658, Accuracy = 79.35%
2025-07-29 22:52:28,958 - INFO - Epoch 181: Loss = 49.7648, Accuracy = 80.42%
2025-07-29 22:52:29,131 - INFO - Epoch 182: Loss = 50.4082, Accuracy = 79.68%
2025-07-29 22:52:29,304 - INFO - Epoch 183: Loss = 49.2994, Accuracy = 80.09%
2025-07-29 22:52:29,478 - INFO - Epoch 184: Loss = 48.9552, Accuracy = 80.42%
2025-07-29 22:52:29,651 - INFO - Epoch 185: Loss = 48.8398, Accuracy = 80.30%
2025-07-29 22:52:29,824 - INFO - Epoch 186: Loss = 47.6449, Accuracy = 81.42%
2025-07-29 22:52:29,997 - INFO - Epoch 187: Loss = 47.6862, Accuracy = 80.92%
2025-07-29 22:52:30,170 - INFO - Epoch 188: Loss = 48.2615, Accuracy = 80.79%
2025-07-29 22:52:30,344 - INFO - Epoch 189: Loss = 46.3466, Accuracy = 81.91%
2025-07-29 22:52:30,517 - INFO - Epoch 190: Loss = 46.0424, Accuracy = 82.16%
2025-07-29 22:52:30,690 - INFO - Epoch 191: Loss = 46.1424, Accuracy = 82.04%
2025-07-29 22:52:30,864 - INFO - Epoch 192: Loss = 46.5544, Accuracy = 81.46%
2025-07-29 22:52:31,037 - INFO - Epoch 193: Loss = 44.8470, Accuracy = 82.82%
2025-07-29 22:52:31,210 - INFO - Epoch 194: Loss = 45.1578, Accuracy = 82.74%
2025-07-29 22:52:31,383 - INFO - Epoch 195: Loss = 44.2366, Accuracy = 82.78%
2025-07-29 22:52:31,557 - INFO - Epoch 196: Loss = 44.6834, Accuracy = 81.91%
2025-07-29 22:52:31,730 - INFO - Epoch 197: Loss = 45.7620, Accuracy = 81.91%
2025-07-29 22:52:31,905 - INFO - Epoch 198: Loss = 44.4348, Accuracy = 81.58%
2025-07-29 22:52:32,079 - INFO - Epoch 199: Loss = 43.3782, Accuracy = 83.36%
2025-07-29 22:52:32,252 - INFO - Epoch 200: Loss = 43.4786, Accuracy = 83.15%
2025-07-29 22:52:32,426 - INFO - Epoch 201: Loss = 43.0573, Accuracy = 83.69%
2025-07-29 22:52:32,599 - INFO - Epoch 202: Loss = 43.2164, Accuracy = 83.20%
2025-07-29 22:52:32,773 - INFO - Epoch 203: Loss = 42.9563, Accuracy = 83.15%
2025-07-29 22:52:32,946 - INFO - Epoch 204: Loss = 43.2177, Accuracy = 82.49%
2025-07-29 22:52:33,119 - INFO - Epoch 205: Loss = 42.0284, Accuracy = 83.77%
2025-07-29 22:52:33,292 - INFO - Epoch 206: Loss = 41.9089, Accuracy = 83.90%
2025-07-29 22:52:33,466 - INFO - Epoch 207: Loss = 42.2664, Accuracy = 83.11%
2025-07-29 22:52:33,639 - INFO - Epoch 208: Loss = 40.6323, Accuracy = 84.48%
2025-07-29 22:52:33,812 - INFO - Epoch 209: Loss = 40.6503, Accuracy = 84.48%
2025-07-29 22:52:33,986 - INFO - Epoch 210: Loss = 39.3045, Accuracy = 85.55%
2025-07-29 22:52:34,159 - INFO - Epoch 211: Loss = 40.8409, Accuracy = 84.77%
2025-07-29 22:52:34,333 - INFO - Epoch 212: Loss = 39.3493, Accuracy = 85.26%
2025-07-29 22:52:34,507 - INFO - Epoch 213: Loss = 39.7055, Accuracy = 84.60%
2025-07-29 22:52:34,680 - INFO - Epoch 214: Loss = 40.2223, Accuracy = 83.86%
2025-07-29 22:52:34,854 - INFO - Epoch 215: Loss = 40.6507, Accuracy = 84.19%
2025-07-29 22:52:35,028 - INFO - Epoch 216: Loss = 37.7696, Accuracy = 85.76%
2025-07-29 22:52:35,201 - INFO - Epoch 217: Loss = 38.5948, Accuracy = 85.39%
2025-07-29 22:52:35,375 - INFO - Epoch 218: Loss = 39.2504, Accuracy = 85.10%
2025-07-29 22:52:35,548 - INFO - Epoch 219: Loss = 36.8289, Accuracy = 85.84%
2025-07-29 22:52:35,722 - INFO - Epoch 220: Loss = 37.8158, Accuracy = 85.60%
2025-07-29 22:52:35,895 - INFO - Epoch 221: Loss = 37.4657, Accuracy = 85.64%
2025-07-29 22:52:36,069 - INFO - Epoch 222: Loss = 37.5173, Accuracy = 85.72%
2025-07-29 22:52:36,243 - INFO - Epoch 223: Loss = 34.8237, Accuracy = 87.46%
2025-07-29 22:52:36,416 - INFO - Epoch 224: Loss = 35.8055, Accuracy = 87.29%
2025-07-29 22:52:36,590 - INFO - Epoch 225: Loss = 35.1457, Accuracy = 86.34%
2025-07-29 22:52:36,764 - INFO - Epoch 226: Loss = 35.8258, Accuracy = 86.34%
2025-07-29 22:52:36,937 - INFO - Epoch 227: Loss = 34.4228, Accuracy = 87.38%
2025-07-29 22:52:37,111 - INFO - Epoch 228: Loss = 33.5119, Accuracy = 87.58%
2025-07-29 22:52:37,285 - INFO - Epoch 229: Loss = 34.8030, Accuracy = 86.67%
2025-07-29 22:52:37,458 - INFO - Epoch 230: Loss = 33.5994, Accuracy = 87.21%
2025-07-29 22:52:37,632 - INFO - Epoch 231: Loss = 34.5779, Accuracy = 87.04%
2025-07-29 22:52:37,805 - INFO - Epoch 232: Loss = 34.0116, Accuracy = 87.67%
2025-07-29 22:52:37,979 - INFO - Epoch 233: Loss = 34.2473, Accuracy = 86.71%
2025-07-29 22:52:38,153 - INFO - Epoch 234: Loss = 33.1997, Accuracy = 87.96%
2025-07-29 22:52:38,326 - INFO - Epoch 235: Loss = 33.2657, Accuracy = 87.87%
2025-07-29 22:52:38,500 - INFO - Epoch 236: Loss = 33.7034, Accuracy = 87.54%
2025-07-29 22:52:38,674 - INFO - Epoch 237: Loss = 32.3126, Accuracy = 88.08%
2025-07-29 22:52:38,847 - INFO - Epoch 238: Loss = 31.5986, Accuracy = 88.04%
2025-07-29 22:52:39,021 - INFO - Epoch 239: Loss = 31.7829, Accuracy = 88.04%
2025-07-29 22:52:39,194 - INFO - Epoch 240: Loss = 33.0321, Accuracy = 88.08%
2025-07-29 22:52:39,368 - INFO - Epoch 241: Loss = 31.5887, Accuracy = 88.29%
2025-07-29 22:52:39,542 - INFO - Epoch 242: Loss = 32.0225, Accuracy = 88.20%
2025-07-29 22:52:39,715 - INFO - Epoch 243: Loss = 30.5286, Accuracy = 88.82%
2025-07-29 22:52:39,889 - INFO - Epoch 244: Loss = 30.4692, Accuracy = 89.07%
2025-07-29 22:52:40,063 - INFO - Epoch 245: Loss = 30.6036, Accuracy = 89.49%
2025-07-29 22:52:40,236 - INFO - Epoch 246: Loss = 30.0325, Accuracy = 88.91%
2025-07-29 22:52:40,410 - INFO - Epoch 247: Loss = 30.4951, Accuracy = 88.78%
2025-07-29 22:52:40,583 - INFO - Epoch 248: Loss = 29.8803, Accuracy = 88.91%
2025-07-29 22:52:40,757 - INFO - Epoch 249: Loss = 28.6601, Accuracy = 89.90%
2025-07-29 22:52:40,930 - INFO - Epoch 250: Loss = 28.1882, Accuracy = 89.53%
2025-07-29 22:52:41,104 - INFO - Epoch 251: Loss = 28.5799, Accuracy = 89.98%
2025-07-29 22:52:41,278 - INFO - Epoch 252: Loss = 29.4469, Accuracy = 89.57%
2025-07-29 22:52:41,451 - INFO - Epoch 253: Loss = 28.5302, Accuracy = 90.23%
2025-07-29 22:52:41,625 - INFO - Epoch 254: Loss = 29.1146, Accuracy = 89.40%
2025-07-29 22:52:41,798 - INFO - Epoch 255: Loss = 29.0777, Accuracy = 89.61%
2025-07-29 22:52:41,972 - INFO - Epoch 256: Loss = 27.9319, Accuracy = 90.44%
2025-07-29 22:52:41,974 - INFO - [Gradient Period 25 Run 4] Training time: 45.79s
2025-07-29 22:52:42,625 - INFO - ✅ Regular Evaluation Accuracy: 44.70%
2025-07-29 22:52:42,671 - INFO - ✅ Regular Evaluation Top-5 Accuracy: 84.82%
2025-07-29 22:52:42,703 - INFO - ✅ Regular Evaluation Accuracy: 30.00%
2025-07-29 22:52:42,718 - INFO - ✅ Regular Evaluation Top-5 Accuracy: 69.23%
2025-07-29 22:52:43,228 - INFO - ✅ Regular Evaluation Accuracy: 5.88%
2025-07-29 22:52:43,239 - INFO - ✅ Regular Evaluation Top-5 Accuracy: 24.51%
2025-07-29 22:52:43,239 - INFO - Nuts
2025-07-29 22:52:43,662 - INFO - ✅ Regular Evaluation Accuracy: 33.01%
2025-07-29 22:52:43,674 - INFO - ✅ Regular Evaluation Top-5 Accuracy: 67.96%
2025-07-29 22:52:43,674 - INFO - Spices
2025-07-29 22:52:44,093 - INFO - ✅ Regular Evaluation Accuracy: 37.89%
2025-07-29 22:52:44,103 - INFO - ✅ Regular Evaluation Top-5 Accuracy: 87.37%
2025-07-29 22:52:44,103 - INFO - Herbs
2025-07-29 22:52:44,526 - INFO - ✅ Regular Evaluation Accuracy: 53.61%
2025-07-29 22:52:44,537 - INFO - ✅ Regular Evaluation Top-5 Accuracy: 82.47%
2025-07-29 22:52:44,537 - INFO - Fruits
2025-07-29 22:52:44,952 - INFO - ✅ Regular Evaluation Accuracy: 48.94%
2025-07-29 22:52:44,962 - INFO - ✅ Regular Evaluation Top-5 Accuracy: 92.55%
2025-07-29 22:52:44,962 - INFO - Vegetables
2025-07-29 22:52:45,388 - INFO - ✅ Regular Evaluation Accuracy: 51.09%
2025-07-29 22:52:45,398 - INFO - ✅ Regular Evaluation Top-5 Accuracy: 95.65%
2025-07-29 22:52:45,398 - INFO - [Gradient Period 25 Run 5] Starting
2025-07-29 22:52:46,526 - INFO - Training on device: cuda
2025-07-29 22:52:46,701 - INFO - Epoch 01: Loss = 297.0568, Accuracy = 3.06%
2025-07-29 22:52:46,876 - INFO - Epoch 02: Loss = 294.5778, Accuracy = 4.93%
2025-07-29 22:52:47,051 - INFO - Epoch 03: Loss = 290.4034, Accuracy = 7.66%
2025-07-29 22:52:47,225 - INFO - Epoch 04: Loss = 281.0030, Accuracy = 7.66%
2025-07-29 22:52:47,400 - INFO - Epoch 05: Loss = 268.1955, Accuracy = 8.36%
2025-07-29 22:52:47,575 - INFO - Epoch 06: Loss = 256.9416, Accuracy = 10.35%
2025-07-29 22:52:47,749 - INFO - Epoch 07: Loss = 248.3473, Accuracy = 13.41%
2025-07-29 22:52:47,923 - INFO - Epoch 08: Loss = 241.8370, Accuracy = 15.27%
2025-07-29 22:52:48,098 - INFO - Epoch 09: Loss = 235.8060, Accuracy = 17.18%
2025-07-29 22:52:48,273 - INFO - Epoch 10: Loss = 230.6355, Accuracy = 19.16%
2025-07-29 22:52:48,447 - INFO - Epoch 11: Loss = 225.3903, Accuracy = 20.36%
2025-07-29 22:52:48,621 - INFO - Epoch 12: Loss = 220.6741, Accuracy = 21.77%
2025-07-29 22:52:48,796 - INFO - Epoch 13: Loss = 216.4474, Accuracy = 21.11%
2025-07-29 22:52:48,971 - INFO - Epoch 14: Loss = 212.2619, Accuracy = 22.35%
2025-07-29 22:52:49,145 - INFO - Epoch 15: Loss = 208.2699, Accuracy = 23.80%
2025-07-29 22:52:49,320 - INFO - Epoch 16: Loss = 205.4789, Accuracy = 23.68%
2025-07-29 22:52:49,494 - INFO - Epoch 17: Loss = 202.1216, Accuracy = 24.38%
2025-07-29 22:52:49,669 - INFO - Epoch 18: Loss = 199.0697, Accuracy = 25.08%
2025-07-29 22:52:49,843 - INFO - Epoch 19: Loss = 196.5513, Accuracy = 25.62%
2025-07-29 22:52:50,018 - INFO - Epoch 20: Loss = 193.8349, Accuracy = 27.24%
2025-07-29 22:52:50,192 - INFO - Epoch 21: Loss = 190.8760, Accuracy = 26.99%
2025-07-29 22:52:50,367 - INFO - Epoch 22: Loss = 188.6266, Accuracy = 28.27%
2025-07-29 22:52:50,541 - INFO - Epoch 23: Loss = 186.4623, Accuracy = 28.97%
2025-07-29 22:52:50,716 - INFO - Epoch 24: Loss = 184.3437, Accuracy = 28.93%
2025-07-29 22:52:50,890 - INFO - Epoch 25: Loss = 181.6413, Accuracy = 30.63%
2025-07-29 22:52:51,064 - INFO - Epoch 26: Loss = 179.7502, Accuracy = 30.46%
2025-07-29 22:52:51,239 - INFO - Epoch 27: Loss = 177.7443, Accuracy = 31.04%
2025-07-29 22:52:51,413 - INFO - Epoch 28: Loss = 175.4597, Accuracy = 31.71%
2025-07-29 22:52:51,587 - INFO - Epoch 29: Loss = 173.4016, Accuracy = 32.04%
2025-07-29 22:52:51,762 - INFO - Epoch 30: Loss = 171.4415, Accuracy = 33.07%
2025-07-29 22:52:51,937 - INFO - Epoch 31: Loss = 170.4342, Accuracy = 33.03%
2025-07-29 22:52:52,111 - INFO - Epoch 32: Loss = 168.7582, Accuracy = 32.86%
2025-07-29 22:52:52,285 - INFO - Epoch 33: Loss = 166.9283, Accuracy = 33.86%
2025-07-29 22:52:52,461 - INFO - Epoch 34: Loss = 164.8583, Accuracy = 34.44%
2025-07-29 22:52:52,636 - INFO - Epoch 35: Loss = 163.2569, Accuracy = 34.89%
2025-07-29 22:52:52,810 - INFO - Epoch 36: Loss = 161.9720, Accuracy = 35.26%
2025-07-29 22:52:52,985 - INFO - Epoch 37: Loss = 160.4685, Accuracy = 35.89%
2025-07-29 22:52:53,159 - INFO - Epoch 38: Loss = 158.7088, Accuracy = 37.04%
2025-07-29 22:52:53,333 - INFO - Epoch 39: Loss = 157.2286, Accuracy = 37.79%
2025-07-29 22:52:53,507 - INFO - Epoch 40: Loss = 155.6631, Accuracy = 38.08%
2025-07-29 22:52:53,681 - INFO - Epoch 41: Loss = 153.8925, Accuracy = 37.91%
2025-07-29 22:52:53,855 - INFO - Epoch 42: Loss = 152.6046, Accuracy = 38.91%
2025-07-29 22:52:54,029 - INFO - Epoch 43: Loss = 151.2482, Accuracy = 39.57%
2025-07-29 22:52:54,204 - INFO - Epoch 44: Loss = 149.9629, Accuracy = 40.52%
2025-07-29 22:52:54,378 - INFO - Epoch 45: Loss = 148.3998, Accuracy = 41.68%
2025-07-29 22:52:54,552 - INFO - Epoch 46: Loss = 146.7195, Accuracy = 41.35%
2025-07-29 22:52:54,726 - INFO - Epoch 47: Loss = 146.1409, Accuracy = 42.14%
2025-07-29 22:52:54,900 - INFO - Epoch 48: Loss = 144.5588, Accuracy = 42.38%
2025-07-29 22:52:55,074 - INFO - Epoch 49: Loss = 143.1087, Accuracy = 43.25%
2025-07-29 22:52:55,249 - INFO - Epoch 50: Loss = 141.4861, Accuracy = 44.21%
2025-07-29 22:52:55,423 - INFO - Epoch 51: Loss = 140.2838, Accuracy = 43.71%
2025-07-29 22:52:55,597 - INFO - Epoch 52: Loss = 138.5795, Accuracy = 44.91%
2025-07-29 22:52:55,772 - INFO - Epoch 53: Loss = 137.3510, Accuracy = 45.36%
2025-07-29 22:52:55,946 - INFO - Epoch 54: Loss = 136.2687, Accuracy = 46.03%
2025-07-29 22:52:56,120 - INFO - Epoch 55: Loss = 135.1797, Accuracy = 46.36%
2025-07-29 22:52:56,294 - INFO - Epoch 56: Loss = 134.2013, Accuracy = 45.99%
2025-07-29 22:52:56,468 - INFO - Epoch 57: Loss = 132.4700, Accuracy = 47.14%
2025-07-29 22:52:56,642 - INFO - Epoch 58: Loss = 131.9659, Accuracy = 47.31%
2025-07-29 22:52:56,817 - INFO - Epoch 59: Loss = 129.5772, Accuracy = 48.10%
2025-07-29 22:52:56,991 - INFO - Epoch 60: Loss = 128.3488, Accuracy = 48.01%
2025-07-29 22:52:57,165 - INFO - Epoch 61: Loss = 127.2533, Accuracy = 48.88%
2025-07-29 22:52:57,339 - INFO - Epoch 62: Loss = 125.4124, Accuracy = 49.54%
2025-07-29 22:52:57,513 - INFO - Epoch 63: Loss = 124.2736, Accuracy = 51.20%
2025-07-29 22:52:57,688 - INFO - Epoch 64: Loss = 123.7056, Accuracy = 50.54%
2025-07-29 22:52:57,862 - INFO - Epoch 65: Loss = 122.2122, Accuracy = 51.66%
2025-07-29 22:52:58,036 - INFO - Epoch 66: Loss = 120.6545, Accuracy = 52.11%
2025-07-29 22:52:58,210 - INFO - Epoch 67: Loss = 119.5265, Accuracy = 52.11%
2025-07-29 22:52:58,384 - INFO - Epoch 68: Loss = 118.1183, Accuracy = 52.07%
2025-07-29 22:52:58,558 - INFO - Epoch 69: Loss = 117.3361, Accuracy = 53.19%
2025-07-29 22:52:58,732 - INFO - Epoch 70: Loss = 115.5304, Accuracy = 53.44%
2025-07-29 22:52:58,906 - INFO - Epoch 71: Loss = 114.7225, Accuracy = 54.26%
2025-07-29 22:52:59,080 - INFO - Epoch 72: Loss = 114.4632, Accuracy = 53.77%
2025-07-29 22:52:59,254 - INFO - Epoch 73: Loss = 113.2252, Accuracy = 54.59%
2025-07-29 22:52:59,428 - INFO - Epoch 74: Loss = 112.0910, Accuracy = 54.64%
2025-07-29 22:52:59,602 - INFO - Epoch 75: Loss = 111.1074, Accuracy = 55.96%
2025-07-29 22:52:59,776 - INFO - Epoch 76: Loss = 109.4323, Accuracy = 55.92%
2025-07-29 22:52:59,950 - INFO - Epoch 77: Loss = 109.1674, Accuracy = 56.21%
2025-07-29 22:53:00,124 - INFO - Epoch 78: Loss = 107.0498, Accuracy = 56.54%
2025-07-29 22:53:00,298 - INFO - Epoch 79: Loss = 106.8179, Accuracy = 57.41%
2025-07-29 22:53:00,472 - INFO - Epoch 80: Loss = 105.2212, Accuracy = 57.45%
2025-07-29 22:53:00,646 - INFO - Epoch 81: Loss = 104.5576, Accuracy = 58.69%
2025-07-29 22:53:00,820 - INFO - Epoch 82: Loss = 102.9561, Accuracy = 58.49%
2025-07-29 22:53:00,994 - INFO - Epoch 83: Loss = 101.5001, Accuracy = 58.73%
2025-07-29 22:53:01,169 - INFO - Epoch 84: Loss = 100.9990, Accuracy = 58.82%
2025-07-29 22:53:01,343 - INFO - Epoch 85: Loss = 100.4434, Accuracy = 59.85%
2025-07-29 22:53:01,517 - INFO - Epoch 86: Loss = 99.5189, Accuracy = 60.18%
2025-07-29 22:53:01,691 - INFO - Epoch 87: Loss = 98.4434, Accuracy = 60.60%
2025-07-29 22:53:01,865 - INFO - Epoch 88: Loss = 97.7681, Accuracy = 60.89%
2025-07-29 22:53:02,040 - INFO - Epoch 89: Loss = 97.2635, Accuracy = 60.55%
2025-07-29 22:53:02,214 - INFO - Epoch 90: Loss = 95.8889, Accuracy = 60.93%
2025-07-29 22:53:02,390 - INFO - Epoch 91: Loss = 94.7247, Accuracy = 62.25%
2025-07-29 22:53:02,564 - INFO - Epoch 92: Loss = 93.9643, Accuracy = 61.38%
2025-07-29 22:53:02,738 - INFO - Epoch 93: Loss = 93.4952, Accuracy = 61.75%
2025-07-29 22:53:02,912 - INFO - Epoch 94: Loss = 91.6996, Accuracy = 62.21%
2025-07-29 22:53:03,087 - INFO - Epoch 95: Loss = 91.7232, Accuracy = 62.42%
2025-07-29 22:53:03,261 - INFO - Epoch 96: Loss = 91.2412, Accuracy = 63.82%
2025-07-29 22:53:03,435 - INFO - Epoch 97: Loss = 90.9198, Accuracy = 63.78%
2025-07-29 22:53:03,609 - INFO - Epoch 98: Loss = 88.9887, Accuracy = 64.11%
2025-07-29 22:53:03,783 - INFO - Epoch 99: Loss = 88.0023, Accuracy = 64.40%
2025-07-29 22:53:03,957 - INFO - Epoch 100: Loss = 88.2430, Accuracy = 63.78%
2025-07-29 22:53:04,132 - INFO - Epoch 101: Loss = 86.3711, Accuracy = 64.98%
2025-07-29 22:53:04,306 - INFO - Epoch 102: Loss = 85.8342, Accuracy = 64.69%
2025-07-29 22:53:04,480 - INFO - Epoch 103: Loss = 84.2371, Accuracy = 65.85%
2025-07-29 22:53:04,655 - INFO - Epoch 104: Loss = 83.6336, Accuracy = 65.36%
2025-07-29 22:53:04,829 - INFO - Epoch 105: Loss = 83.2354, Accuracy = 66.27%
2025-07-29 22:53:05,003 - INFO - Epoch 106: Loss = 81.8657, Accuracy = 66.64%
2025-07-29 22:53:05,177 - INFO - Epoch 107: Loss = 81.2659, Accuracy = 66.89%
2025-07-29 22:53:05,352 - INFO - Epoch 108: Loss = 81.8718, Accuracy = 66.89%
2025-07-29 22:53:05,526 - INFO - Epoch 109: Loss = 80.1995, Accuracy = 67.67%
2025-07-29 22:53:05,701 - INFO - Epoch 110: Loss = 79.3307, Accuracy = 67.51%
2025-07-29 22:53:05,875 - INFO - Epoch 111: Loss = 79.2761, Accuracy = 67.38%
2025-07-29 22:53:06,050 - INFO - Epoch 112: Loss = 77.8741, Accuracy = 67.47%
2025-07-29 22:53:06,224 - INFO - Epoch 113: Loss = 77.1407, Accuracy = 68.13%
2025-07-29 22:53:06,398 - INFO - Epoch 114: Loss = 77.3262, Accuracy = 68.87%
2025-07-29 22:53:06,573 - INFO - Epoch 115: Loss = 76.0911, Accuracy = 68.63%
2025-07-29 22:53:06,747 - INFO - Epoch 116: Loss = 75.2231, Accuracy = 70.36%
2025-07-29 22:53:06,921 - INFO - Epoch 117: Loss = 75.0311, Accuracy = 69.04%
2025-07-29 22:53:07,096 - INFO - Epoch 118: Loss = 73.8522, Accuracy = 70.03%
2025-07-29 22:53:07,270 - INFO - Epoch 119: Loss = 72.9379, Accuracy = 71.03%
2025-07-29 22:53:07,444 - INFO - Epoch 120: Loss = 72.8989, Accuracy = 70.65%
2025-07-29 22:53:07,618 - INFO - Epoch 121: Loss = 72.2695, Accuracy = 70.74%
2025-07-29 22:53:07,792 - INFO - Epoch 122: Loss = 70.8158, Accuracy = 71.23%
2025-07-29 22:53:07,967 - INFO - Epoch 123: Loss = 71.5046, Accuracy = 70.78%
2025-07-29 22:53:08,141 - INFO - Epoch 124: Loss = 70.9988, Accuracy = 71.48%
2025-07-29 22:53:08,315 - INFO - Epoch 125: Loss = 68.2610, Accuracy = 72.31%
2025-07-29 22:53:08,490 - INFO - Epoch 126: Loss = 68.1879, Accuracy = 73.22%
2025-07-29 22:53:08,664 - INFO - Epoch 127: Loss = 67.4714, Accuracy = 72.72%
2025-07-29 22:53:08,838 - INFO - Epoch 128: Loss = 67.6674, Accuracy = 73.05%
2025-07-29 22:53:09,012 - INFO - Epoch 129: Loss = 66.2928, Accuracy = 73.26%
2025-07-29 22:53:09,187 - INFO - Epoch 130: Loss = 66.6949, Accuracy = 73.39%
2025-07-29 22:53:09,361 - INFO - Epoch 131: Loss = 66.5074, Accuracy = 72.89%
2025-07-29 22:53:09,535 - INFO - Epoch 132: Loss = 65.3398, Accuracy = 73.68%
2025-07-29 22:53:09,709 - INFO - Epoch 133: Loss = 65.9103, Accuracy = 73.51%
2025-07-29 22:53:09,884 - INFO - Epoch 134: Loss = 64.3848, Accuracy = 74.63%
2025-07-29 22:53:10,058 - INFO - Epoch 135: Loss = 63.7868, Accuracy = 75.08%
2025-07-29 22:53:10,232 - INFO - Epoch 136: Loss = 63.9196, Accuracy = 75.25%
2025-07-29 22:53:10,407 - INFO - Epoch 137: Loss = 61.9166, Accuracy = 75.54%
2025-07-29 22:53:10,581 - INFO - Epoch 138: Loss = 61.3016, Accuracy = 75.91%
2025-07-29 22:53:10,756 - INFO - Epoch 139: Loss = 62.2354, Accuracy = 76.12%
2025-07-29 22:53:10,930 - INFO - Epoch 140: Loss = 61.5168, Accuracy = 75.58%
2025-07-29 22:53:11,104 - INFO - Epoch 141: Loss = 60.6842, Accuracy = 75.46%
2025-07-29 22:53:11,278 - INFO - Epoch 142: Loss = 59.5275, Accuracy = 76.95%
2025-07-29 22:53:11,453 - INFO - Epoch 143: Loss = 60.1078, Accuracy = 76.03%
2025-07-29 22:53:11,627 - INFO - Epoch 144: Loss = 58.4208, Accuracy = 76.20%
2025-07-29 22:53:11,801 - INFO - Epoch 145: Loss = 58.2309, Accuracy = 77.11%
2025-07-29 22:53:11,975 - INFO - Epoch 146: Loss = 57.5855, Accuracy = 77.11%
2025-07-29 22:53:12,149 - INFO - Epoch 147: Loss = 57.8048, Accuracy = 77.36%
2025-07-29 22:53:12,323 - INFO - Epoch 148: Loss = 57.3730, Accuracy = 77.32%
2025-07-29 22:53:12,500 - INFO - Epoch 149: Loss = 57.5020, Accuracy = 77.77%
2025-07-29 22:53:12,674 - INFO - Epoch 150: Loss = 55.6901, Accuracy = 78.77%
2025-07-29 22:53:12,849 - INFO - Epoch 151: Loss = 54.8758, Accuracy = 78.35%
2025-07-29 22:53:13,023 - INFO - Epoch 152: Loss = 54.9876, Accuracy = 78.23%
2025-07-29 22:53:13,198 - INFO - Epoch 153: Loss = 54.9100, Accuracy = 78.31%
2025-07-29 22:53:13,372 - INFO - Epoch 154: Loss = 54.7217, Accuracy = 77.86%
2025-07-29 22:53:13,546 - INFO - Epoch 155: Loss = 54.7745, Accuracy = 78.27%
2025-07-29 22:53:13,720 - INFO - Epoch 156: Loss = 52.3648, Accuracy = 79.30%
2025-07-29 22:53:13,895 - INFO - Epoch 157: Loss = 52.7184, Accuracy = 79.43%
2025-07-29 22:53:14,069 - INFO - Epoch 158: Loss = 51.9432, Accuracy = 79.39%
2025-07-29 22:53:14,243 - INFO - Epoch 159: Loss = 51.0739, Accuracy = 80.30%
2025-07-29 22:53:14,418 - INFO - Epoch 160: Loss = 50.6981, Accuracy = 80.71%
2025-07-29 22:53:14,592 - INFO - Epoch 161: Loss = 51.3483, Accuracy = 79.84%
2025-07-29 22:53:14,767 - INFO - Epoch 162: Loss = 50.2280, Accuracy = 80.79%
2025-07-29 22:53:14,941 - INFO - Epoch 163: Loss = 49.8215, Accuracy = 80.26%
2025-07-29 22:53:15,115 - INFO - Epoch 164: Loss = 49.6515, Accuracy = 80.30%
2025-07-29 22:53:15,290 - INFO - Epoch 165: Loss = 48.8391, Accuracy = 81.29%
2025-07-29 22:53:15,464 - INFO - Epoch 166: Loss = 48.2312, Accuracy = 81.83%
2025-07-29 22:53:15,639 - INFO - Epoch 167: Loss = 47.7470, Accuracy = 82.49%
2025-07-29 22:53:15,813 - INFO - Epoch 168: Loss = 47.5156, Accuracy = 81.50%
2025-07-29 22:53:15,987 - INFO - Epoch 169: Loss = 46.5120, Accuracy = 82.16%
2025-07-29 22:53:16,162 - INFO - Epoch 170: Loss = 46.2607, Accuracy = 81.42%
2025-07-29 22:53:16,336 - INFO - Epoch 171: Loss = 48.2239, Accuracy = 81.21%
2025-07-29 22:53:16,510 - INFO - Epoch 172: Loss = 46.1281, Accuracy = 82.37%
2025-07-29 22:53:16,684 - INFO - Epoch 173: Loss = 46.5670, Accuracy = 82.16%
2025-07-29 22:53:16,858 - INFO - Epoch 174: Loss = 45.4085, Accuracy = 82.49%
2025-07-29 22:53:17,033 - INFO - Epoch 175: Loss = 44.1901, Accuracy = 83.44%
2025-07-29 22:53:17,207 - INFO - Epoch 176: Loss = 44.6443, Accuracy = 83.44%
2025-07-29 22:53:17,381 - INFO - Epoch 177: Loss = 45.2367, Accuracy = 82.62%
2025-07-29 22:53:17,555 - INFO - Epoch 178: Loss = 42.7964, Accuracy = 83.86%
2025-07-29 22:53:17,729 - INFO - Epoch 179: Loss = 43.5728, Accuracy = 83.69%
2025-07-29 22:53:17,904 - INFO - Epoch 180: Loss = 42.3394, Accuracy = 84.56%
2025-07-29 22:53:18,078 - INFO - Epoch 181: Loss = 43.9136, Accuracy = 83.77%
2025-07-29 22:53:18,253 - INFO - Epoch 182: Loss = 42.0285, Accuracy = 84.60%
2025-07-29 22:53:18,427 - INFO - Epoch 183: Loss = 41.3319, Accuracy = 85.10%
2025-07-29 22:53:18,601 - INFO - Epoch 184: Loss = 40.5007, Accuracy = 85.39%
2025-07-29 22:53:18,776 - INFO - Epoch 185: Loss = 41.3239, Accuracy = 84.60%
2025-07-29 22:53:18,950 - INFO - Epoch 186: Loss = 40.4631, Accuracy = 85.43%
2025-07-29 22:53:19,125 - INFO - Epoch 187: Loss = 40.0282, Accuracy = 85.22%
2025-07-29 22:53:19,299 - INFO - Epoch 188: Loss = 39.2983, Accuracy = 86.05%
2025-07-29 22:53:19,473 - INFO - Epoch 189: Loss = 39.2531, Accuracy = 86.01%
2025-07-29 22:53:19,647 - INFO - Epoch 190: Loss = 37.7551, Accuracy = 86.67%
2025-07-29 22:53:19,821 - INFO - Epoch 191: Loss = 37.9199, Accuracy = 86.55%
2025-07-29 22:53:19,996 - INFO - Epoch 192: Loss = 38.4761, Accuracy = 86.30%
2025-07-29 22:53:20,170 - INFO - Epoch 193: Loss = 36.5570, Accuracy = 87.04%
2025-07-29 22:53:20,344 - INFO - Epoch 194: Loss = 37.7054, Accuracy = 87.00%
2025-07-29 22:53:20,519 - INFO - Epoch 195: Loss = 37.0105, Accuracy = 86.96%
2025-07-29 22:53:20,693 - INFO - Epoch 196: Loss = 35.8287, Accuracy = 87.50%
2025-07-29 22:53:20,867 - INFO - Epoch 197: Loss = 36.4411, Accuracy = 87.71%
2025-07-29 22:53:21,041 - INFO - Epoch 198: Loss = 36.9940, Accuracy = 87.38%
2025-07-29 22:53:21,216 - INFO - Epoch 199: Loss = 35.8581, Accuracy = 87.58%
2025-07-29 22:53:21,390 - INFO - Epoch 200: Loss = 35.1709, Accuracy = 87.91%
2025-07-29 22:53:21,564 - INFO - Epoch 201: Loss = 34.7241, Accuracy = 88.29%
2025-07-29 22:53:21,739 - INFO - Epoch 202: Loss = 35.7621, Accuracy = 87.25%
2025-07-29 22:53:21,913 - INFO - Epoch 203: Loss = 34.7207, Accuracy = 88.20%
2025-07-29 22:53:22,088 - INFO - Epoch 204: Loss = 34.6920, Accuracy = 88.29%
2025-07-29 22:53:22,262 - INFO - Epoch 205: Loss = 33.9858, Accuracy = 88.58%
2025-07-29 22:53:22,437 - INFO - Epoch 206: Loss = 34.1250, Accuracy = 88.33%
2025-07-29 22:53:22,611 - INFO - Epoch 207: Loss = 33.1019, Accuracy = 89.07%
2025-07-29 22:53:22,785 - INFO - Epoch 208: Loss = 32.4355, Accuracy = 89.32%
2025-07-29 22:53:22,959 - INFO - Epoch 209: Loss = 33.1849, Accuracy = 88.82%
2025-07-29 22:53:23,133 - INFO - Epoch 210: Loss = 32.7144, Accuracy = 88.66%
2025-07-29 22:53:23,308 - INFO - Epoch 211: Loss = 33.1899, Accuracy = 88.70%
2025-07-29 22:53:23,482 - INFO - Epoch 212: Loss = 31.5297, Accuracy = 89.86%
2025-07-29 22:53:23,656 - INFO - Epoch 213: Loss = 31.3512, Accuracy = 89.11%
2025-07-29 22:53:23,831 - INFO - Epoch 214: Loss = 31.7973, Accuracy = 89.49%
2025-07-29 22:53:24,005 - INFO - Epoch 215: Loss = 31.6112, Accuracy = 89.49%
2025-07-29 22:53:24,179 - INFO - Epoch 216: Loss = 31.1351, Accuracy = 89.90%
2025-07-29 22:53:24,353 - INFO - Epoch 217: Loss = 30.8329, Accuracy = 89.36%
2025-07-29 22:53:24,528 - INFO - Epoch 218: Loss = 31.1981, Accuracy = 89.32%
2025-07-29 22:53:24,702 - INFO - Epoch 219: Loss = 31.5223, Accuracy = 89.49%
2025-07-29 22:53:24,876 - INFO - Epoch 220: Loss = 30.9026, Accuracy = 89.16%
2025-07-29 22:53:25,050 - INFO - Epoch 221: Loss = 30.3141, Accuracy = 89.69%
2025-07-29 22:53:25,225 - INFO - Epoch 222: Loss = 29.0778, Accuracy = 90.40%
2025-07-29 22:53:25,399 - INFO - Epoch 223: Loss = 31.7717, Accuracy = 89.07%
2025-07-29 22:53:25,573 - INFO - Epoch 224: Loss = 28.7054, Accuracy = 90.27%
2025-07-29 22:53:25,748 - INFO - Epoch 225: Loss = 29.1494, Accuracy = 90.98%
2025-07-29 22:53:25,922 - INFO - Epoch 226: Loss = 28.0597, Accuracy = 90.36%
2025-07-29 22:53:26,096 - INFO - Epoch 227: Loss = 28.0642, Accuracy = 90.52%
2025-07-29 22:53:26,271 - INFO - Epoch 228: Loss = 28.1341, Accuracy = 90.73%
2025-07-29 22:53:26,445 - INFO - Epoch 229: Loss = 27.6021, Accuracy = 90.85%
2025-07-29 22:53:26,619 - INFO - Epoch 230: Loss = 27.6560, Accuracy = 90.94%
2025-07-29 22:53:26,794 - INFO - Epoch 231: Loss = 25.5347, Accuracy = 91.51%
2025-07-29 22:53:26,968 - INFO - Epoch 232: Loss = 26.7399, Accuracy = 90.73%
2025-07-29 22:53:27,142 - INFO - Epoch 233: Loss = 26.2039, Accuracy = 90.69%
2025-07-29 22:53:27,316 - INFO - Epoch 234: Loss = 28.7059, Accuracy = 90.48%
2025-07-29 22:53:27,491 - INFO - Epoch 235: Loss = 26.1061, Accuracy = 91.18%
2025-07-29 22:53:27,665 - INFO - Epoch 236: Loss = 25.8258, Accuracy = 91.85%
2025-07-29 22:53:27,839 - INFO - Epoch 237: Loss = 26.2731, Accuracy = 91.35%
2025-07-29 22:53:28,014 - INFO - Epoch 238: Loss = 25.7279, Accuracy = 91.35%
2025-07-29 22:53:28,188 - INFO - Epoch 239: Loss = 25.5102, Accuracy = 92.05%
2025-07-29 22:53:28,363 - INFO - Epoch 240: Loss = 25.7159, Accuracy = 91.56%
2025-07-29 22:53:28,537 - INFO - Epoch 241: Loss = 23.2822, Accuracy = 92.72%
2025-07-29 22:53:28,711 - INFO - Epoch 242: Loss = 23.4212, Accuracy = 92.43%
2025-07-29 22:53:28,886 - INFO - Epoch 243: Loss = 23.3656, Accuracy = 92.34%
2025-07-29 22:53:29,060 - INFO - Epoch 244: Loss = 23.6942, Accuracy = 92.18%
2025-07-29 22:53:29,234 - INFO - Epoch 245: Loss = 23.0795, Accuracy = 92.80%
2025-07-29 22:53:29,408 - INFO - Epoch 246: Loss = 23.2439, Accuracy = 92.84%
2025-07-29 22:53:29,582 - INFO - Epoch 247: Loss = 22.4145, Accuracy = 93.09%
2025-07-29 22:53:29,757 - INFO - Epoch 248: Loss = 24.1552, Accuracy = 91.93%
2025-07-29 22:53:29,931 - INFO - Epoch 249: Loss = 22.3835, Accuracy = 92.88%
2025-07-29 22:53:30,105 - INFO - Epoch 250: Loss = 22.2885, Accuracy = 93.05%
2025-07-29 22:53:30,280 - INFO - Epoch 251: Loss = 21.8494, Accuracy = 92.84%
2025-07-29 22:53:30,454 - INFO - Epoch 252: Loss = 22.3839, Accuracy = 92.72%
2025-07-29 22:53:30,629 - INFO - Epoch 253: Loss = 22.0759, Accuracy = 93.38%
2025-07-29 22:53:30,803 - INFO - Epoch 254: Loss = 21.9328, Accuracy = 92.67%
2025-07-29 22:53:30,977 - INFO - Epoch 255: Loss = 22.4000, Accuracy = 92.47%
2025-07-29 22:53:31,151 - INFO - Epoch 256: Loss = 22.4135, Accuracy = 92.51%
2025-07-29 22:53:31,154 - INFO - [Gradient Period 25 Run 5] Training time: 45.76s
2025-07-29 22:53:31,788 - INFO - ✅ Regular Evaluation Accuracy: 48.02%
2025-07-29 22:53:31,833 - INFO - ✅ Regular Evaluation Top-5 Accuracy: 85.45%
2025-07-29 22:53:31,866 - INFO - ✅ Regular Evaluation Accuracy: 26.92%
2025-07-29 22:53:31,880 - INFO - ✅ Regular Evaluation Top-5 Accuracy: 69.23%
2025-07-29 22:53:32,485 - INFO - ✅ Regular Evaluation Accuracy: 6.86%
2025-07-29 22:53:32,497 - INFO - ✅ Regular Evaluation Top-5 Accuracy: 34.31%
2025-07-29 22:53:32,497 - INFO - Nuts
2025-07-29 22:53:32,940 - INFO - ✅ Regular Evaluation Accuracy: 41.75%
2025-07-29 22:53:32,951 - INFO - ✅ Regular Evaluation Top-5 Accuracy: 78.64%
2025-07-29 22:53:32,951 - INFO - Spices
2025-07-29 22:53:33,398 - INFO - ✅ Regular Evaluation Accuracy: 49.47%
2025-07-29 22:53:33,407 - INFO - ✅ Regular Evaluation Top-5 Accuracy: 87.37%
2025-07-29 22:53:33,407 - INFO - Herbs
2025-07-29 22:53:33,873 - INFO - ✅ Regular Evaluation Accuracy: 39.18%
2025-07-29 22:53:33,885 - INFO - ✅ Regular Evaluation Top-5 Accuracy: 76.29%
2025-07-29 22:53:33,885 - INFO - Fruits
2025-07-29 22:53:34,303 - INFO - ✅ Regular Evaluation Accuracy: 53.19%
2025-07-29 22:53:34,312 - INFO - ✅ Regular Evaluation Top-5 Accuracy: 92.55%
2025-07-29 22:53:34,312 - INFO - Vegetables
2025-07-29 22:53:34,775 - INFO - ✅ Regular Evaluation Accuracy: 57.61%
2025-07-29 22:53:34,785 - INFO - ✅ Regular Evaluation Top-5 Accuracy: 93.48%
2025-07-29 22:53:34,785 - INFO - [Gradient Period 25 Run 6] Starting
2025-07-29 22:53:35,934 - INFO - Training on device: cuda
2025-07-29 22:53:36,109 - INFO - Epoch 01: Loss = 296.6655, Accuracy = 2.81%
2025-07-29 22:53:36,283 - INFO - Epoch 02: Loss = 293.7780, Accuracy = 6.33%
2025-07-29 22:53:36,457 - INFO - Epoch 03: Loss = 287.8425, Accuracy = 7.41%
2025-07-29 22:53:36,632 - INFO - Epoch 04: Loss = 274.5793, Accuracy = 8.32%
2025-07-29 22:53:36,806 - INFO - Epoch 05: Loss = 262.8575, Accuracy = 10.80%
2025-07-29 22:53:36,980 - INFO - Epoch 06: Loss = 253.5258, Accuracy = 13.20%
2025-07-29 22:53:37,154 - INFO - Epoch 07: Loss = 245.0520, Accuracy = 15.36%
2025-07-29 22:53:37,332 - INFO - Epoch 08: Loss = 237.6229, Accuracy = 18.29%
2025-07-29 22:53:37,506 - INFO - Epoch 09: Loss = 231.3683, Accuracy = 19.45%
2025-07-29 22:53:37,681 - INFO - Epoch 10: Loss = 226.3320, Accuracy = 19.66%
2025-07-29 22:53:37,855 - INFO - Epoch 11: Loss = 221.1233, Accuracy = 19.66%
2025-07-29 22:53:38,029 - INFO - Epoch 12: Loss = 216.6725, Accuracy = 21.07%
2025-07-29 22:53:38,202 - INFO - Epoch 13: Loss = 212.3477, Accuracy = 21.90%
2025-07-29 22:53:38,376 - INFO - Epoch 14: Loss = 208.7045, Accuracy = 22.60%
2025-07-29 22:53:38,550 - INFO - Epoch 15: Loss = 204.3888, Accuracy = 22.81%
2025-07-29 22:53:38,724 - INFO - Epoch 16: Loss = 200.6996, Accuracy = 24.01%
2025-07-29 22:53:38,898 - INFO - Epoch 17: Loss = 198.0388, Accuracy = 24.96%
2025-07-29 22:53:39,072 - INFO - Epoch 18: Loss = 195.0509, Accuracy = 25.04%
2025-07-29 22:53:39,246 - INFO - Epoch 19: Loss = 192.4663, Accuracy = 26.53%
2025-07-29 22:53:39,420 - INFO - Epoch 20: Loss = 189.1005, Accuracy = 27.57%
2025-07-29 22:53:39,594 - INFO - Epoch 21: Loss = 186.4280, Accuracy = 27.77%
2025-07-29 22:53:39,768 - INFO - Epoch 22: Loss = 183.7101, Accuracy = 29.26%
2025-07-29 22:53:39,941 - INFO - Epoch 23: Loss = 181.5583, Accuracy = 29.22%
2025-07-29 22:53:40,115 - INFO - Epoch 24: Loss = 179.0684, Accuracy = 30.59%
2025-07-29 22:53:40,289 - INFO - Epoch 25: Loss = 176.4130, Accuracy = 30.59%
2025-07-29 22:53:40,463 - INFO - Epoch 26: Loss = 173.8956, Accuracy = 31.95%
2025-07-29 22:53:40,636 - INFO - Epoch 27: Loss = 171.4003, Accuracy = 33.57%
2025-07-29 22:53:40,810 - INFO - Epoch 28: Loss = 169.6056, Accuracy = 33.61%
2025-07-29 22:53:40,984 - INFO - Epoch 29: Loss = 167.1708, Accuracy = 34.15%
2025-07-29 22:53:41,158 - INFO - Epoch 30: Loss = 164.9999, Accuracy = 35.47%
2025-07-29 22:53:41,331 - INFO - Epoch 31: Loss = 162.6987, Accuracy = 36.13%
2025-07-29 22:53:41,505 - INFO - Epoch 32: Loss = 160.9754, Accuracy = 36.84%
2025-07-29 22:53:41,679 - INFO - Epoch 33: Loss = 159.2537, Accuracy = 37.25%
2025-07-29 22:53:41,852 - INFO - Epoch 34: Loss = 157.1637, Accuracy = 37.75%
2025-07-29 22:53:42,026 - INFO - Epoch 35: Loss = 155.1793, Accuracy = 38.00%
2025-07-29 22:53:42,200 - INFO - Epoch 36: Loss = 153.5355, Accuracy = 39.16%
2025-07-29 22:53:42,374 - INFO - Epoch 37: Loss = 151.8634, Accuracy = 40.19%
2025-07-29 22:53:42,547 - INFO - Epoch 38: Loss = 150.3178, Accuracy = 39.90%
2025-07-29 22:53:42,721 - INFO - Epoch 39: Loss = 148.2765, Accuracy = 40.85%
2025-07-29 22:53:42,895 - INFO - Epoch 40: Loss = 146.9656, Accuracy = 41.56%
2025-07-29 22:53:43,068 - INFO - Epoch 41: Loss = 145.7750, Accuracy = 41.76%
2025-07-29 22:53:43,242 - INFO - Epoch 42: Loss = 143.6908, Accuracy = 42.63%
2025-07-29 22:53:43,416 - INFO - Epoch 43: Loss = 143.0629, Accuracy = 43.29%
2025-07-29 22:53:43,589 - INFO - Epoch 44: Loss = 140.7689, Accuracy = 44.21%
2025-07-29 22:53:43,763 - INFO - Epoch 45: Loss = 138.8896, Accuracy = 44.70%
2025-07-29 22:53:43,937 - INFO - Epoch 46: Loss = 137.8751, Accuracy = 45.03%
2025-07-29 22:53:44,110 - INFO - Epoch 47: Loss = 136.8494, Accuracy = 44.70%
2025-07-29 22:53:44,284 - INFO - Epoch 48: Loss = 135.1320, Accuracy = 46.52%
2025-07-29 22:53:44,457 - INFO - Epoch 49: Loss = 134.0545, Accuracy = 46.32%
2025-07-29 22:53:44,631 - INFO - Epoch 50: Loss = 132.3602, Accuracy = 47.43%
2025-07-29 22:53:44,804 - INFO - Epoch 51: Loss = 130.7641, Accuracy = 47.85%
2025-07-29 22:53:44,978 - INFO - Epoch 52: Loss = 129.8259, Accuracy = 48.26%
2025-07-29 22:53:45,152 - INFO - Epoch 53: Loss = 127.9109, Accuracy = 49.17%
2025-07-29 22:53:45,326 - INFO - Epoch 54: Loss = 126.6822, Accuracy = 49.25%
2025-07-29 22:53:45,500 - INFO - Epoch 55: Loss = 125.7396, Accuracy = 49.59%
2025-07-29 22:53:45,674 - INFO - Epoch 56: Loss = 124.3246, Accuracy = 50.12%
2025-07-29 22:53:45,847 - INFO - Epoch 57: Loss = 123.2144, Accuracy = 50.46%
2025-07-29 22:53:46,021 - INFO - Epoch 58: Loss = 121.7578, Accuracy = 50.75%
2025-07-29 22:53:46,195 - INFO - Epoch 59: Loss = 120.6832, Accuracy = 51.57%
2025-07-29 22:53:46,368 - INFO - Epoch 60: Loss = 119.0102, Accuracy = 52.24%
2025-07-29 22:53:46,542 - INFO - Epoch 61: Loss = 118.3107, Accuracy = 52.44%
2025-07-29 22:53:46,716 - INFO - Epoch 62: Loss = 116.8007, Accuracy = 53.02%
2025-07-29 22:53:46,889 - INFO - Epoch 63: Loss = 116.3193, Accuracy = 53.56%
2025-07-29 22:53:47,063 - INFO - Epoch 64: Loss = 114.7912, Accuracy = 53.52%
2025-07-29 22:53:47,237 - INFO - Epoch 65: Loss = 113.7325, Accuracy = 54.01%
2025-07-29 22:53:47,413 - INFO - Epoch 66: Loss = 112.4935, Accuracy = 54.84%
2025-07-29 22:53:47,587 - INFO - Epoch 67: Loss = 111.7894, Accuracy = 54.59%
2025-07-29 22:53:47,760 - INFO - Epoch 68: Loss = 110.4028, Accuracy = 55.63%
2025-07-29 22:53:47,934 - INFO - Epoch 69: Loss = 109.7580, Accuracy = 54.68%
2025-07-29 22:53:48,108 - INFO - Epoch 70: Loss = 108.4380, Accuracy = 56.04%
2025-07-29 22:53:48,281 - INFO - Epoch 71: Loss = 108.0587, Accuracy = 55.96%
2025-07-29 22:53:48,455 - INFO - Epoch 72: Loss = 106.7214, Accuracy = 56.66%
2025-07-29 22:53:48,629 - INFO - Epoch 73: Loss = 105.4627, Accuracy = 57.08%
2025-07-29 22:53:48,802 - INFO - Epoch 74: Loss = 104.4381, Accuracy = 57.12%
2025-07-29 22:53:48,976 - INFO - Epoch 75: Loss = 103.4521, Accuracy = 57.28%
2025-07-29 22:53:49,149 - INFO - Epoch 76: Loss = 102.1455, Accuracy = 59.06%
2025-07-29 22:53:49,323 - INFO - Epoch 77: Loss = 101.2974, Accuracy = 58.73%
2025-07-29 22:53:49,497 - INFO - Epoch 78: Loss = 100.4858, Accuracy = 58.94%
2025-07-29 22:53:49,670 - INFO - Epoch 79: Loss = 99.9451, Accuracy = 59.73%
2025-07-29 22:53:49,844 - INFO - Epoch 80: Loss = 98.7903, Accuracy = 59.73%
2025-07-29 22:53:50,017 - INFO - Epoch 81: Loss = 97.6933, Accuracy = 60.80%
2025-07-29 22:53:50,191 - INFO - Epoch 82: Loss = 97.3844, Accuracy = 60.22%
2025-07-29 22:53:50,364 - INFO - Epoch 83: Loss = 96.6580, Accuracy = 59.85%
2025-07-29 22:53:50,538 - INFO - Epoch 84: Loss = 94.7581, Accuracy = 61.13%
2025-07-29 22:53:50,711 - INFO - Epoch 85: Loss = 94.4038, Accuracy = 61.51%
2025-07-29 22:53:50,885 - INFO - Epoch 86: Loss = 94.3116, Accuracy = 61.38%
2025-07-29 22:53:51,058 - INFO - Epoch 87: Loss = 92.1487, Accuracy = 63.20%
2025-07-29 22:53:51,232 - INFO - Epoch 88: Loss = 91.5951, Accuracy = 62.25%
2025-07-29 22:53:51,406 - INFO - Epoch 89: Loss = 90.9473, Accuracy = 63.08%
2025-07-29 22:53:51,580 - INFO - Epoch 90: Loss = 89.3657, Accuracy = 63.95%
2025-07-29 22:53:51,753 - INFO - Epoch 91: Loss = 89.2292, Accuracy = 64.28%
2025-07-29 22:53:51,927 - INFO - Epoch 92: Loss = 88.4838, Accuracy = 63.78%
2025-07-29 22:53:52,100 - INFO - Epoch 93: Loss = 86.6215, Accuracy = 65.52%
2025-07-29 22:53:52,274 - INFO - Epoch 94: Loss = 86.5390, Accuracy = 64.78%
2025-07-29 22:53:52,448 - INFO - Epoch 95: Loss = 86.1177, Accuracy = 64.98%
2025-07-29 22:53:52,621 - INFO - Epoch 96: Loss = 84.9828, Accuracy = 65.40%
2025-07-29 22:53:52,795 - INFO - Epoch 97: Loss = 84.3379, Accuracy = 65.98%
2025-07-29 22:53:52,969 - INFO - Epoch 98: Loss = 83.6575, Accuracy = 65.98%
2025-07-29 22:53:53,143 - INFO - Epoch 99: Loss = 82.9380, Accuracy = 66.51%
2025-07-29 22:53:53,316 - INFO - Epoch 100: Loss = 82.3824, Accuracy = 66.27%
2025-07-29 22:53:53,490 - INFO - Epoch 101: Loss = 81.8315, Accuracy = 66.60%
2025-07-29 22:53:53,664 - INFO - Epoch 102: Loss = 80.8934, Accuracy = 67.84%
2025-07-29 22:53:53,837 - INFO - Epoch 103: Loss = 79.8106, Accuracy = 67.51%
2025-07-29 22:53:54,011 - INFO - Epoch 104: Loss = 79.2684, Accuracy = 67.88%
2025-07-29 22:53:54,184 - INFO - Epoch 105: Loss = 77.9625, Accuracy = 69.50%
2025-07-29 22:53:54,358 - INFO - Epoch 106: Loss = 78.2480, Accuracy = 68.09%
2025-07-29 22:53:54,532 - INFO - Epoch 107: Loss = 77.5032, Accuracy = 68.34%
2025-07-29 22:53:54,705 - INFO - Epoch 108: Loss = 77.3684, Accuracy = 69.08%
2025-07-29 22:53:54,879 - INFO - Epoch 109: Loss = 76.0062, Accuracy = 69.91%
2025-07-29 22:53:55,052 - INFO - Epoch 110: Loss = 75.0598, Accuracy = 69.50%
2025-07-29 22:53:55,226 - INFO - Epoch 111: Loss = 75.5116, Accuracy = 68.75%
2025-07-29 22:53:55,400 - INFO - Epoch 112: Loss = 73.5031, Accuracy = 69.95%
2025-07-29 22:53:55,573 - INFO - Epoch 113: Loss = 73.6747, Accuracy = 70.03%
2025-07-29 22:53:55,747 - INFO - Epoch 114: Loss = 72.9257, Accuracy = 70.07%
2025-07-29 22:53:55,920 - INFO - Epoch 115: Loss = 71.5213, Accuracy = 71.27%
2025-07-29 22:53:56,094 - INFO - Epoch 116: Loss = 71.6012, Accuracy = 71.15%
2025-07-29 22:53:56,267 - INFO - Epoch 117: Loss = 71.0302, Accuracy = 71.81%
2025-07-29 22:53:56,441 - INFO - Epoch 118: Loss = 70.8198, Accuracy = 72.02%
2025-07-29 22:53:56,614 - INFO - Epoch 119: Loss = 69.3996, Accuracy = 71.77%
2025-07-29 22:53:56,788 - INFO - Epoch 120: Loss = 69.7925, Accuracy = 71.65%
2025-07-29 22:53:56,962 - INFO - Epoch 121: Loss = 68.6644, Accuracy = 72.68%
2025-07-29 22:53:57,135 - INFO - Epoch 122: Loss = 66.5110, Accuracy = 73.63%
2025-07-29 22:53:57,309 - INFO - Epoch 123: Loss = 67.2941, Accuracy = 73.39%
2025-07-29 22:53:57,485 - INFO - Epoch 124: Loss = 67.4908, Accuracy = 73.01%
2025-07-29 22:53:57,659 - INFO - Epoch 125: Loss = 67.1908, Accuracy = 73.01%
2025-07-29 22:53:57,833 - INFO - Epoch 126: Loss = 66.2516, Accuracy = 73.14%
2025-07-29 22:53:58,007 - INFO - Epoch 127: Loss = 65.2098, Accuracy = 73.26%
2025-07-29 22:53:58,180 - INFO - Epoch 128: Loss = 65.5541, Accuracy = 72.93%
2025-07-29 22:53:58,354 - INFO - Epoch 129: Loss = 64.4986, Accuracy = 73.63%
2025-07-29 22:53:58,528 - INFO - Epoch 130: Loss = 64.3074, Accuracy = 74.79%
2025-07-29 22:53:58,701 - INFO - Epoch 131: Loss = 63.0200, Accuracy = 73.84%
2025-07-29 22:53:58,875 - INFO - Epoch 132: Loss = 63.9941, Accuracy = 74.21%
2025-07-29 22:53:59,048 - INFO - Epoch 133: Loss = 62.6694, Accuracy = 74.38%
2025-07-29 22:53:59,222 - INFO - Epoch 134: Loss = 60.2893, Accuracy = 75.54%
2025-07-29 22:53:59,395 - INFO - Epoch 135: Loss = 60.5402, Accuracy = 75.66%
2025-07-29 22:53:59,569 - INFO - Epoch 136: Loss = 61.3244, Accuracy = 75.62%
2025-07-29 22:53:59,743 - INFO - Epoch 137: Loss = 59.6299, Accuracy = 75.70%
2025-07-29 22:53:59,917 - INFO - Epoch 138: Loss = 58.5807, Accuracy = 77.07%
2025-07-29 22:54:00,090 - INFO - Epoch 139: Loss = 57.5659, Accuracy = 77.36%
2025-07-29 22:54:00,264 - INFO - Epoch 140: Loss = 58.8737, Accuracy = 75.95%
2025-07-29 22:54:00,437 - INFO - Epoch 141: Loss = 57.1584, Accuracy = 76.82%
2025-07-29 22:54:00,611 - INFO - Epoch 142: Loss = 57.3645, Accuracy = 76.86%
2025-07-29 22:54:00,785 - INFO - Epoch 143: Loss = 57.0315, Accuracy = 77.24%
2025-07-29 22:54:00,959 - INFO - Epoch 144: Loss = 54.8889, Accuracy = 78.68%
2025-07-29 22:54:01,132 - INFO - Epoch 145: Loss = 54.9453, Accuracy = 78.44%
2025-07-29 22:54:01,306 - INFO - Epoch 146: Loss = 55.4005, Accuracy = 77.57%
2025-07-29 22:54:01,480 - INFO - Epoch 147: Loss = 55.0185, Accuracy = 77.86%
2025-07-29 22:54:01,653 - INFO - Epoch 148: Loss = 54.9474, Accuracy = 78.60%
2025-07-29 22:54:01,827 - INFO - Epoch 149: Loss = 53.4066, Accuracy = 78.44%
2025-07-29 22:54:02,001 - INFO - Epoch 150: Loss = 53.3016, Accuracy = 79.35%
2025-07-29 22:54:02,175 - INFO - Epoch 151: Loss = 52.1288, Accuracy = 79.30%
2025-07-29 22:54:02,348 - INFO - Epoch 152: Loss = 52.0970, Accuracy = 79.43%
2025-07-29 22:54:02,522 - INFO - Epoch 153: Loss = 52.7892, Accuracy = 78.81%
2025-07-29 22:54:02,696 - INFO - Epoch 154: Loss = 50.3085, Accuracy = 79.55%
2025-07-29 22:54:02,869 - INFO - Epoch 155: Loss = 51.0815, Accuracy = 79.35%
2025-07-29 22:54:03,043 - INFO - Epoch 156: Loss = 49.9822, Accuracy = 79.26%
2025-07-29 22:54:03,216 - INFO - Epoch 157: Loss = 50.4208, Accuracy = 79.26%
2025-07-29 22:54:03,390 - INFO - Epoch 158: Loss = 49.2047, Accuracy = 81.00%
2025-07-29 22:54:03,564 - INFO - Epoch 159: Loss = 49.7430, Accuracy = 79.84%
2025-07-29 22:54:03,737 - INFO - Epoch 160: Loss = 48.4459, Accuracy = 81.00%
2025-07-29 22:54:03,911 - INFO - Epoch 161: Loss = 50.6690, Accuracy = 79.22%
2025-07-29 22:54:04,085 - INFO - Epoch 162: Loss = 48.4894, Accuracy = 80.59%
2025-07-29 22:54:04,258 - INFO - Epoch 163: Loss = 46.9348, Accuracy = 81.33%
2025-07-29 22:54:04,432 - INFO - Epoch 164: Loss = 47.3071, Accuracy = 81.58%
2025-07-29 22:54:04,606 - INFO - Epoch 165: Loss = 46.2704, Accuracy = 81.42%
2025-07-29 22:54:04,779 - INFO - Epoch 166: Loss = 46.1439, Accuracy = 82.04%
2025-07-29 22:54:04,953 - INFO - Epoch 167: Loss = 46.3200, Accuracy = 81.95%
2025-07-29 22:54:05,126 - INFO - Epoch 168: Loss = 46.4803, Accuracy = 81.62%
2025-07-29 22:54:05,300 - INFO - Epoch 169: Loss = 44.3925, Accuracy = 82.82%
2025-07-29 22:54:05,473 - INFO - Epoch 170: Loss = 43.9607, Accuracy = 82.49%
2025-07-29 22:54:05,647 - INFO - Epoch 171: Loss = 44.5672, Accuracy = 82.95%
2025-07-29 22:54:05,821 - INFO - Epoch 172: Loss = 43.8849, Accuracy = 82.20%
2025-07-29 22:54:05,994 - INFO - Epoch 173: Loss = 42.8722, Accuracy = 82.82%
2025-07-29 22:54:06,168 - INFO - Epoch 174: Loss = 43.3304, Accuracy = 83.03%
2025-07-29 22:54:06,342 - INFO - Epoch 175: Loss = 43.0245, Accuracy = 82.82%
2025-07-29 22:54:06,515 - INFO - Epoch 176: Loss = 42.5504, Accuracy = 84.06%
2025-07-29 22:54:06,689 - INFO - Epoch 177: Loss = 41.9985, Accuracy = 83.77%
2025-07-29 22:54:06,862 - INFO - Epoch 178: Loss = 41.2001, Accuracy = 84.02%
2025-07-29 22:54:07,036 - INFO - Epoch 179: Loss = 41.1106, Accuracy = 84.31%
2025-07-29 22:54:07,209 - INFO - Epoch 180: Loss = 40.0556, Accuracy = 84.98%
2025-07-29 22:54:07,383 - INFO - Epoch 181: Loss = 40.9434, Accuracy = 84.98%
2025-07-29 22:54:07,557 - INFO - Epoch 182: Loss = 40.4180, Accuracy = 84.60%
2025-07-29 22:54:07,730 - INFO - Epoch 183: Loss = 40.0948, Accuracy = 84.98%
2025-07-29 22:54:07,904 - INFO - Epoch 184: Loss = 40.0371, Accuracy = 84.11%
2025-07-29 22:54:08,078 - INFO - Epoch 185: Loss = 39.5489, Accuracy = 83.86%
2025-07-29 22:54:08,251 - INFO - Epoch 186: Loss = 39.6088, Accuracy = 84.48%
2025-07-29 22:54:08,425 - INFO - Epoch 187: Loss = 38.3984, Accuracy = 85.18%
2025-07-29 22:54:08,599 - INFO - Epoch 188: Loss = 37.7771, Accuracy = 85.14%
2025-07-29 22:54:08,772 - INFO - Epoch 189: Loss = 37.3670, Accuracy = 85.72%
2025-07-29 22:54:08,946 - INFO - Epoch 190: Loss = 37.2030, Accuracy = 85.80%
2025-07-29 22:54:09,120 - INFO - Epoch 191: Loss = 36.9806, Accuracy = 86.13%
2025-07-29 22:54:09,293 - INFO - Epoch 192: Loss = 36.8312, Accuracy = 86.01%
2025-07-29 22:54:09,467 - INFO - Epoch 193: Loss = 36.5473, Accuracy = 86.09%
2025-07-29 22:54:09,640 - INFO - Epoch 194: Loss = 36.1164, Accuracy = 85.80%
2025-07-29 22:54:09,814 - INFO - Epoch 195: Loss = 35.7557, Accuracy = 86.67%
2025-07-29 22:54:09,988 - INFO - Epoch 196: Loss = 34.9880, Accuracy = 86.13%
2025-07-29 22:54:10,162 - INFO - Epoch 197: Loss = 34.2490, Accuracy = 86.59%
2025-07-29 22:54:10,335 - INFO - Epoch 198: Loss = 34.2001, Accuracy = 87.00%
2025-07-29 22:54:10,509 - INFO - Epoch 199: Loss = 34.5420, Accuracy = 86.67%
2025-07-29 22:54:10,682 - INFO - Epoch 200: Loss = 33.8993, Accuracy = 87.38%
2025-07-29 22:54:10,856 - INFO - Epoch 201: Loss = 33.8493, Accuracy = 87.46%
2025-07-29 22:54:11,029 - INFO - Epoch 202: Loss = 33.0613, Accuracy = 87.54%
2025-07-29 22:54:11,203 - INFO - Epoch 203: Loss = 33.7063, Accuracy = 87.04%
2025-07-29 22:54:11,376 - INFO - Epoch 204: Loss = 33.6741, Accuracy = 87.38%
2025-07-29 22:54:11,550 - INFO - Epoch 205: Loss = 33.7965, Accuracy = 86.96%
2025-07-29 22:54:11,724 - INFO - Epoch 206: Loss = 32.6579, Accuracy = 87.71%
2025-07-29 22:54:11,897 - INFO - Epoch 207: Loss = 32.5591, Accuracy = 88.20%
2025-07-29 22:54:12,071 - INFO - Epoch 208: Loss = 32.5515, Accuracy = 88.37%
2025-07-29 22:54:12,245 - INFO - Epoch 209: Loss = 31.1463, Accuracy = 89.07%
2025-07-29 22:54:12,418 - INFO - Epoch 210: Loss = 31.5763, Accuracy = 87.91%
2025-07-29 22:54:12,592 - INFO - Epoch 211: Loss = 32.6419, Accuracy = 87.71%
2025-07-29 22:54:12,765 - INFO - Epoch 212: Loss = 31.3223, Accuracy = 88.62%
2025-07-29 22:54:12,938 - INFO - Epoch 213: Loss = 30.5526, Accuracy = 88.78%
2025-07-29 22:54:13,112 - INFO - Epoch 214: Loss = 28.7638, Accuracy = 89.32%
2025-07-29 22:54:13,286 - INFO - Epoch 215: Loss = 30.2636, Accuracy = 88.91%
2025-07-29 22:54:13,459 - INFO - Epoch 216: Loss = 30.5670, Accuracy = 88.74%
2025-07-29 22:54:13,633 - INFO - Epoch 217: Loss = 28.9971, Accuracy = 89.57%
2025-07-29 22:54:13,806 - INFO - Epoch 218: Loss = 28.6807, Accuracy = 89.82%
2025-07-29 22:54:13,980 - INFO - Epoch 219: Loss = 30.0815, Accuracy = 88.99%
2025-07-29 22:54:14,154 - INFO - Epoch 220: Loss = 28.0276, Accuracy = 89.36%
2025-07-29 22:54:14,327 - INFO - Epoch 221: Loss = 28.8896, Accuracy = 89.11%
2025-07-29 22:54:14,501 - INFO - Epoch 222: Loss = 27.8954, Accuracy = 90.40%
2025-07-29 22:54:14,674 - INFO - Epoch 223: Loss = 27.8973, Accuracy = 90.11%
2025-07-29 22:54:14,848 - INFO - Epoch 224: Loss = 28.5142, Accuracy = 89.90%
2025-07-29 22:54:15,022 - INFO - Epoch 225: Loss = 27.6490, Accuracy = 89.78%
2025-07-29 22:54:15,195 - INFO - Epoch 226: Loss = 27.4916, Accuracy = 89.69%
2025-07-29 22:54:15,369 - INFO - Epoch 227: Loss = 26.9283, Accuracy = 90.36%
2025-07-29 22:54:15,542 - INFO - Epoch 228: Loss = 27.0830, Accuracy = 90.15%
2025-07-29 22:54:15,716 - INFO - Epoch 229: Loss = 25.8546, Accuracy = 91.10%
2025-07-29 22:54:15,890 - INFO - Epoch 230: Loss = 25.0290, Accuracy = 90.94%
2025-07-29 22:54:16,063 - INFO - Epoch 231: Loss = 25.1796, Accuracy = 91.27%
2025-07-29 22:54:16,237 - INFO - Epoch 232: Loss = 27.4447, Accuracy = 89.98%
2025-07-29 22:54:16,411 - INFO - Epoch 233: Loss = 26.5654, Accuracy = 90.36%
2025-07-29 22:54:16,584 - INFO - Epoch 234: Loss = 27.3367, Accuracy = 90.36%
2025-07-29 22:54:16,758 - INFO - Epoch 235: Loss = 25.6904, Accuracy = 91.10%
2025-07-29 22:54:16,931 - INFO - Epoch 236: Loss = 26.6018, Accuracy = 90.52%
2025-07-29 22:54:17,105 - INFO - Epoch 237: Loss = 25.7672, Accuracy = 90.85%
2025-07-29 22:54:17,279 - INFO - Epoch 238: Loss = 25.4781, Accuracy = 91.06%
2025-07-29 22:54:17,454 - INFO - Epoch 239: Loss = 24.4512, Accuracy = 91.47%
2025-07-29 22:54:17,628 - INFO - Epoch 240: Loss = 24.1856, Accuracy = 91.80%
2025-07-29 22:54:17,802 - INFO - Epoch 241: Loss = 22.4341, Accuracy = 92.80%
2025-07-29 22:54:17,975 - INFO - Epoch 242: Loss = 23.7594, Accuracy = 91.23%
2025-07-29 22:54:18,149 - INFO - Epoch 243: Loss = 24.3523, Accuracy = 91.51%
2025-07-29 22:54:18,322 - INFO - Epoch 244: Loss = 22.9237, Accuracy = 91.97%
2025-07-29 22:54:18,496 - INFO - Epoch 245: Loss = 22.1513, Accuracy = 92.59%
2025-07-29 22:54:18,669 - INFO - Epoch 246: Loss = 21.7883, Accuracy = 93.05%
2025-07-29 22:54:18,843 - INFO - Epoch 247: Loss = 22.9099, Accuracy = 92.22%
2025-07-29 22:54:19,017 - INFO - Epoch 248: Loss = 22.0153, Accuracy = 92.88%
2025-07-29 22:54:19,190 - INFO - Epoch 249: Loss = 21.9522, Accuracy = 92.59%
2025-07-29 22:54:19,364 - INFO - Epoch 250: Loss = 21.0381, Accuracy = 93.67%
2025-07-29 22:54:19,538 - INFO - Epoch 251: Loss = 20.5117, Accuracy = 93.21%
2025-07-29 22:54:19,711 - INFO - Epoch 252: Loss = 20.8270, Accuracy = 93.00%
2025-07-29 22:54:19,885 - INFO - Epoch 253: Loss = 20.5785, Accuracy = 93.13%
2025-07-29 22:54:20,058 - INFO - Epoch 254: Loss = 21.1211, Accuracy = 92.76%
2025-07-29 22:54:20,232 - INFO - Epoch 255: Loss = 21.7975, Accuracy = 92.92%
2025-07-29 22:54:20,406 - INFO - Epoch 256: Loss = 19.1082, Accuracy = 93.96%
2025-07-29 22:54:20,408 - INFO - [Gradient Period 25 Run 6] Training time: 45.62s
2025-07-29 22:54:21,047 - INFO - ✅ Regular Evaluation Accuracy: 48.65%
2025-07-29 22:54:21,093 - INFO - ✅ Regular Evaluation Top-5 Accuracy: 84.62%
2025-07-29 22:54:21,125 - INFO - ✅ Regular Evaluation Accuracy: 25.38%
2025-07-29 22:54:21,140 - INFO - ✅ Regular Evaluation Top-5 Accuracy: 67.69%
2025-07-29 22:54:21,629 - INFO - ✅ Regular Evaluation Accuracy: 7.84%
2025-07-29 22:54:21,641 - INFO - ✅ Regular Evaluation Top-5 Accuracy: 26.47%
2025-07-29 22:54:21,641 - INFO - Nuts
2025-07-29 22:54:22,066 - INFO - ✅ Regular Evaluation Accuracy: 35.92%
2025-07-29 22:54:22,077 - INFO - ✅ Regular Evaluation Top-5 Accuracy: 71.84%
2025-07-29 22:54:22,077 - INFO - Spices
2025-07-29 22:54:22,493 - INFO - ✅ Regular Evaluation Accuracy: 52.63%
2025-07-29 22:54:22,503 - INFO - ✅ Regular Evaluation Top-5 Accuracy: 89.47%
2025-07-29 22:54:22,503 - INFO - Herbs
2025-07-29 22:54:22,937 - INFO - ✅ Regular Evaluation Accuracy: 48.45%
2025-07-29 22:54:22,948 - INFO - ✅ Regular Evaluation Top-5 Accuracy: 78.35%
2025-07-29 22:54:22,948 - INFO - Fruits
2025-07-29 22:54:23,371 - INFO - ✅ Regular Evaluation Accuracy: 61.70%
2025-07-29 22:54:23,380 - INFO - ✅ Regular Evaluation Top-5 Accuracy: 94.68%
2025-07-29 22:54:23,380 - INFO - Vegetables
2025-07-29 22:54:23,810 - INFO - ✅ Regular Evaluation Accuracy: 45.65%
2025-07-29 22:54:23,820 - INFO - ✅ Regular Evaluation Top-5 Accuracy: 90.22%
2025-07-29 22:54:23,820 - INFO - [Gradient Period 25 Run 7] Starting
2025-07-29 22:54:25,058 - INFO - Training on device: cuda
2025-07-29 22:54:25,233 - INFO - Epoch 01: Loss = 296.0223, Accuracy = 3.02%
2025-07-29 22:54:25,407 - INFO - Epoch 02: Loss = 292.9311, Accuracy = 7.00%
2025-07-29 22:54:25,581 - INFO - Epoch 03: Loss = 286.9698, Accuracy = 10.84%
2025-07-29 22:54:25,755 - INFO - Epoch 04: Loss = 274.4177, Accuracy = 11.05%
2025-07-29 22:54:25,928 - INFO - Epoch 05: Loss = 261.7735, Accuracy = 11.51%
2025-07-29 22:54:26,102 - INFO - Epoch 06: Loss = 251.7525, Accuracy = 14.28%
2025-07-29 22:54:26,276 - INFO - Epoch 07: Loss = 243.2760, Accuracy = 14.45%
2025-07-29 22:54:26,450 - INFO - Epoch 08: Loss = 235.3291, Accuracy = 16.64%
2025-07-29 22:54:26,623 - INFO - Epoch 09: Loss = 228.5738, Accuracy = 17.38%
2025-07-29 22:54:26,797 - INFO - Epoch 10: Loss = 222.8250, Accuracy = 19.74%
2025-07-29 22:54:26,971 - INFO - Epoch 11: Loss = 217.2299, Accuracy = 20.82%
2025-07-29 22:54:27,145 - INFO - Epoch 12: Loss = 212.8626, Accuracy = 20.99%
2025-07-29 22:54:27,318 - INFO - Epoch 13: Loss = 208.9100, Accuracy = 22.23%
2025-07-29 22:54:27,492 - INFO - Epoch 14: Loss = 205.0356, Accuracy = 23.55%
2025-07-29 22:54:27,665 - INFO - Epoch 15: Loss = 202.3574, Accuracy = 24.21%
2025-07-29 22:54:27,839 - INFO - Epoch 16: Loss = 199.1658, Accuracy = 24.59%
2025-07-29 22:54:28,013 - INFO - Epoch 17: Loss = 196.1532, Accuracy = 25.04%
2025-07-29 22:54:28,186 - INFO - Epoch 18: Loss = 193.5411, Accuracy = 26.12%
2025-07-29 22:54:28,360 - INFO - Epoch 19: Loss = 191.5655, Accuracy = 26.61%
2025-07-29 22:54:28,534 - INFO - Epoch 20: Loss = 188.6281, Accuracy = 27.36%
2025-07-29 22:54:28,708 - INFO - Epoch 21: Loss = 186.2482, Accuracy = 27.65%
2025-07-29 22:54:28,881 - INFO - Epoch 22: Loss = 184.5145, Accuracy = 28.02%
2025-07-29 22:54:29,056 - INFO - Epoch 23: Loss = 181.9699, Accuracy = 29.35%
2025-07-29 22:54:29,230 - INFO - Epoch 24: Loss = 179.9684, Accuracy = 29.68%
2025-07-29 22:54:29,403 - INFO - Epoch 25: Loss = 178.6510, Accuracy = 29.84%
2025-07-29 22:54:29,577 - INFO - Epoch 26: Loss = 176.2207, Accuracy = 31.50%
2025-07-29 22:54:29,750 - INFO - Epoch 27: Loss = 174.2518, Accuracy = 30.71%
2025-07-29 22:54:29,924 - INFO - Epoch 28: Loss = 172.9395, Accuracy = 32.37%
2025-07-29 22:54:30,097 - INFO - Epoch 29: Loss = 171.3380, Accuracy = 31.42%
2025-07-29 22:54:30,270 - INFO - Epoch 30: Loss = 169.4781, Accuracy = 32.00%
2025-07-29 22:54:30,444 - INFO - Epoch 31: Loss = 167.9961, Accuracy = 32.66%
2025-07-29 22:54:30,617 - INFO - Epoch 32: Loss = 165.9601, Accuracy = 33.07%
2025-07-29 22:54:30,791 - INFO - Epoch 33: Loss = 164.6733, Accuracy = 34.06%
2025-07-29 22:54:30,964 - INFO - Epoch 34: Loss = 163.1004, Accuracy = 35.10%
2025-07-29 22:54:31,137 - INFO - Epoch 35: Loss = 161.4944, Accuracy = 34.93%
2025-07-29 22:54:31,311 - INFO - Epoch 36: Loss = 160.5227, Accuracy = 34.85%
2025-07-29 22:54:31,484 - INFO - Epoch 37: Loss = 158.7505, Accuracy = 35.55%
2025-07-29 22:54:31,658 - INFO - Epoch 38: Loss = 156.9707, Accuracy = 36.92%
2025-07-29 22:54:31,831 - INFO - Epoch 39: Loss = 155.3490, Accuracy = 38.37%
2025-07-29 22:54:32,005 - INFO - Epoch 40: Loss = 154.0221, Accuracy = 38.33%
2025-07-29 22:54:32,178 - INFO - Epoch 41: Loss = 152.5110, Accuracy = 38.41%
2025-07-29 22:54:32,352 - INFO - Epoch 42: Loss = 150.8927, Accuracy = 39.57%
2025-07-29 22:54:32,525 - INFO - Epoch 43: Loss = 148.8600, Accuracy = 40.07%
2025-07-29 22:54:32,699 - INFO - Epoch 44: Loss = 147.9606, Accuracy = 39.78%
2025-07-29 22:54:32,872 - INFO - Epoch 45: Loss = 146.1598, Accuracy = 41.76%
2025-07-29 22:54:33,044 - INFO - Epoch 46: Loss = 144.7524, Accuracy = 41.64%
2025-07-29 22:54:33,217 - INFO - Epoch 47: Loss = 143.6150, Accuracy = 42.22%
2025-07-29 22:54:33,390 - INFO - Epoch 48: Loss = 142.4136, Accuracy = 42.18%
2025-07-29 22:54:33,562 - INFO - Epoch 49: Loss = 140.7685, Accuracy = 43.58%
2025-07-29 22:54:33,735 - INFO - Epoch 50: Loss = 139.8297, Accuracy = 42.96%
2025-07-29 22:54:33,908 - INFO - Epoch 51: Loss = 138.3482, Accuracy = 44.29%
2025-07-29 22:54:34,080 - INFO - Epoch 52: Loss = 137.4589, Accuracy = 44.37%
2025-07-29 22:54:34,253 - INFO - Epoch 53: Loss = 135.5042, Accuracy = 45.28%
2025-07-29 22:54:34,426 - INFO - Epoch 54: Loss = 134.3631, Accuracy = 45.65%
2025-07-29 22:54:34,599 - INFO - Epoch 55: Loss = 132.7759, Accuracy = 46.44%
2025-07-29 22:54:34,771 - INFO - Epoch 56: Loss = 131.4261, Accuracy = 47.02%
2025-07-29 22:54:34,944 - INFO - Epoch 57: Loss = 130.7474, Accuracy = 46.77%
2025-07-29 22:54:35,117 - INFO - Epoch 58: Loss = 129.1082, Accuracy = 47.39%
2025-07-29 22:54:35,290 - INFO - Epoch 59: Loss = 128.1554, Accuracy = 48.84%
2025-07-29 22:54:35,463 - INFO - Epoch 60: Loss = 126.8262, Accuracy = 47.93%
2025-07-29 22:54:35,636 - INFO - Epoch 61: Loss = 125.7921, Accuracy = 47.97%
2025-07-29 22:54:35,809 - INFO - Epoch 62: Loss = 125.1030, Accuracy = 49.54%
2025-07-29 22:54:35,981 - INFO - Epoch 63: Loss = 124.2522, Accuracy = 50.46%
2025-07-29 22:54:36,154 - INFO - Epoch 64: Loss = 122.8653, Accuracy = 50.25%
2025-07-29 22:54:36,327 - INFO - Epoch 65: Loss = 121.4406, Accuracy = 50.25%
2025-07-29 22:54:36,499 - INFO - Epoch 66: Loss = 119.4196, Accuracy = 51.99%
2025-07-29 22:54:36,672 - INFO - Epoch 67: Loss = 118.8058, Accuracy = 52.19%
2025-07-29 22:54:36,845 - INFO - Epoch 68: Loss = 118.1509, Accuracy = 52.32%
2025-07-29 22:54:37,018 - INFO - Epoch 69: Loss = 116.7825, Accuracy = 52.73%
2025-07-29 22:54:37,190 - INFO - Epoch 70: Loss = 115.8168, Accuracy = 52.77%
2025-07-29 22:54:37,363 - INFO - Epoch 71: Loss = 114.2512, Accuracy = 54.39%
2025-07-29 22:54:37,536 - INFO - Epoch 72: Loss = 113.9031, Accuracy = 55.01%
2025-07-29 22:54:37,709 - INFO - Epoch 73: Loss = 112.4316, Accuracy = 54.59%
2025-07-29 22:54:37,881 - INFO - Epoch 74: Loss = 111.5615, Accuracy = 55.05%
2025-07-29 22:54:38,054 - INFO - Epoch 75: Loss = 110.7217, Accuracy = 56.37%
2025-07-29 22:54:38,227 - INFO - Epoch 76: Loss = 109.5550, Accuracy = 56.17%
2025-07-29 22:54:38,399 - INFO - Epoch 77: Loss = 108.4847, Accuracy = 56.50%
2025-07-29 22:54:38,572 - INFO - Epoch 78: Loss = 108.6491, Accuracy = 56.75%
2025-07-29 22:54:38,745 - INFO - Epoch 79: Loss = 106.7575, Accuracy = 56.83%
2025-07-29 22:54:38,918 - INFO - Epoch 80: Loss = 106.8721, Accuracy = 57.33%
2025-07-29 22:54:39,090 - INFO - Epoch 81: Loss = 106.2114, Accuracy = 57.00%
2025-07-29 22:54:39,266 - INFO - Epoch 82: Loss = 103.5996, Accuracy = 57.57%
2025-07-29 22:54:39,440 - INFO - Epoch 83: Loss = 103.5693, Accuracy = 58.90%
2025-07-29 22:54:39,613 - INFO - Epoch 84: Loss = 102.1799, Accuracy = 59.69%
2025-07-29 22:54:39,786 - INFO - Epoch 85: Loss = 101.5568, Accuracy = 58.28%
2025-07-29 22:54:39,959 - INFO - Epoch 86: Loss = 100.9774, Accuracy = 59.52%
2025-07-29 22:54:40,132 - INFO - Epoch 87: Loss = 100.7854, Accuracy = 59.60%
2025-07-29 22:54:40,305 - INFO - Epoch 88: Loss = 99.2912, Accuracy = 60.39%
2025-07-29 22:54:40,478 - INFO - Epoch 89: Loss = 97.7624, Accuracy = 61.18%
2025-07-29 22:54:40,651 - INFO - Epoch 90: Loss = 97.1230, Accuracy = 61.71%
2025-07-29 22:54:40,824 - INFO - Epoch 91: Loss = 96.6289, Accuracy = 61.18%
2025-07-29 22:54:40,997 - INFO - Epoch 92: Loss = 95.5744, Accuracy = 62.00%
2025-07-29 22:54:41,171 - INFO - Epoch 93: Loss = 95.2826, Accuracy = 62.54%
2025-07-29 22:54:41,344 - INFO - Epoch 94: Loss = 93.9923, Accuracy = 62.25%
2025-07-29 22:54:41,517 - INFO - Epoch 95: Loss = 92.5187, Accuracy = 63.33%
2025-07-29 22:54:41,689 - INFO - Epoch 96: Loss = 91.8215, Accuracy = 63.12%
2025-07-29 22:54:41,862 - INFO - Epoch 97: Loss = 91.2171, Accuracy = 63.20%
2025-07-29 22:54:42,035 - INFO - Epoch 98: Loss = 90.5146, Accuracy = 63.20%
2025-07-29 22:54:42,208 - INFO - Epoch 99: Loss = 89.5312, Accuracy = 63.99%
2025-07-29 22:54:42,381 - INFO - Epoch 100: Loss = 88.2081, Accuracy = 64.53%
2025-07-29 22:54:42,554 - INFO - Epoch 101: Loss = 89.8787, Accuracy = 63.87%
2025-07-29 22:54:42,727 - INFO - Epoch 102: Loss = 87.8861, Accuracy = 64.24%
2025-07-29 22:54:42,900 - INFO - Epoch 103: Loss = 87.6721, Accuracy = 64.53%
2025-07-29 22:54:43,073 - INFO - Epoch 104: Loss = 85.8015, Accuracy = 64.86%
2025-07-29 22:54:43,246 - INFO - Epoch 105: Loss = 84.7747, Accuracy = 66.06%
2025-07-29 22:54:43,419 - INFO - Epoch 106: Loss = 84.0687, Accuracy = 66.06%
2025-07-29 22:54:43,591 - INFO - Epoch 107: Loss = 83.8566, Accuracy = 66.02%
2025-07-29 22:54:43,764 - INFO - Epoch 108: Loss = 83.0639, Accuracy = 66.85%
2025-07-29 22:54:43,937 - INFO - Epoch 109: Loss = 83.3035, Accuracy = 66.27%
2025-07-29 22:54:44,110 - INFO - Epoch 110: Loss = 82.2676, Accuracy = 67.18%
2025-07-29 22:54:44,283 - INFO - Epoch 111: Loss = 81.1242, Accuracy = 67.51%
2025-07-29 22:54:44,456 - INFO - Epoch 112: Loss = 79.7219, Accuracy = 68.00%
2025-07-29 22:54:44,629 - INFO - Epoch 113: Loss = 79.8267, Accuracy = 68.17%
2025-07-29 22:54:44,802 - INFO - Epoch 114: Loss = 78.9336, Accuracy = 68.67%
2025-07-29 22:54:44,975 - INFO - Epoch 115: Loss = 78.9129, Accuracy = 66.97%
2025-07-29 22:54:45,148 - INFO - Epoch 116: Loss = 78.3112, Accuracy = 68.63%
2025-07-29 22:54:45,321 - INFO - Epoch 117: Loss = 77.5177, Accuracy = 69.33%
2025-07-29 22:54:45,494 - INFO - Epoch 118: Loss = 76.2849, Accuracy = 69.62%
2025-07-29 22:54:45,667 - INFO - Epoch 119: Loss = 76.2651, Accuracy = 69.58%
2025-07-29 22:54:45,841 - INFO - Epoch 120: Loss = 75.1871, Accuracy = 69.41%
2025-07-29 22:54:46,014 - INFO - Epoch 121: Loss = 74.9752, Accuracy = 70.57%
2025-07-29 22:54:46,187 - INFO - Epoch 122: Loss = 75.4122, Accuracy = 69.99%
2025-07-29 22:54:46,360 - INFO - Epoch 123: Loss = 73.6722, Accuracy = 70.32%
2025-07-29 22:54:46,533 - INFO - Epoch 124: Loss = 73.4003, Accuracy = 70.12%
2025-07-29 22:54:46,706 - INFO - Epoch 125: Loss = 71.9855, Accuracy = 72.06%
2025-07-29 22:54:46,879 - INFO - Epoch 126: Loss = 71.7218, Accuracy = 70.57%
2025-07-29 22:54:47,052 - INFO - Epoch 127: Loss = 71.9638, Accuracy = 71.40%
2025-07-29 22:54:47,225 - INFO - Epoch 128: Loss = 71.8242, Accuracy = 70.78%
2025-07-29 22:54:47,398 - INFO - Epoch 129: Loss = 70.0509, Accuracy = 71.90%
2025-07-29 22:54:47,571 - INFO - Epoch 130: Loss = 69.1548, Accuracy = 72.60%
2025-07-29 22:54:47,744 - INFO - Epoch 131: Loss = 69.7139, Accuracy = 72.14%
2025-07-29 22:54:47,917 - INFO - Epoch 132: Loss = 69.0933, Accuracy = 72.23%
2025-07-29 22:54:48,090 - INFO - Epoch 133: Loss = 67.1850, Accuracy = 74.09%
2025-07-29 22:54:48,263 - INFO - Epoch 134: Loss = 67.7701, Accuracy = 72.56%
2025-07-29 22:54:48,436 - INFO - Epoch 135: Loss = 66.4063, Accuracy = 74.13%
2025-07-29 22:54:48,609 - INFO - Epoch 136: Loss = 65.1859, Accuracy = 74.09%
2025-07-29 22:54:48,782 - INFO - Epoch 137: Loss = 66.3044, Accuracy = 74.05%
2025-07-29 22:54:48,955 - INFO - Epoch 138: Loss = 64.7147, Accuracy = 74.63%
2025-07-29 22:54:49,128 - INFO - Epoch 139: Loss = 63.2304, Accuracy = 74.79%
2025-07-29 22:54:49,301 - INFO - Epoch 140: Loss = 63.5201, Accuracy = 75.54%
2025-07-29 22:54:49,474 - INFO - Epoch 141: Loss = 63.4617, Accuracy = 74.71%
2025-07-29 22:54:49,647 - INFO - Epoch 142: Loss = 63.1466, Accuracy = 74.79%
2025-07-29 22:54:49,820 - INFO - Epoch 143: Loss = 61.4153, Accuracy = 76.08%
2025-07-29 22:54:49,993 - INFO - Epoch 144: Loss = 61.4626, Accuracy = 75.41%
2025-07-29 22:54:50,166 - INFO - Epoch 145: Loss = 60.7629, Accuracy = 76.32%
2025-07-29 22:54:50,339 - INFO - Epoch 146: Loss = 61.0973, Accuracy = 75.37%
2025-07-29 22:54:50,512 - INFO - Epoch 147: Loss = 60.4946, Accuracy = 76.57%
2025-07-29 22:54:50,685 - INFO - Epoch 148: Loss = 59.1535, Accuracy = 76.82%
2025-07-29 22:54:50,858 - INFO - Epoch 149: Loss = 58.8998, Accuracy = 76.28%
2025-07-29 22:54:51,031 - INFO - Epoch 150: Loss = 59.1213, Accuracy = 76.53%
2025-07-29 22:54:51,204 - INFO - Epoch 151: Loss = 58.8907, Accuracy = 77.19%
2025-07-29 22:54:51,377 - INFO - Epoch 152: Loss = 58.4185, Accuracy = 77.11%
2025-07-29 22:54:51,550 - INFO - Epoch 153: Loss = 57.9015, Accuracy = 77.61%
2025-07-29 22:54:51,723 - INFO - Epoch 154: Loss = 57.0155, Accuracy = 77.61%
2025-07-29 22:54:51,896 - INFO - Epoch 155: Loss = 57.0061, Accuracy = 76.61%
2025-07-29 22:54:52,069 - INFO - Epoch 156: Loss = 55.6736, Accuracy = 78.06%
2025-07-29 22:54:52,242 - INFO - Epoch 157: Loss = 55.1482, Accuracy = 78.44%
2025-07-29 22:54:52,415 - INFO - Epoch 158: Loss = 54.8539, Accuracy = 78.44%
2025-07-29 22:54:52,588 - INFO - Epoch 159: Loss = 54.6129, Accuracy = 77.86%
2025-07-29 22:54:52,761 - INFO - Epoch 160: Loss = 52.9909, Accuracy = 79.26%
2025-07-29 22:54:52,934 - INFO - Epoch 161: Loss = 52.8565, Accuracy = 78.93%
2025-07-29 22:54:53,107 - INFO - Epoch 162: Loss = 53.3018, Accuracy = 79.26%
2025-07-29 22:54:53,280 - INFO - Epoch 163: Loss = 53.2417, Accuracy = 79.39%
2025-07-29 22:54:53,453 - INFO - Epoch 164: Loss = 52.2519, Accuracy = 78.89%
2025-07-29 22:54:53,626 - INFO - Epoch 165: Loss = 51.7015, Accuracy = 79.97%
2025-07-29 22:54:53,799 - INFO - Epoch 166: Loss = 51.8002, Accuracy = 78.97%
2025-07-29 22:54:53,972 - INFO - Epoch 167: Loss = 50.5962, Accuracy = 79.51%
2025-07-29 22:54:54,145 - INFO - Epoch 168: Loss = 52.2842, Accuracy = 79.06%
2025-07-29 22:54:54,318 - INFO - Epoch 169: Loss = 50.2615, Accuracy = 80.42%
2025-07-29 22:54:54,491 - INFO - Epoch 170: Loss = 49.5649, Accuracy = 80.55%
2025-07-29 22:54:54,664 - INFO - Epoch 171: Loss = 49.2391, Accuracy = 81.17%
2025-07-29 22:54:54,837 - INFO - Epoch 172: Loss = 49.4213, Accuracy = 81.13%
2025-07-29 22:54:55,010 - INFO - Epoch 173: Loss = 47.3087, Accuracy = 81.75%
2025-07-29 22:54:55,182 - INFO - Epoch 174: Loss = 47.6565, Accuracy = 81.66%
2025-07-29 22:54:55,355 - INFO - Epoch 175: Loss = 46.9727, Accuracy = 82.37%
2025-07-29 22:54:55,528 - INFO - Epoch 176: Loss = 47.4780, Accuracy = 82.16%
2025-07-29 22:54:55,701 - INFO - Epoch 177: Loss = 46.4666, Accuracy = 82.57%
2025-07-29 22:54:55,874 - INFO - Epoch 178: Loss = 45.6491, Accuracy = 82.62%
2025-07-29 22:54:56,047 - INFO - Epoch 179: Loss = 44.9951, Accuracy = 82.57%
2025-07-29 22:54:56,220 - INFO - Epoch 180: Loss = 44.7785, Accuracy = 83.36%
2025-07-29 22:54:56,393 - INFO - Epoch 181: Loss = 45.7710, Accuracy = 82.41%
2025-07-29 22:54:56,566 - INFO - Epoch 182: Loss = 45.1294, Accuracy = 82.95%
2025-07-29 22:54:56,739 - INFO - Epoch 183: Loss = 43.8986, Accuracy = 83.86%
2025-07-29 22:54:56,912 - INFO - Epoch 184: Loss = 45.2868, Accuracy = 83.28%
2025-07-29 22:54:57,085 - INFO - Epoch 185: Loss = 43.5628, Accuracy = 83.86%
2025-07-29 22:54:57,258 - INFO - Epoch 186: Loss = 43.1883, Accuracy = 83.82%
2025-07-29 22:54:57,431 - INFO - Epoch 187: Loss = 43.0047, Accuracy = 83.82%
2025-07-29 22:54:57,604 - INFO - Epoch 188: Loss = 41.7654, Accuracy = 84.69%
2025-07-29 22:54:57,777 - INFO - Epoch 189: Loss = 42.1637, Accuracy = 84.40%
2025-07-29 22:54:57,950 - INFO - Epoch 190: Loss = 41.4684, Accuracy = 84.69%
2025-07-29 22:54:58,124 - INFO - Epoch 191: Loss = 41.7328, Accuracy = 84.23%
2025-07-29 22:54:58,297 - INFO - Epoch 192: Loss = 41.3584, Accuracy = 84.69%
2025-07-29 22:54:58,470 - INFO - Epoch 193: Loss = 41.7649, Accuracy = 84.40%
2025-07-29 22:54:58,643 - INFO - Epoch 194: Loss = 41.7456, Accuracy = 84.60%
2025-07-29 22:54:58,816 - INFO - Epoch 195: Loss = 39.9907, Accuracy = 85.35%
2025-07-29 22:54:58,988 - INFO - Epoch 196: Loss = 39.8714, Accuracy = 85.31%
2025-07-29 22:54:59,161 - INFO - Epoch 197: Loss = 39.3970, Accuracy = 85.10%
2025-07-29 22:54:59,337 - INFO - Epoch 198: Loss = 38.8350, Accuracy = 85.72%
2025-07-29 22:54:59,510 - INFO - Epoch 199: Loss = 37.9063, Accuracy = 86.22%
2025-07-29 22:54:59,683 - INFO - Epoch 200: Loss = 39.1527, Accuracy = 85.64%
2025-07-29 22:54:59,856 - INFO - Epoch 201: Loss = 39.7465, Accuracy = 85.64%
2025-07-29 22:55:00,029 - INFO - Epoch 202: Loss = 38.4697, Accuracy = 85.93%
2025-07-29 22:55:00,203 - INFO - Epoch 203: Loss = 38.6121, Accuracy = 86.42%
2025-07-29 22:55:00,376 - INFO - Epoch 204: Loss = 37.1886, Accuracy = 86.63%
2025-07-29 22:55:00,549 - INFO - Epoch 205: Loss = 37.5820, Accuracy = 87.00%
2025-07-29 22:55:00,722 - INFO - Epoch 206: Loss = 36.9845, Accuracy = 87.00%
2025-07-29 22:55:00,895 - INFO - Epoch 207: Loss = 37.7456, Accuracy = 86.01%
2025-07-29 22:55:01,069 - INFO - Epoch 208: Loss = 35.7761, Accuracy = 86.63%
2025-07-29 22:55:01,242 - INFO - Epoch 209: Loss = 35.4531, Accuracy = 86.80%
2025-07-29 22:55:01,415 - INFO - Epoch 210: Loss = 34.6734, Accuracy = 87.50%
2025-07-29 22:55:01,588 - INFO - Epoch 211: Loss = 34.0712, Accuracy = 87.83%
2025-07-29 22:55:01,761 - INFO - Epoch 212: Loss = 34.0189, Accuracy = 88.49%
2025-07-29 22:55:01,935 - INFO - Epoch 213: Loss = 35.2651, Accuracy = 87.54%
2025-07-29 22:55:02,108 - INFO - Epoch 214: Loss = 34.0507, Accuracy = 88.16%
2025-07-29 22:55:02,281 - INFO - Epoch 215: Loss = 33.5324, Accuracy = 87.96%
2025-07-29 22:55:02,454 - INFO - Epoch 216: Loss = 33.3220, Accuracy = 88.04%
2025-07-29 22:55:02,627 - INFO - Epoch 217: Loss = 34.1710, Accuracy = 87.29%
2025-07-29 22:55:02,800 - INFO - Epoch 218: Loss = 32.2930, Accuracy = 89.20%
2025-07-29 22:55:02,973 - INFO - Epoch 219: Loss = 31.9794, Accuracy = 88.91%
2025-07-29 22:55:03,146 - INFO - Epoch 220: Loss = 32.8393, Accuracy = 88.66%
2025-07-29 22:55:03,319 - INFO - Epoch 221: Loss = 32.1721, Accuracy = 88.82%
2025-07-29 22:55:03,492 - INFO - Epoch 222: Loss = 31.9673, Accuracy = 89.61%
2025-07-29 22:55:03,665 - INFO - Epoch 223: Loss = 32.6809, Accuracy = 88.99%
2025-07-29 22:55:03,838 - INFO - Epoch 224: Loss = 31.0786, Accuracy = 89.11%
2025-07-29 22:55:04,011 - INFO - Epoch 225: Loss = 30.5696, Accuracy = 89.45%
2025-07-29 22:55:04,184 - INFO - Epoch 226: Loss = 31.9470, Accuracy = 88.91%
2025-07-29 22:55:04,358 - INFO - Epoch 227: Loss = 31.1973, Accuracy = 89.57%
2025-07-29 22:55:04,531 - INFO - Epoch 228: Loss = 29.8680, Accuracy = 89.74%
2025-07-29 22:55:04,704 - INFO - Epoch 229: Loss = 31.2786, Accuracy = 88.78%
2025-07-29 22:55:04,877 - INFO - Epoch 230: Loss = 31.8101, Accuracy = 88.91%
2025-07-29 22:55:05,050 - INFO - Epoch 231: Loss = 32.3355, Accuracy = 88.62%
2025-07-29 22:55:05,223 - INFO - Epoch 232: Loss = 29.3437, Accuracy = 90.15%
2025-07-29 22:55:05,397 - INFO - Epoch 233: Loss = 30.3175, Accuracy = 89.61%
2025-07-29 22:55:05,570 - INFO - Epoch 234: Loss = 29.0829, Accuracy = 90.27%
2025-07-29 22:55:05,743 - INFO - Epoch 235: Loss = 31.0114, Accuracy = 89.65%
2025-07-29 22:55:05,916 - INFO - Epoch 236: Loss = 28.2949, Accuracy = 90.48%
2025-07-29 22:55:06,089 - INFO - Epoch 237: Loss = 28.0823, Accuracy = 90.69%
2025-07-29 22:55:06,262 - INFO - Epoch 238: Loss = 27.7601, Accuracy = 90.52%
2025-07-29 22:55:06,435 - INFO - Epoch 239: Loss = 26.9861, Accuracy = 91.39%
2025-07-29 22:55:06,609 - INFO - Epoch 240: Loss = 27.6545, Accuracy = 90.77%
2025-07-29 22:55:06,782 - INFO - Epoch 241: Loss = 26.3578, Accuracy = 91.68%
2025-07-29 22:55:06,955 - INFO - Epoch 242: Loss = 26.9436, Accuracy = 91.35%
2025-07-29 22:55:07,128 - INFO - Epoch 243: Loss = 25.6140, Accuracy = 91.97%
2025-07-29 22:55:07,301 - INFO - Epoch 244: Loss = 25.6877, Accuracy = 91.35%
2025-07-29 22:55:07,475 - INFO - Epoch 245: Loss = 25.7537, Accuracy = 91.64%
2025-07-29 22:55:07,648 - INFO - Epoch 246: Loss = 24.8368, Accuracy = 92.22%
2025-07-29 22:55:07,821 - INFO - Epoch 247: Loss = 25.0301, Accuracy = 91.60%
2025-07-29 22:55:07,994 - INFO - Epoch 248: Loss = 24.1441, Accuracy = 91.93%
2025-07-29 22:55:08,167 - INFO - Epoch 249: Loss = 23.9090, Accuracy = 92.22%
2025-07-29 22:55:08,340 - INFO - Epoch 250: Loss = 23.5477, Accuracy = 92.51%
2025-07-29 22:55:08,513 - INFO - Epoch 251: Loss = 25.5409, Accuracy = 91.68%
2025-07-29 22:55:08,686 - INFO - Epoch 252: Loss = 25.5269, Accuracy = 91.39%
2025-07-29 22:55:08,860 - INFO - Epoch 253: Loss = 24.4103, Accuracy = 91.85%
2025-07-29 22:55:09,033 - INFO - Epoch 254: Loss = 23.5634, Accuracy = 92.72%
2025-07-29 22:55:09,206 - INFO - Epoch 255: Loss = 24.8792, Accuracy = 92.09%
2025-07-29 22:55:09,380 - INFO - Epoch 256: Loss = 22.5878, Accuracy = 92.51%
2025-07-29 22:55:09,382 - INFO - [Gradient Period 25 Run 7] Training time: 45.56s
2025-07-29 22:55:10,024 - INFO - ✅ Regular Evaluation Accuracy: 46.78%
2025-07-29 22:55:10,069 - INFO - ✅ Regular Evaluation Top-5 Accuracy: 88.36%
2025-07-29 22:55:10,101 - INFO - ✅ Regular Evaluation Accuracy: 35.38%
2025-07-29 22:55:10,115 - INFO - ✅ Regular Evaluation Top-5 Accuracy: 68.46%
2025-07-29 22:55:10,603 - INFO - ✅ Regular Evaluation Accuracy: 6.86%
2025-07-29 22:55:10,614 - INFO - ✅ Regular Evaluation Top-5 Accuracy: 26.47%
2025-07-29 22:55:10,614 - INFO - Nuts
2025-07-29 22:55:11,054 - INFO - ✅ Regular Evaluation Accuracy: 37.86%
2025-07-29 22:55:11,065 - INFO - ✅ Regular Evaluation Top-5 Accuracy: 80.58%
2025-07-29 22:55:11,065 - INFO - Spices
2025-07-29 22:55:11,487 - INFO - ✅ Regular Evaluation Accuracy: 41.05%
2025-07-29 22:55:11,497 - INFO - ✅ Regular Evaluation Top-5 Accuracy: 87.37%
2025-07-29 22:55:11,497 - INFO - Herbs
2025-07-29 22:55:11,919 - INFO - ✅ Regular Evaluation Accuracy: 46.39%
2025-07-29 22:55:11,930 - INFO - ✅ Regular Evaluation Top-5 Accuracy: 84.54%
2025-07-29 22:55:11,930 - INFO - Fruits
2025-07-29 22:55:12,347 - INFO - ✅ Regular Evaluation Accuracy: 51.06%
2025-07-29 22:55:12,357 - INFO - ✅ Regular Evaluation Top-5 Accuracy: 96.81%
2025-07-29 22:55:12,357 - INFO - Vegetables
2025-07-29 22:55:12,782 - INFO - ✅ Regular Evaluation Accuracy: 58.70%
2025-07-29 22:55:12,791 - INFO - ✅ Regular Evaluation Top-5 Accuracy: 93.48%
2025-07-29 22:55:12,792 - INFO - [Gradient Period 25 Run 8] Starting
2025-07-29 22:55:13,927 - INFO - Training on device: cuda
2025-07-29 22:55:14,110 - INFO - Epoch 01: Loss = 297.0113, Accuracy = 3.31%
2025-07-29 22:55:14,289 - INFO - Epoch 02: Loss = 294.4526, Accuracy = 5.96%
2025-07-29 22:55:14,465 - INFO - Epoch 03: Loss = 290.0106, Accuracy = 9.44%
2025-07-29 22:55:14,642 - INFO - Epoch 04: Loss = 280.3567, Accuracy = 11.34%
2025-07-29 22:55:14,819 - INFO - Epoch 05: Loss = 267.4479, Accuracy = 13.00%
2025-07-29 22:55:14,996 - INFO - Epoch 06: Loss = 256.7860, Accuracy = 13.49%
2025-07-29 22:55:15,173 - INFO - Epoch 07: Loss = 248.4961, Accuracy = 13.00%
2025-07-29 22:55:15,350 - INFO - Epoch 08: Loss = 240.7091, Accuracy = 15.89%
2025-07-29 22:55:15,526 - INFO - Epoch 09: Loss = 232.6147, Accuracy = 18.50%
2025-07-29 22:55:15,702 - INFO - Epoch 10: Loss = 225.1984, Accuracy = 19.91%
2025-07-29 22:55:15,878 - INFO - Epoch 11: Loss = 219.4477, Accuracy = 21.07%
2025-07-29 22:55:16,054 - INFO - Epoch 12: Loss = 214.3685, Accuracy = 22.93%
2025-07-29 22:55:16,230 - INFO - Epoch 13: Loss = 209.7790, Accuracy = 24.63%
2025-07-29 22:55:16,407 - INFO - Epoch 14: Loss = 205.7493, Accuracy = 25.21%
2025-07-29 22:55:16,584 - INFO - Epoch 15: Loss = 201.8170, Accuracy = 25.91%
2025-07-29 22:55:16,760 - INFO - Epoch 16: Loss = 197.8895, Accuracy = 27.11%
2025-07-29 22:55:16,936 - INFO - Epoch 17: Loss = 194.5722, Accuracy = 27.57%
2025-07-29 22:55:17,113 - INFO - Epoch 18: Loss = 191.5305, Accuracy = 28.44%
2025-07-29 22:55:17,290 - INFO - Epoch 19: Loss = 187.9445, Accuracy = 29.10%
2025-07-29 22:55:17,466 - INFO - Epoch 20: Loss = 185.7898, Accuracy = 30.63%
2025-07-29 22:55:17,643 - INFO - Epoch 21: Loss = 182.6811, Accuracy = 31.04%
2025-07-29 22:55:17,820 - INFO - Epoch 22: Loss = 180.2361, Accuracy = 31.62%
2025-07-29 22:55:17,996 - INFO - Epoch 23: Loss = 177.8248, Accuracy = 31.71%
2025-07-29 22:55:18,173 - INFO - Epoch 24: Loss = 175.6685, Accuracy = 32.45%
2025-07-29 22:55:18,349 - INFO - Epoch 25: Loss = 173.2081, Accuracy = 33.07%
2025-07-29 22:55:18,526 - INFO - Epoch 26: Loss = 170.8933, Accuracy = 34.27%
2025-07-29 22:55:18,702 - INFO - Epoch 27: Loss = 168.8181, Accuracy = 33.69%
2025-07-29 22:55:18,879 - INFO - Epoch 28: Loss = 166.7304, Accuracy = 34.40%
2025-07-29 22:55:19,056 - INFO - Epoch 29: Loss = 164.4904, Accuracy = 35.06%
2025-07-29 22:55:19,233 - INFO - Epoch 30: Loss = 162.9835, Accuracy = 35.22%
2025-07-29 22:55:19,411 - INFO - Epoch 31: Loss = 160.9430, Accuracy = 36.51%
2025-07-29 22:55:19,588 - INFO - Epoch 32: Loss = 159.3908, Accuracy = 36.80%
2025-07-29 22:55:19,765 - INFO - Epoch 33: Loss = 157.4574, Accuracy = 37.25%
2025-07-29 22:55:19,941 - INFO - Epoch 34: Loss = 155.7996, Accuracy = 37.71%
2025-07-29 22:55:20,118 - INFO - Epoch 35: Loss = 154.5460, Accuracy = 38.82%
2025-07-29 22:55:20,294 - INFO - Epoch 36: Loss = 152.0504, Accuracy = 39.24%
2025-07-29 22:55:20,470 - INFO - Epoch 37: Loss = 151.2212, Accuracy = 39.28%
2025-07-29 22:55:20,647 - INFO - Epoch 38: Loss = 149.0118, Accuracy = 39.98%
2025-07-29 22:55:20,823 - INFO - Epoch 39: Loss = 147.5457, Accuracy = 40.44%
2025-07-29 22:55:20,999 - INFO - Epoch 40: Loss = 146.6926, Accuracy = 41.23%
2025-07-29 22:55:21,176 - INFO - Epoch 41: Loss = 144.6260, Accuracy = 41.80%
2025-07-29 22:55:21,352 - INFO - Epoch 42: Loss = 143.6188, Accuracy = 42.30%
2025-07-29 22:55:21,529 - INFO - Epoch 43: Loss = 142.2919, Accuracy = 41.76%
2025-07-29 22:55:21,705 - INFO - Epoch 44: Loss = 141.0045, Accuracy = 41.51%
2025-07-29 22:55:21,882 - INFO - Epoch 45: Loss = 139.2355, Accuracy = 42.84%
2025-07-29 22:55:22,058 - INFO - Epoch 46: Loss = 138.4476, Accuracy = 44.00%
2025-07-29 22:55:22,234 - INFO - Epoch 47: Loss = 136.7998, Accuracy = 44.04%
2025-07-29 22:55:22,411 - INFO - Epoch 48: Loss = 136.0731, Accuracy = 44.21%
2025-07-29 22:55:22,587 - INFO - Epoch 49: Loss = 134.4948, Accuracy = 44.95%
2025-07-29 22:55:22,764 - INFO - Epoch 50: Loss = 133.4401, Accuracy = 45.16%
2025-07-29 22:55:22,940 - INFO - Epoch 51: Loss = 132.0910, Accuracy = 45.57%
2025-07-29 22:55:23,116 - INFO - Epoch 52: Loss = 130.5180, Accuracy = 45.86%
2025-07-29 22:55:23,292 - INFO - Epoch 53: Loss = 129.8026, Accuracy = 46.07%
2025-07-29 22:55:23,469 - INFO - Epoch 54: Loss = 128.7812, Accuracy = 47.31%
2025-07-29 22:55:23,645 - INFO - Epoch 55: Loss = 128.1449, Accuracy = 46.98%
2025-07-29 22:55:23,821 - INFO - Epoch 56: Loss = 127.6468, Accuracy = 47.23%
2025-07-29 22:55:23,998 - INFO - Epoch 57: Loss = 125.7386, Accuracy = 47.56%
2025-07-29 22:55:24,174 - INFO - Epoch 58: Loss = 124.7073, Accuracy = 48.10%
2025-07-29 22:55:24,350 - INFO - Epoch 59: Loss = 123.0759, Accuracy = 48.92%
2025-07-29 22:55:24,526 - INFO - Epoch 60: Loss = 121.9538, Accuracy = 48.39%
2025-07-29 22:55:24,703 - INFO - Epoch 61: Loss = 121.0125, Accuracy = 49.34%
2025-07-29 22:55:24,880 - INFO - Epoch 62: Loss = 120.0150, Accuracy = 49.59%
2025-07-29 22:55:25,056 - INFO - Epoch 63: Loss = 118.8702, Accuracy = 50.21%
2025-07-29 22:55:25,232 - INFO - Epoch 64: Loss = 117.8222, Accuracy = 50.95%
2025-07-29 22:55:25,409 - INFO - Epoch 65: Loss = 116.4381, Accuracy = 51.03%
2025-07-29 22:55:25,585 - INFO - Epoch 66: Loss = 115.5317, Accuracy = 52.07%
2025-07-29 22:55:25,762 - INFO - Epoch 67: Loss = 115.4204, Accuracy = 52.44%
2025-07-29 22:55:25,938 - INFO - Epoch 68: Loss = 113.8845, Accuracy = 52.32%
2025-07-29 22:55:26,114 - INFO - Epoch 69: Loss = 112.9076, Accuracy = 53.60%
2025-07-29 22:55:26,291 - INFO - Epoch 70: Loss = 112.1302, Accuracy = 53.48%
2025-07-29 22:55:26,467 - INFO - Epoch 71: Loss = 110.9658, Accuracy = 53.97%
2025-07-29 22:55:26,643 - INFO - Epoch 72: Loss = 109.6053, Accuracy = 54.39%
2025-07-29 22:55:26,820 - INFO - Epoch 73: Loss = 108.7895, Accuracy = 54.59%
2025-07-29 22:55:26,996 - INFO - Epoch 74: Loss = 107.9774, Accuracy = 54.88%
2025-07-29 22:55:27,173 - INFO - Epoch 75: Loss = 108.1994, Accuracy = 55.30%
2025-07-29 22:55:27,349 - INFO - Epoch 76: Loss = 106.2875, Accuracy = 56.46%
2025-07-29 22:55:27,526 - INFO - Epoch 77: Loss = 105.2732, Accuracy = 56.08%
2025-07-29 22:55:27,702 - INFO - Epoch 78: Loss = 104.6466, Accuracy = 56.91%
2025-07-29 22:55:27,879 - INFO - Epoch 79: Loss = 103.6245, Accuracy = 56.62%
2025-07-29 22:55:28,055 - INFO - Epoch 80: Loss = 102.9634, Accuracy = 58.07%
2025-07-29 22:55:28,231 - INFO - Epoch 81: Loss = 102.5703, Accuracy = 57.00%
2025-07-29 22:55:28,408 - INFO - Epoch 82: Loss = 100.3435, Accuracy = 59.11%
2025-07-29 22:55:28,585 - INFO - Epoch 83: Loss = 99.3575, Accuracy = 58.65%
2025-07-29 22:55:28,761 - INFO - Epoch 84: Loss = 99.0178, Accuracy = 59.69%
2025-07-29 22:55:28,937 - INFO - Epoch 85: Loss = 98.3782, Accuracy = 60.14%
2025-07-29 22:55:29,113 - INFO - Epoch 86: Loss = 98.0201, Accuracy = 60.35%
2025-07-29 22:55:29,289 - INFO - Epoch 87: Loss = 96.8643, Accuracy = 60.64%
2025-07-29 22:55:29,466 - INFO - Epoch 88: Loss = 96.0314, Accuracy = 61.26%
2025-07-29 22:55:29,642 - INFO - Epoch 89: Loss = 95.4772, Accuracy = 60.80%
2025-07-29 22:55:29,819 - INFO - Epoch 90: Loss = 94.3087, Accuracy = 61.38%
2025-07-29 22:55:29,996 - INFO - Epoch 91: Loss = 93.9108, Accuracy = 60.97%
2025-07-29 22:55:30,173 - INFO - Epoch 92: Loss = 92.8869, Accuracy = 61.26%
2025-07-29 22:55:30,349 - INFO - Epoch 93: Loss = 92.8497, Accuracy = 61.75%
2025-07-29 22:55:30,526 - INFO - Epoch 94: Loss = 91.1893, Accuracy = 63.04%
2025-07-29 22:55:30,702 - INFO - Epoch 95: Loss = 90.5588, Accuracy = 62.04%
2025-07-29 22:55:30,879 - INFO - Epoch 96: Loss = 89.1503, Accuracy = 62.83%
2025-07-29 22:55:31,055 - INFO - Epoch 97: Loss = 88.5544, Accuracy = 63.41%
2025-07-29 22:55:31,232 - INFO - Epoch 98: Loss = 88.1171, Accuracy = 64.78%
2025-07-29 22:55:31,408 - INFO - Epoch 99: Loss = 88.8686, Accuracy = 63.49%
2025-07-29 22:55:31,585 - INFO - Epoch 100: Loss = 87.1609, Accuracy = 64.11%
2025-07-29 22:55:31,761 - INFO - Epoch 101: Loss = 85.7543, Accuracy = 65.11%
2025-07-29 22:55:31,938 - INFO - Epoch 102: Loss = 85.0357, Accuracy = 65.89%
2025-07-29 22:55:32,115 - INFO - Epoch 103: Loss = 84.5813, Accuracy = 65.44%
2025-07-29 22:55:32,291 - INFO - Epoch 104: Loss = 83.4974, Accuracy = 65.15%
2025-07-29 22:55:32,468 - INFO - Epoch 105: Loss = 84.1859, Accuracy = 65.19%
2025-07-29 22:55:32,644 - INFO - Epoch 106: Loss = 82.6045, Accuracy = 65.65%
2025-07-29 22:55:32,820 - INFO - Epoch 107: Loss = 81.3996, Accuracy = 66.60%
2025-07-29 22:55:32,996 - INFO - Epoch 108: Loss = 81.7026, Accuracy = 66.06%
2025-07-29 22:55:33,173 - INFO - Epoch 109: Loss = 81.2626, Accuracy = 65.73%
2025-07-29 22:55:33,349 - INFO - Epoch 110: Loss = 79.8442, Accuracy = 67.14%
2025-07-29 22:55:33,526 - INFO - Epoch 111: Loss = 79.1282, Accuracy = 67.34%
2025-07-29 22:55:33,702 - INFO - Epoch 112: Loss = 79.0770, Accuracy = 67.51%
2025-07-29 22:55:33,879 - INFO - Epoch 113: Loss = 78.5915, Accuracy = 67.51%
2025-07-29 22:55:34,055 - INFO - Epoch 114: Loss = 78.6648, Accuracy = 66.56%
2025-07-29 22:55:34,232 - INFO - Epoch 115: Loss = 77.7344, Accuracy = 68.05%
2025-07-29 22:55:34,408 - INFO - Epoch 116: Loss = 76.4725, Accuracy = 68.42%
2025-07-29 22:55:34,584 - INFO - Epoch 117: Loss = 75.7444, Accuracy = 68.63%
2025-07-29 22:55:34,760 - INFO - Epoch 118: Loss = 74.2923, Accuracy = 69.45%
2025-07-29 22:55:34,937 - INFO - Epoch 119: Loss = 74.9185, Accuracy = 69.08%
2025-07-29 22:55:35,113 - INFO - Epoch 120: Loss = 74.9375, Accuracy = 68.92%
2025-07-29 22:55:35,289 - INFO - Epoch 121: Loss = 72.9383, Accuracy = 69.25%
2025-07-29 22:55:35,466 - INFO - Epoch 122: Loss = 72.0661, Accuracy = 70.57%
2025-07-29 22:55:35,642 - INFO - Epoch 123: Loss = 72.2032, Accuracy = 70.53%
2025-07-29 22:55:35,819 - INFO - Epoch 124: Loss = 72.8375, Accuracy = 70.41%
2025-07-29 22:55:35,995 - INFO - Epoch 125: Loss = 71.4559, Accuracy = 69.70%
2025-07-29 22:55:36,172 - INFO - Epoch 126: Loss = 70.3253, Accuracy = 70.53%
2025-07-29 22:55:36,348 - INFO - Epoch 127: Loss = 69.7794, Accuracy = 71.81%
2025-07-29 22:55:36,526 - INFO - Epoch 128: Loss = 68.8114, Accuracy = 71.85%
2025-07-29 22:55:36,703 - INFO - Epoch 129: Loss = 68.2348, Accuracy = 72.60%
2025-07-29 22:55:36,879 - INFO - Epoch 130: Loss = 67.3250, Accuracy = 72.06%
2025-07-29 22:55:37,055 - INFO - Epoch 131: Loss = 67.7598, Accuracy = 71.81%
2025-07-29 22:55:37,232 - INFO - Epoch 132: Loss = 66.0393, Accuracy = 73.05%
2025-07-29 22:55:37,408 - INFO - Epoch 133: Loss = 66.9689, Accuracy = 72.31%
2025-07-29 22:55:37,585 - INFO - Epoch 134: Loss = 65.3160, Accuracy = 73.55%
2025-07-29 22:55:37,762 - INFO - Epoch 135: Loss = 65.6799, Accuracy = 73.43%
2025-07-29 22:55:37,938 - INFO - Epoch 136: Loss = 65.5093, Accuracy = 73.26%
2025-07-29 22:55:38,114 - INFO - Epoch 137: Loss = 64.2522, Accuracy = 73.88%
2025-07-29 22:55:38,291 - INFO - Epoch 138: Loss = 63.5803, Accuracy = 73.80%
2025-07-29 22:55:38,467 - INFO - Epoch 139: Loss = 63.8823, Accuracy = 74.92%
2025-07-29 22:55:38,644 - INFO - Epoch 140: Loss = 63.5879, Accuracy = 73.80%
2025-07-29 22:55:38,820 - INFO - Epoch 141: Loss = 62.6958, Accuracy = 74.75%
2025-07-29 22:55:38,997 - INFO - Epoch 142: Loss = 61.2368, Accuracy = 75.12%
2025-07-29 22:55:39,174 - INFO - Epoch 143: Loss = 60.8855, Accuracy = 75.75%
2025-07-29 22:55:39,350 - INFO - Epoch 144: Loss = 62.6163, Accuracy = 74.30%
2025-07-29 22:55:39,529 - INFO - Epoch 145: Loss = 62.4863, Accuracy = 74.21%
2025-07-29 22:55:39,706 - INFO - Epoch 146: Loss = 60.3130, Accuracy = 74.88%
2025-07-29 22:55:39,883 - INFO - Epoch 147: Loss = 60.6773, Accuracy = 75.66%
2025-07-29 22:55:40,059 - INFO - Epoch 148: Loss = 58.8540, Accuracy = 76.03%
2025-07-29 22:55:40,236 - INFO - Epoch 149: Loss = 58.3108, Accuracy = 76.24%
2025-07-29 22:55:40,412 - INFO - Epoch 150: Loss = 58.2372, Accuracy = 76.61%
2025-07-29 22:55:40,589 - INFO - Epoch 151: Loss = 57.8870, Accuracy = 76.61%
2025-07-29 22:55:40,766 - INFO - Epoch 152: Loss = 57.6086, Accuracy = 76.74%
2025-07-29 22:55:40,942 - INFO - Epoch 153: Loss = 56.6578, Accuracy = 77.36%
2025-07-29 22:55:41,118 - INFO - Epoch 154: Loss = 56.3467, Accuracy = 77.36%
2025-07-29 22:55:41,295 - INFO - Epoch 155: Loss = 55.6603, Accuracy = 77.73%
2025-07-29 22:55:41,472 - INFO - Epoch 156: Loss = 54.5097, Accuracy = 78.15%
2025-07-29 22:55:41,649 - INFO - Epoch 157: Loss = 55.0578, Accuracy = 77.86%
2025-07-29 22:55:41,825 - INFO - Epoch 158: Loss = 54.3763, Accuracy = 78.39%
2025-07-29 22:55:42,002 - INFO - Epoch 159: Loss = 53.5347, Accuracy = 78.48%
2025-07-29 22:55:42,179 - INFO - Epoch 160: Loss = 53.9784, Accuracy = 78.89%
2025-07-29 22:55:42,356 - INFO - Epoch 161: Loss = 52.4334, Accuracy = 80.30%
2025-07-29 22:55:42,533 - INFO - Epoch 162: Loss = 53.8300, Accuracy = 78.68%
2025-07-29 22:55:42,709 - INFO - Epoch 163: Loss = 52.4928, Accuracy = 80.01%
2025-07-29 22:55:42,885 - INFO - Epoch 164: Loss = 51.7194, Accuracy = 79.55%
2025-07-29 22:55:43,062 - INFO - Epoch 165: Loss = 51.9954, Accuracy = 79.93%
2025-07-29 22:55:43,239 - INFO - Epoch 166: Loss = 51.0007, Accuracy = 79.43%
2025-07-29 22:55:43,415 - INFO - Epoch 167: Loss = 51.3111, Accuracy = 79.35%
2025-07-29 22:55:43,592 - INFO - Epoch 168: Loss = 49.7147, Accuracy = 81.00%
2025-07-29 22:55:43,768 - INFO - Epoch 169: Loss = 49.4535, Accuracy = 80.59%
2025-07-29 22:55:43,945 - INFO - Epoch 170: Loss = 50.1681, Accuracy = 80.30%
2025-07-29 22:55:44,121 - INFO - Epoch 171: Loss = 49.8214, Accuracy = 79.59%
2025-07-29 22:55:44,297 - INFO - Epoch 172: Loss = 48.8971, Accuracy = 81.00%
2025-07-29 22:55:44,473 - INFO - Epoch 173: Loss = 48.7114, Accuracy = 81.95%
2025-07-29 22:55:44,650 - INFO - Epoch 174: Loss = 49.9109, Accuracy = 80.55%
2025-07-29 22:55:44,826 - INFO - Epoch 175: Loss = 47.7812, Accuracy = 81.58%
2025-07-29 22:55:45,003 - INFO - Epoch 176: Loss = 49.1595, Accuracy = 81.04%
2025-07-29 22:55:45,180 - INFO - Epoch 177: Loss = 46.2265, Accuracy = 82.53%
2025-07-29 22:55:45,356 - INFO - Epoch 178: Loss = 46.7233, Accuracy = 81.83%
2025-07-29 22:55:45,532 - INFO - Epoch 179: Loss = 46.3913, Accuracy = 82.28%
2025-07-29 22:55:45,708 - INFO - Epoch 180: Loss = 46.7950, Accuracy = 81.50%
2025-07-29 22:55:45,885 - INFO - Epoch 181: Loss = 45.2208, Accuracy = 83.07%
2025-07-29 22:55:46,061 - INFO - Epoch 182: Loss = 44.6017, Accuracy = 82.20%
2025-07-29 22:55:46,238 - INFO - Epoch 183: Loss = 44.8309, Accuracy = 82.99%
2025-07-29 22:55:46,414 - INFO - Epoch 184: Loss = 45.5226, Accuracy = 82.62%
2025-07-29 22:55:46,591 - INFO - Epoch 185: Loss = 44.9756, Accuracy = 82.70%
2025-07-29 22:55:46,767 - INFO - Epoch 186: Loss = 43.4043, Accuracy = 83.28%
2025-07-29 22:55:46,944 - INFO - Epoch 187: Loss = 42.7538, Accuracy = 83.61%
2025-07-29 22:55:47,120 - INFO - Epoch 188: Loss = 42.8287, Accuracy = 83.86%
2025-07-29 22:55:47,297 - INFO - Epoch 189: Loss = 41.7394, Accuracy = 84.31%
2025-07-29 22:55:47,473 - INFO - Epoch 190: Loss = 42.7404, Accuracy = 84.06%
2025-07-29 22:55:47,650 - INFO - Epoch 191: Loss = 44.2874, Accuracy = 82.86%
2025-07-29 22:55:47,826 - INFO - Epoch 192: Loss = 42.0979, Accuracy = 83.69%
2025-07-29 22:55:48,004 - INFO - Epoch 193: Loss = 44.4178, Accuracy = 82.33%
2025-07-29 22:55:48,180 - INFO - Epoch 194: Loss = 40.7699, Accuracy = 84.69%
2025-07-29 22:55:48,357 - INFO - Epoch 195: Loss = 40.1498, Accuracy = 84.69%
2025-07-29 22:55:48,534 - INFO - Epoch 196: Loss = 41.9817, Accuracy = 84.02%
2025-07-29 22:55:48,710 - INFO - Epoch 197: Loss = 41.4364, Accuracy = 84.15%
2025-07-29 22:55:48,886 - INFO - Epoch 198: Loss = 41.8828, Accuracy = 84.89%
2025-07-29 22:55:49,063 - INFO - Epoch 199: Loss = 40.8646, Accuracy = 83.98%
2025-07-29 22:55:49,240 - INFO - Epoch 200: Loss = 38.8765, Accuracy = 85.97%
2025-07-29 22:55:49,417 - INFO - Epoch 201: Loss = 40.4474, Accuracy = 84.89%
2025-07-29 22:55:49,595 - INFO - Epoch 202: Loss = 38.7202, Accuracy = 85.80%
2025-07-29 22:55:49,771 - INFO - Epoch 203: Loss = 38.3345, Accuracy = 85.64%
2025-07-29 22:55:49,948 - INFO - Epoch 204: Loss = 38.0543, Accuracy = 85.68%
2025-07-29 22:55:50,124 - INFO - Epoch 205: Loss = 37.3480, Accuracy = 86.22%
2025-07-29 22:55:50,301 - INFO - Epoch 206: Loss = 37.7429, Accuracy = 85.80%
2025-07-29 22:55:50,478 - INFO - Epoch 207: Loss = 37.9046, Accuracy = 86.05%
2025-07-29 22:55:50,654 - INFO - Epoch 208: Loss = 36.6873, Accuracy = 86.47%
2025-07-29 22:55:50,831 - INFO - Epoch 209: Loss = 36.3041, Accuracy = 86.71%
2025-07-29 22:55:51,007 - INFO - Epoch 210: Loss = 37.5052, Accuracy = 86.13%
2025-07-29 22:55:51,185 - INFO - Epoch 211: Loss = 36.8923, Accuracy = 86.47%
2025-07-29 22:55:51,362 - INFO - Epoch 212: Loss = 36.1007, Accuracy = 86.42%
2025-07-29 22:55:51,539 - INFO - Epoch 213: Loss = 34.8231, Accuracy = 87.83%
2025-07-29 22:55:51,715 - INFO - Epoch 214: Loss = 34.8850, Accuracy = 87.21%
2025-07-29 22:55:51,891 - INFO - Epoch 215: Loss = 35.1368, Accuracy = 87.17%
2025-07-29 22:55:52,068 - INFO - Epoch 216: Loss = 35.5954, Accuracy = 87.75%
2025-07-29 22:55:52,245 - INFO - Epoch 217: Loss = 36.2972, Accuracy = 85.89%
2025-07-29 22:55:52,421 - INFO - Epoch 218: Loss = 35.8282, Accuracy = 85.51%
2025-07-29 22:55:52,597 - INFO - Epoch 219: Loss = 35.5432, Accuracy = 87.00%
2025-07-29 22:55:52,774 - INFO - Epoch 220: Loss = 33.5464, Accuracy = 87.54%
2025-07-29 22:55:52,950 - INFO - Epoch 221: Loss = 34.7305, Accuracy = 87.38%
2025-07-29 22:55:53,126 - INFO - Epoch 222: Loss = 33.9996, Accuracy = 87.79%
2025-07-29 22:55:53,303 - INFO - Epoch 223: Loss = 32.9728, Accuracy = 87.67%
2025-07-29 22:55:53,479 - INFO - Epoch 224: Loss = 31.6154, Accuracy = 88.37%
2025-07-29 22:55:53,656 - INFO - Epoch 225: Loss = 32.2263, Accuracy = 88.12%
2025-07-29 22:55:53,832 - INFO - Epoch 226: Loss = 32.0995, Accuracy = 88.04%
2025-07-29 22:55:54,009 - INFO - Epoch 227: Loss = 32.4493, Accuracy = 87.75%
2025-07-29 22:55:54,185 - INFO - Epoch 228: Loss = 31.7284, Accuracy = 88.04%
2025-07-29 22:55:54,361 - INFO - Epoch 229: Loss = 31.4655, Accuracy = 88.53%
2025-07-29 22:55:54,537 - INFO - Epoch 230: Loss = 32.1290, Accuracy = 88.37%
2025-07-29 22:55:54,714 - INFO - Epoch 231: Loss = 30.7093, Accuracy = 88.99%
2025-07-29 22:55:54,891 - INFO - Epoch 232: Loss = 29.7734, Accuracy = 89.16%
2025-07-29 22:55:55,067 - INFO - Epoch 233: Loss = 30.0770, Accuracy = 89.28%
2025-07-29 22:55:55,244 - INFO - Epoch 234: Loss = 29.7914, Accuracy = 89.61%
2025-07-29 22:55:55,421 - INFO - Epoch 235: Loss = 31.0626, Accuracy = 88.78%
2025-07-29 22:55:55,598 - INFO - Epoch 236: Loss = 30.5700, Accuracy = 88.87%
2025-07-29 22:55:55,774 - INFO - Epoch 237: Loss = 29.9111, Accuracy = 89.28%
2025-07-29 22:55:55,951 - INFO - Epoch 238: Loss = 30.3951, Accuracy = 89.07%
2025-07-29 22:55:56,127 - INFO - Epoch 239: Loss = 29.7263, Accuracy = 88.99%
2025-07-29 22:55:56,304 - INFO - Epoch 240: Loss = 28.2534, Accuracy = 90.23%
2025-07-29 22:55:56,480 - INFO - Epoch 241: Loss = 29.0513, Accuracy = 89.53%
2025-07-29 22:55:56,656 - INFO - Epoch 242: Loss = 29.6927, Accuracy = 89.03%
2025-07-29 22:55:56,832 - INFO - Epoch 243: Loss = 29.3602, Accuracy = 89.45%
2025-07-29 22:55:57,009 - INFO - Epoch 244: Loss = 27.9872, Accuracy = 90.48%
2025-07-29 22:55:57,185 - INFO - Epoch 245: Loss = 28.2797, Accuracy = 90.02%
2025-07-29 22:55:57,362 - INFO - Epoch 246: Loss = 28.9252, Accuracy = 89.86%
2025-07-29 22:55:57,539 - INFO - Epoch 247: Loss = 27.7163, Accuracy = 90.36%
2025-07-29 22:55:57,716 - INFO - Epoch 248: Loss = 27.0874, Accuracy = 90.89%
2025-07-29 22:55:57,892 - INFO - Epoch 249: Loss = 28.6069, Accuracy = 90.73%
2025-07-29 22:55:58,069 - INFO - Epoch 250: Loss = 27.8854, Accuracy = 90.15%
2025-07-29 22:55:58,245 - INFO - Epoch 251: Loss = 25.9651, Accuracy = 91.10%
2025-07-29 22:55:58,421 - INFO - Epoch 252: Loss = 26.8790, Accuracy = 91.10%
2025-07-29 22:55:58,597 - INFO - Epoch 253: Loss = 25.5413, Accuracy = 91.68%
2025-07-29 22:55:58,774 - INFO - Epoch 254: Loss = 25.6354, Accuracy = 91.51%
2025-07-29 22:55:58,950 - INFO - Epoch 255: Loss = 25.9757, Accuracy = 90.94%
2025-07-29 22:55:59,129 - INFO - Epoch 256: Loss = 25.4462, Accuracy = 91.02%
2025-07-29 22:55:59,131 - INFO - [Gradient Period 25 Run 8] Training time: 46.34s
2025-07-29 22:55:59,791 - INFO - ✅ Regular Evaluation Accuracy: 46.36%
2025-07-29 22:55:59,836 - INFO - ✅ Regular Evaluation Top-5 Accuracy: 87.53%
2025-07-29 22:55:59,868 - INFO - ✅ Regular Evaluation Accuracy: 25.38%
2025-07-29 22:55:59,882 - INFO - ✅ Regular Evaluation Top-5 Accuracy: 68.46%
2025-07-29 22:56:00,404 - INFO - ✅ Regular Evaluation Accuracy: 8.82%
2025-07-29 22:56:00,415 - INFO - ✅ Regular Evaluation Top-5 Accuracy: 31.37%
2025-07-29 22:56:00,416 - INFO - Nuts
2025-07-29 22:56:00,869 - INFO - ✅ Regular Evaluation Accuracy: 31.07%
2025-07-29 22:56:00,880 - INFO - ✅ Regular Evaluation Top-5 Accuracy: 84.47%
2025-07-29 22:56:00,881 - INFO - Spices
2025-07-29 22:56:01,427 - INFO - ✅ Regular Evaluation Accuracy: 50.53%
2025-07-29 22:56:01,437 - INFO - ✅ Regular Evaluation Top-5 Accuracy: 88.42%
2025-07-29 22:56:01,437 - INFO - Herbs
2025-07-29 22:56:01,892 - INFO - ✅ Regular Evaluation Accuracy: 49.48%
2025-07-29 22:56:01,904 - INFO - ✅ Regular Evaluation Top-5 Accuracy: 84.54%
2025-07-29 22:56:01,904 - INFO - Fruits
2025-07-29 22:56:02,334 - INFO - ✅ Regular Evaluation Accuracy: 54.26%
2025-07-29 22:56:02,343 - INFO - ✅ Regular Evaluation Top-5 Accuracy: 91.49%
2025-07-29 22:56:02,344 - INFO - Vegetables
2025-07-29 22:56:02,767 - INFO - ✅ Regular Evaluation Accuracy: 47.83%
2025-07-29 22:56:02,776 - INFO - ✅ Regular Evaluation Top-5 Accuracy: 89.13%
2025-07-29 22:56:02,777 - INFO - [Gradient Period 25 Run 9] Starting
2025-07-29 22:56:03,913 - INFO - Training on device: cuda
2025-07-29 22:56:04,090 - INFO - Epoch 01: Loss = 296.5188, Accuracy = 3.56%
2025-07-29 22:56:04,267 - INFO - Epoch 02: Loss = 293.1132, Accuracy = 5.30%
2025-07-29 22:56:04,445 - INFO - Epoch 03: Loss = 286.9311, Accuracy = 5.79%
2025-07-29 22:56:04,622 - INFO - Epoch 04: Loss = 275.8166, Accuracy = 6.75%
2025-07-29 22:56:04,799 - INFO - Epoch 05: Loss = 263.8008, Accuracy = 9.19%
2025-07-29 22:56:04,976 - INFO - Epoch 06: Loss = 254.3342, Accuracy = 11.01%
2025-07-29 22:56:05,152 - INFO - Epoch 07: Loss = 246.0117, Accuracy = 13.41%
2025-07-29 22:56:05,329 - INFO - Epoch 08: Loss = 237.7646, Accuracy = 17.43%
2025-07-29 22:56:05,506 - INFO - Epoch 09: Loss = 229.2665, Accuracy = 19.00%
2025-07-29 22:56:05,683 - INFO - Epoch 10: Loss = 222.1154, Accuracy = 20.53%
2025-07-29 22:56:05,859 - INFO - Epoch 11: Loss = 215.9872, Accuracy = 21.32%
2025-07-29 22:56:06,036 - INFO - Epoch 12: Loss = 210.2248, Accuracy = 22.10%
2025-07-29 22:56:06,214 - INFO - Epoch 13: Loss = 205.5465, Accuracy = 23.68%
2025-07-29 22:56:06,391 - INFO - Epoch 14: Loss = 201.3048, Accuracy = 24.63%
2025-07-29 22:56:06,568 - INFO - Epoch 15: Loss = 198.4431, Accuracy = 25.83%
2025-07-29 22:56:06,746 - INFO - Epoch 16: Loss = 194.0995, Accuracy = 25.99%
2025-07-29 22:56:06,923 - INFO - Epoch 17: Loss = 190.9755, Accuracy = 26.16%
2025-07-29 22:56:07,100 - INFO - Epoch 18: Loss = 187.7703, Accuracy = 26.32%
2025-07-29 22:56:07,277 - INFO - Epoch 19: Loss = 185.0686, Accuracy = 27.03%
2025-07-29 22:56:07,454 - INFO - Epoch 20: Loss = 182.3594, Accuracy = 28.23%
2025-07-29 22:56:07,631 - INFO - Epoch 21: Loss = 180.0625, Accuracy = 28.64%
2025-07-29 22:56:07,807 - INFO - Epoch 22: Loss = 177.6015, Accuracy = 29.26%
2025-07-29 22:56:07,984 - INFO - Epoch 23: Loss = 175.6621, Accuracy = 29.84%
2025-07-29 22:56:08,161 - INFO - Epoch 24: Loss = 173.1407, Accuracy = 30.46%
2025-07-29 22:56:08,338 - INFO - Epoch 25: Loss = 170.9363, Accuracy = 30.96%
2025-07-29 22:56:08,515 - INFO - Epoch 26: Loss = 169.2927, Accuracy = 31.66%
2025-07-29 22:56:08,692 - INFO - Epoch 27: Loss = 167.8438, Accuracy = 32.53%
2025-07-29 22:56:08,870 - INFO - Epoch 28: Loss = 165.8636, Accuracy = 32.20%
2025-07-29 22:56:09,046 - INFO - Epoch 29: Loss = 163.7651, Accuracy = 33.61%
2025-07-29 22:56:09,224 - INFO - Epoch 30: Loss = 161.9533, Accuracy = 35.18%
2025-07-29 22:56:09,401 - INFO - Epoch 31: Loss = 160.5993, Accuracy = 34.27%
2025-07-29 22:56:09,578 - INFO - Epoch 32: Loss = 158.9114, Accuracy = 35.39%
2025-07-29 22:56:09,755 - INFO - Epoch 33: Loss = 157.9659, Accuracy = 36.30%
2025-07-29 22:56:09,932 - INFO - Epoch 34: Loss = 155.7817, Accuracy = 37.04%
2025-07-29 22:56:10,110 - INFO - Epoch 35: Loss = 154.1698, Accuracy = 36.84%
2025-07-29 22:56:10,287 - INFO - Epoch 36: Loss = 152.8237, Accuracy = 37.33%
2025-07-29 22:56:10,464 - INFO - Epoch 37: Loss = 151.4832, Accuracy = 38.08%
2025-07-29 22:56:10,641 - INFO - Epoch 38: Loss = 149.6048, Accuracy = 38.58%
2025-07-29 22:56:10,818 - INFO - Epoch 39: Loss = 148.4080, Accuracy = 39.82%
2025-07-29 22:56:10,994 - INFO - Epoch 40: Loss = 146.9524, Accuracy = 40.27%
2025-07-29 22:56:11,172 - INFO - Epoch 41: Loss = 145.4489, Accuracy = 39.53%
2025-07-29 22:56:11,349 - INFO - Epoch 42: Loss = 144.4319, Accuracy = 40.98%
2025-07-29 22:56:11,526 - INFO - Epoch 43: Loss = 143.0602, Accuracy = 41.23%
2025-07-29 22:56:11,703 - INFO - Epoch 44: Loss = 141.4893, Accuracy = 41.64%
2025-07-29 22:56:11,880 - INFO - Epoch 45: Loss = 140.6043, Accuracy = 41.72%
2025-07-29 22:56:12,057 - INFO - Epoch 46: Loss = 138.2861, Accuracy = 43.67%
2025-07-29 22:56:12,234 - INFO - Epoch 47: Loss = 137.2925, Accuracy = 43.83%
2025-07-29 22:56:12,411 - INFO - Epoch 48: Loss = 136.2282, Accuracy = 44.33%
2025-07-29 22:56:12,588 - INFO - Epoch 49: Loss = 135.8223, Accuracy = 44.16%
2025-07-29 22:56:12,766 - INFO - Epoch 50: Loss = 134.0350, Accuracy = 45.03%
2025-07-29 22:56:12,944 - INFO - Epoch 51: Loss = 133.1979, Accuracy = 45.61%
2025-07-29 22:56:13,121 - INFO - Epoch 52: Loss = 131.8726, Accuracy = 45.82%
2025-07-29 22:56:13,298 - INFO - Epoch 53: Loss = 130.3400, Accuracy = 46.03%
2025-07-29 22:56:13,476 - INFO - Epoch 54: Loss = 129.0213, Accuracy = 46.61%
2025-07-29 22:56:13,652 - INFO - Epoch 55: Loss = 128.0774, Accuracy = 47.72%
2025-07-29 22:56:13,829 - INFO - Epoch 56: Loss = 127.4358, Accuracy = 47.43%
2025-07-29 22:56:14,006 - INFO - Epoch 57: Loss = 125.7449, Accuracy = 48.55%
2025-07-29 22:56:14,183 - INFO - Epoch 58: Loss = 125.4168, Accuracy = 49.09%
2025-07-29 22:56:14,360 - INFO - Epoch 59: Loss = 124.7123, Accuracy = 48.84%
2025-07-29 22:56:14,537 - INFO - Epoch 60: Loss = 122.8706, Accuracy = 48.97%
2025-07-29 22:56:14,714 - INFO - Epoch 61: Loss = 122.4828, Accuracy = 49.67%
2025-07-29 22:56:14,891 - INFO - Epoch 62: Loss = 121.0925, Accuracy = 49.71%
2025-07-29 22:56:15,068 - INFO - Epoch 63: Loss = 119.6721, Accuracy = 50.54%
2025-07-29 22:56:15,244 - INFO - Epoch 64: Loss = 118.8543, Accuracy = 51.37%
2025-07-29 22:56:15,421 - INFO - Epoch 65: Loss = 117.7385, Accuracy = 52.15%
2025-07-29 22:56:15,597 - INFO - Epoch 66: Loss = 116.8587, Accuracy = 52.69%
2025-07-29 22:56:15,775 - INFO - Epoch 67: Loss = 115.9220, Accuracy = 52.07%
2025-07-29 22:56:15,952 - INFO - Epoch 68: Loss = 115.8357, Accuracy = 51.95%
2025-07-29 22:56:16,128 - INFO - Epoch 69: Loss = 114.5804, Accuracy = 52.11%
2025-07-29 22:56:16,305 - INFO - Epoch 70: Loss = 112.9537, Accuracy = 53.93%
2025-07-29 22:56:16,481 - INFO - Epoch 71: Loss = 111.9772, Accuracy = 55.22%
2025-07-29 22:56:16,658 - INFO - Epoch 72: Loss = 111.1310, Accuracy = 54.39%
2025-07-29 22:56:16,835 - INFO - Epoch 73: Loss = 110.8552, Accuracy = 55.30%
2025-07-29 22:56:17,012 - INFO - Epoch 74: Loss = 109.7147, Accuracy = 54.76%
2025-07-29 22:56:17,189 - INFO - Epoch 75: Loss = 108.8728, Accuracy = 55.59%
2025-07-29 22:56:17,366 - INFO - Epoch 76: Loss = 107.5288, Accuracy = 56.42%
2025-07-29 22:56:17,543 - INFO - Epoch 77: Loss = 106.9253, Accuracy = 57.82%
2025-07-29 22:56:17,720 - INFO - Epoch 78: Loss = 106.1175, Accuracy = 56.50%
2025-07-29 22:56:17,897 - INFO - Epoch 79: Loss = 105.2625, Accuracy = 57.37%
2025-07-29 22:56:18,075 - INFO - Epoch 80: Loss = 104.6804, Accuracy = 58.11%
2025-07-29 22:56:18,252 - INFO - Epoch 81: Loss = 103.9206, Accuracy = 58.44%
2025-07-29 22:56:18,429 - INFO - Epoch 82: Loss = 103.1594, Accuracy = 58.36%
2025-07-29 22:56:18,606 - INFO - Epoch 83: Loss = 102.1921, Accuracy = 59.02%
2025-07-29 22:56:18,783 - INFO - Epoch 84: Loss = 101.0191, Accuracy = 59.31%
2025-07-29 22:56:18,960 - INFO - Epoch 85: Loss = 99.9009, Accuracy = 59.48%
2025-07-29 22:56:19,137 - INFO - Epoch 86: Loss = 99.5716, Accuracy = 59.02%
2025-07-29 22:56:19,315 - INFO - Epoch 87: Loss = 98.9592, Accuracy = 60.43%
2025-07-29 22:56:19,492 - INFO - Epoch 88: Loss = 97.2735, Accuracy = 60.93%
2025-07-29 22:56:19,668 - INFO - Epoch 89: Loss = 96.1465, Accuracy = 61.42%
2025-07-29 22:56:19,847 - INFO - Epoch 90: Loss = 96.7946, Accuracy = 60.43%
2025-07-29 22:56:20,025 - INFO - Epoch 91: Loss = 95.2772, Accuracy = 60.97%
2025-07-29 22:56:20,202 - INFO - Epoch 92: Loss = 94.7486, Accuracy = 60.89%
2025-07-29 22:56:20,379 - INFO - Epoch 93: Loss = 93.7271, Accuracy = 61.88%
2025-07-29 22:56:20,556 - INFO - Epoch 94: Loss = 92.6989, Accuracy = 63.16%
2025-07-29 22:56:20,733 - INFO - Epoch 95: Loss = 91.9060, Accuracy = 62.83%
2025-07-29 22:56:20,911 - INFO - Epoch 96: Loss = 91.5686, Accuracy = 62.29%
2025-07-29 22:56:21,088 - INFO - Epoch 97: Loss = 90.5453, Accuracy = 63.45%
2025-07-29 22:56:21,266 - INFO - Epoch 98: Loss = 91.1798, Accuracy = 63.49%
2025-07-29 22:56:21,443 - INFO - Epoch 99: Loss = 88.9123, Accuracy = 63.82%
2025-07-29 22:56:21,620 - INFO - Epoch 100: Loss = 89.0855, Accuracy = 63.49%
2025-07-29 22:56:21,796 - INFO - Epoch 101: Loss = 87.6679, Accuracy = 64.32%
2025-07-29 22:56:21,973 - INFO - Epoch 102: Loss = 87.3577, Accuracy = 65.02%
2025-07-29 22:56:22,150 - INFO - Epoch 103: Loss = 86.9745, Accuracy = 64.65%
2025-07-29 22:56:22,327 - INFO - Epoch 104: Loss = 86.0956, Accuracy = 64.40%
2025-07-29 22:56:22,504 - INFO - Epoch 105: Loss = 85.8454, Accuracy = 65.52%
2025-07-29 22:56:22,681 - INFO - Epoch 106: Loss = 85.1460, Accuracy = 64.94%
2025-07-29 22:56:22,858 - INFO - Epoch 107: Loss = 84.1750, Accuracy = 65.52%
2025-07-29 22:56:23,035 - INFO - Epoch 108: Loss = 83.2957, Accuracy = 66.47%
2025-07-29 22:56:23,212 - INFO - Epoch 109: Loss = 82.8639, Accuracy = 66.35%
2025-07-29 22:56:23,389 - INFO - Epoch 110: Loss = 81.5305, Accuracy = 67.51%
2025-07-29 22:56:23,566 - INFO - Epoch 111: Loss = 81.3664, Accuracy = 67.22%
2025-07-29 22:56:23,743 - INFO - Epoch 112: Loss = 80.1300, Accuracy = 67.43%
2025-07-29 22:56:23,919 - INFO - Epoch 113: Loss = 79.8628, Accuracy = 67.84%
2025-07-29 22:56:24,097 - INFO - Epoch 114: Loss = 79.2101, Accuracy = 67.05%
2025-07-29 22:56:24,274 - INFO - Epoch 115: Loss = 79.9265, Accuracy = 67.88%
2025-07-29 22:56:24,451 - INFO - Epoch 116: Loss = 77.7675, Accuracy = 68.38%
2025-07-29 22:56:24,628 - INFO - Epoch 117: Loss = 77.0288, Accuracy = 68.83%
2025-07-29 22:56:24,805 - INFO - Epoch 118: Loss = 77.2612, Accuracy = 68.58%
2025-07-29 22:56:24,982 - INFO - Epoch 119: Loss = 75.7185, Accuracy = 68.92%
2025-07-29 22:56:25,159 - INFO - Epoch 120: Loss = 76.7502, Accuracy = 68.87%
2025-07-29 22:56:25,336 - INFO - Epoch 121: Loss = 74.8023, Accuracy = 69.16%
2025-07-29 22:56:25,514 - INFO - Epoch 122: Loss = 74.1230, Accuracy = 70.07%
2025-07-29 22:56:25,691 - INFO - Epoch 123: Loss = 73.4757, Accuracy = 70.57%
2025-07-29 22:56:25,868 - INFO - Epoch 124: Loss = 73.2710, Accuracy = 69.87%
2025-07-29 22:56:26,045 - INFO - Epoch 125: Loss = 73.1688, Accuracy = 69.50%
2025-07-29 22:56:26,222 - INFO - Epoch 126: Loss = 71.8930, Accuracy = 70.90%
2025-07-29 22:56:26,399 - INFO - Epoch 127: Loss = 71.0563, Accuracy = 70.74%
2025-07-29 22:56:26,575 - INFO - Epoch 128: Loss = 70.2070, Accuracy = 70.65%
2025-07-29 22:56:26,752 - INFO - Epoch 129: Loss = 70.4099, Accuracy = 71.11%
2025-07-29 22:56:26,930 - INFO - Epoch 130: Loss = 69.2145, Accuracy = 71.52%
2025-07-29 22:56:27,106 - INFO - Epoch 131: Loss = 68.9081, Accuracy = 71.40%
2025-07-29 22:56:27,283 - INFO - Epoch 132: Loss = 68.2217, Accuracy = 71.85%
2025-07-29 22:56:27,459 - INFO - Epoch 133: Loss = 67.3059, Accuracy = 72.02%
2025-07-29 22:56:27,636 - INFO - Epoch 134: Loss = 66.3935, Accuracy = 71.73%
2025-07-29 22:56:27,813 - INFO - Epoch 135: Loss = 67.6062, Accuracy = 72.43%
2025-07-29 22:56:27,991 - INFO - Epoch 136: Loss = 66.2111, Accuracy = 73.18%
2025-07-29 22:56:28,167 - INFO - Epoch 137: Loss = 65.2537, Accuracy = 73.88%
2025-07-29 22:56:28,344 - INFO - Epoch 138: Loss = 65.3038, Accuracy = 73.88%
2025-07-29 22:56:28,521 - INFO - Epoch 139: Loss = 64.6112, Accuracy = 73.18%
2025-07-29 22:56:28,698 - INFO - Epoch 140: Loss = 63.2947, Accuracy = 74.09%
2025-07-29 22:56:28,875 - INFO - Epoch 141: Loss = 63.3542, Accuracy = 74.25%
2025-07-29 22:56:29,052 - INFO - Epoch 142: Loss = 62.3740, Accuracy = 74.17%
2025-07-29 22:56:29,229 - INFO - Epoch 143: Loss = 61.7622, Accuracy = 74.96%
2025-07-29 22:56:29,407 - INFO - Epoch 144: Loss = 62.5525, Accuracy = 74.05%
2025-07-29 22:56:29,583 - INFO - Epoch 145: Loss = 63.2156, Accuracy = 74.63%
2025-07-29 22:56:29,760 - INFO - Epoch 146: Loss = 61.8745, Accuracy = 74.88%
2025-07-29 22:56:29,938 - INFO - Epoch 147: Loss = 60.6319, Accuracy = 75.25%
2025-07-29 22:56:30,115 - INFO - Epoch 148: Loss = 61.5450, Accuracy = 75.21%
2025-07-29 22:56:30,292 - INFO - Epoch 149: Loss = 59.5727, Accuracy = 75.75%
2025-07-29 22:56:30,470 - INFO - Epoch 150: Loss = 59.2989, Accuracy = 75.75%
2025-07-29 22:56:30,647 - INFO - Epoch 151: Loss = 59.5639, Accuracy = 75.62%
2025-07-29 22:56:30,824 - INFO - Epoch 152: Loss = 58.7092, Accuracy = 75.95%
2025-07-29 22:56:31,001 - INFO - Epoch 153: Loss = 57.1152, Accuracy = 77.44%
2025-07-29 22:56:31,177 - INFO - Epoch 154: Loss = 57.6658, Accuracy = 76.53%
2025-07-29 22:56:31,355 - INFO - Epoch 155: Loss = 57.2847, Accuracy = 76.70%
2025-07-29 22:56:31,532 - INFO - Epoch 156: Loss = 57.5064, Accuracy = 77.28%
2025-07-29 22:56:31,709 - INFO - Epoch 157: Loss = 55.5079, Accuracy = 77.03%
2025-07-29 22:56:31,885 - INFO - Epoch 158: Loss = 55.3587, Accuracy = 77.98%
2025-07-29 22:56:32,063 - INFO - Epoch 159: Loss = 56.3884, Accuracy = 76.53%
2025-07-29 22:56:32,240 - INFO - Epoch 160: Loss = 54.9861, Accuracy = 77.32%
2025-07-29 22:56:32,417 - INFO - Epoch 161: Loss = 53.8903, Accuracy = 78.93%
2025-07-29 22:56:32,594 - INFO - Epoch 162: Loss = 54.6325, Accuracy = 77.52%
2025-07-29 22:56:32,771 - INFO - Epoch 163: Loss = 54.0587, Accuracy = 77.69%
2025-07-29 22:56:32,949 - INFO - Epoch 164: Loss = 53.5374, Accuracy = 77.77%
2025-07-29 22:56:33,126 - INFO - Epoch 165: Loss = 53.1737, Accuracy = 78.19%
2025-07-29 22:56:33,303 - INFO - Epoch 166: Loss = 53.6350, Accuracy = 78.77%
2025-07-29 22:56:33,480 - INFO - Epoch 167: Loss = 51.5543, Accuracy = 79.59%
2025-07-29 22:56:33,657 - INFO - Epoch 168: Loss = 52.8607, Accuracy = 78.73%
2025-07-29 22:56:33,834 - INFO - Epoch 169: Loss = 52.0266, Accuracy = 79.72%
2025-07-29 22:56:34,010 - INFO - Epoch 170: Loss = 50.8303, Accuracy = 79.97%
2025-07-29 22:56:34,188 - INFO - Epoch 171: Loss = 49.8463, Accuracy = 80.13%
2025-07-29 22:56:34,365 - INFO - Epoch 172: Loss = 49.7179, Accuracy = 80.38%
2025-07-29 22:56:34,542 - INFO - Epoch 173: Loss = 48.7227, Accuracy = 81.00%
2025-07-29 22:56:34,719 - INFO - Epoch 174: Loss = 48.3060, Accuracy = 81.54%
2025-07-29 22:56:34,896 - INFO - Epoch 175: Loss = 48.1524, Accuracy = 81.62%
2025-07-29 22:56:35,073 - INFO - Epoch 176: Loss = 48.1026, Accuracy = 81.42%
2025-07-29 22:56:35,250 - INFO - Epoch 177: Loss = 48.3839, Accuracy = 81.17%
2025-07-29 22:56:35,427 - INFO - Epoch 178: Loss = 48.1114, Accuracy = 81.37%
2025-07-29 22:56:35,604 - INFO - Epoch 179: Loss = 46.7686, Accuracy = 81.29%
2025-07-29 22:56:35,781 - INFO - Epoch 180: Loss = 45.5633, Accuracy = 82.04%
2025-07-29 22:56:35,959 - INFO - Epoch 181: Loss = 45.7984, Accuracy = 81.54%
2025-07-29 22:56:36,136 - INFO - Epoch 182: Loss = 44.9139, Accuracy = 82.45%
2025-07-29 22:56:36,312 - INFO - Epoch 183: Loss = 45.1459, Accuracy = 82.20%
2025-07-29 22:56:36,489 - INFO - Epoch 184: Loss = 44.1793, Accuracy = 83.03%
2025-07-29 22:56:36,666 - INFO - Epoch 185: Loss = 44.3329, Accuracy = 83.40%
2025-07-29 22:56:36,843 - INFO - Epoch 186: Loss = 43.7427, Accuracy = 83.15%
2025-07-29 22:56:37,021 - INFO - Epoch 187: Loss = 42.6849, Accuracy = 83.65%
2025-07-29 22:56:37,198 - INFO - Epoch 188: Loss = 42.0520, Accuracy = 84.40%
2025-07-29 22:56:37,375 - INFO - Epoch 189: Loss = 42.2853, Accuracy = 83.86%
2025-07-29 22:56:37,552 - INFO - Epoch 190: Loss = 41.5650, Accuracy = 84.02%
2025-07-29 22:56:37,729 - INFO - Epoch 191: Loss = 41.7352, Accuracy = 84.52%
2025-07-29 22:56:37,906 - INFO - Epoch 192: Loss = 41.1727, Accuracy = 84.56%
2025-07-29 22:56:38,082 - INFO - Epoch 193: Loss = 40.8402, Accuracy = 84.81%
2025-07-29 22:56:38,259 - INFO - Epoch 194: Loss = 40.5493, Accuracy = 84.98%
2025-07-29 22:56:38,436 - INFO - Epoch 195: Loss = 40.3229, Accuracy = 85.14%
2025-07-29 22:56:38,614 - INFO - Epoch 196: Loss = 40.1157, Accuracy = 84.35%
2025-07-29 22:56:38,790 - INFO - Epoch 197: Loss = 38.9341, Accuracy = 85.43%
2025-07-29 22:56:38,967 - INFO - Epoch 198: Loss = 39.6438, Accuracy = 85.64%
2025-07-29 22:56:39,144 - INFO - Epoch 199: Loss = 38.7551, Accuracy = 85.97%
2025-07-29 22:56:39,322 - INFO - Epoch 200: Loss = 38.8533, Accuracy = 85.72%
2025-07-29 22:56:39,499 - INFO - Epoch 201: Loss = 37.7649, Accuracy = 85.97%
2025-07-29 22:56:39,676 - INFO - Epoch 202: Loss = 38.6156, Accuracy = 85.43%
2025-07-29 22:56:39,853 - INFO - Epoch 203: Loss = 37.7776, Accuracy = 85.84%
2025-07-29 22:56:40,031 - INFO - Epoch 204: Loss = 37.4334, Accuracy = 86.47%
2025-07-29 22:56:40,209 - INFO - Epoch 205: Loss = 38.6268, Accuracy = 86.13%
2025-07-29 22:56:40,386 - INFO - Epoch 206: Loss = 36.1262, Accuracy = 87.04%
2025-07-29 22:56:40,563 - INFO - Epoch 207: Loss = 35.7351, Accuracy = 86.92%
2025-07-29 22:56:40,740 - INFO - Epoch 208: Loss = 36.4483, Accuracy = 86.71%
2025-07-29 22:56:40,917 - INFO - Epoch 209: Loss = 35.9407, Accuracy = 87.17%
2025-07-29 22:56:41,095 - INFO - Epoch 210: Loss = 35.2725, Accuracy = 87.50%
2025-07-29 22:56:41,272 - INFO - Epoch 211: Loss = 33.9843, Accuracy = 87.96%
2025-07-29 22:56:41,449 - INFO - Epoch 212: Loss = 33.6169, Accuracy = 88.37%
2025-07-29 22:56:41,626 - INFO - Epoch 213: Loss = 33.5958, Accuracy = 88.58%
2025-07-29 22:56:41,803 - INFO - Epoch 214: Loss = 33.9306, Accuracy = 87.96%
2025-07-29 22:56:41,981 - INFO - Epoch 215: Loss = 33.8745, Accuracy = 88.29%
2025-07-29 22:56:42,158 - INFO - Epoch 216: Loss = 33.0262, Accuracy = 88.12%
2025-07-29 22:56:42,334 - INFO - Epoch 217: Loss = 31.9807, Accuracy = 88.70%
2025-07-29 22:56:42,511 - INFO - Epoch 218: Loss = 31.1829, Accuracy = 88.95%
2025-07-29 22:56:42,687 - INFO - Epoch 219: Loss = 31.5776, Accuracy = 88.87%
2025-07-29 22:56:42,864 - INFO - Epoch 220: Loss = 31.3876, Accuracy = 89.49%
2025-07-29 22:56:43,040 - INFO - Epoch 221: Loss = 32.1470, Accuracy = 88.53%
2025-07-29 22:56:43,217 - INFO - Epoch 222: Loss = 31.2835, Accuracy = 89.32%
2025-07-29 22:56:43,394 - INFO - Epoch 223: Loss = 30.7848, Accuracy = 89.16%
2025-07-29 22:56:43,570 - INFO - Epoch 224: Loss = 33.1081, Accuracy = 88.29%
2025-07-29 22:56:43,747 - INFO - Epoch 225: Loss = 29.4584, Accuracy = 89.94%
2025-07-29 22:56:43,924 - INFO - Epoch 226: Loss = 29.0953, Accuracy = 89.78%
2025-07-29 22:56:44,102 - INFO - Epoch 227: Loss = 29.2576, Accuracy = 90.40%
2025-07-29 22:56:44,279 - INFO - Epoch 228: Loss = 29.5298, Accuracy = 90.48%
2025-07-29 22:56:44,455 - INFO - Epoch 229: Loss = 31.2462, Accuracy = 89.53%
2025-07-29 22:56:44,632 - INFO - Epoch 230: Loss = 30.2927, Accuracy = 89.45%
2025-07-29 22:56:44,810 - INFO - Epoch 231: Loss = 29.0639, Accuracy = 90.31%
2025-07-29 22:56:44,988 - INFO - Epoch 232: Loss = 29.9187, Accuracy = 89.74%
2025-07-29 22:56:45,165 - INFO - Epoch 233: Loss = 28.9899, Accuracy = 90.02%
2025-07-29 22:56:45,342 - INFO - Epoch 234: Loss = 28.2023, Accuracy = 90.89%
2025-07-29 22:56:45,519 - INFO - Epoch 235: Loss = 29.1589, Accuracy = 90.07%
2025-07-29 22:56:45,696 - INFO - Epoch 236: Loss = 26.6338, Accuracy = 91.64%
2025-07-29 22:56:45,873 - INFO - Epoch 237: Loss = 28.2840, Accuracy = 90.48%
2025-07-29 22:56:46,050 - INFO - Epoch 238: Loss = 26.9562, Accuracy = 90.98%
2025-07-29 22:56:46,227 - INFO - Epoch 239: Loss = 27.4804, Accuracy = 90.94%
2025-07-29 22:56:46,404 - INFO - Epoch 240: Loss = 26.4478, Accuracy = 91.56%
2025-07-29 22:56:46,581 - INFO - Epoch 241: Loss = 26.7625, Accuracy = 90.94%
2025-07-29 22:56:46,758 - INFO - Epoch 242: Loss = 26.1554, Accuracy = 91.80%
2025-07-29 22:56:46,935 - INFO - Epoch 243: Loss = 25.9128, Accuracy = 91.72%
2025-07-29 22:56:47,111 - INFO - Epoch 244: Loss = 24.8960, Accuracy = 91.76%
2025-07-29 22:56:47,288 - INFO - Epoch 245: Loss = 25.4430, Accuracy = 91.97%
2025-07-29 22:56:47,465 - INFO - Epoch 246: Loss = 23.9658, Accuracy = 92.51%
2025-07-29 22:56:47,642 - INFO - Epoch 247: Loss = 25.6147, Accuracy = 91.51%
2025-07-29 22:56:47,820 - INFO - Epoch 248: Loss = 24.6558, Accuracy = 91.93%
2025-07-29 22:56:47,996 - INFO - Epoch 249: Loss = 22.7548, Accuracy = 92.88%
2025-07-29 22:56:48,174 - INFO - Epoch 250: Loss = 23.5253, Accuracy = 92.67%
2025-07-29 22:56:48,351 - INFO - Epoch 251: Loss = 24.7510, Accuracy = 92.14%
2025-07-29 22:56:48,528 - INFO - Epoch 252: Loss = 23.7561, Accuracy = 92.09%
2025-07-29 22:56:48,705 - INFO - Epoch 253: Loss = 25.4212, Accuracy = 91.64%
2025-07-29 22:56:48,882 - INFO - Epoch 254: Loss = 23.3542, Accuracy = 92.76%
2025-07-29 22:56:49,058 - INFO - Epoch 255: Loss = 23.3800, Accuracy = 92.67%
2025-07-29 22:56:49,235 - INFO - Epoch 256: Loss = 23.0051, Accuracy = 92.34%
2025-07-29 22:56:49,238 - INFO - [Gradient Period 25 Run 9] Training time: 46.46s
2025-07-29 22:56:49,873 - INFO - ✅ Regular Evaluation Accuracy: 49.69%
2025-07-29 22:56:49,918 - INFO - ✅ Regular Evaluation Top-5 Accuracy: 86.49%
2025-07-29 22:56:49,951 - INFO - ✅ Regular Evaluation Accuracy: 30.77%
2025-07-29 22:56:49,965 - INFO - ✅ Regular Evaluation Top-5 Accuracy: 72.31%
2025-07-29 22:56:50,443 - INFO - ✅ Regular Evaluation Accuracy: 5.88%
2025-07-29 22:56:50,455 - INFO - ✅ Regular Evaluation Top-5 Accuracy: 21.57%
2025-07-29 22:56:50,455 - INFO - Nuts
2025-07-29 22:56:50,880 - INFO - ✅ Regular Evaluation Accuracy: 43.69%
2025-07-29 22:56:50,892 - INFO - ✅ Regular Evaluation Top-5 Accuracy: 78.64%
2025-07-29 22:56:50,892 - INFO - Spices
2025-07-29 22:56:51,309 - INFO - ✅ Regular Evaluation Accuracy: 48.42%
2025-07-29 22:56:51,318 - INFO - ✅ Regular Evaluation Top-5 Accuracy: 88.42%
2025-07-29 22:56:51,319 - INFO - Herbs
2025-07-29 22:56:51,747 - INFO - ✅ Regular Evaluation Accuracy: 48.45%
2025-07-29 22:56:51,758 - INFO - ✅ Regular Evaluation Top-5 Accuracy: 80.41%
2025-07-29 22:56:51,758 - INFO - Fruits
2025-07-29 22:56:52,181 - INFO - ✅ Regular Evaluation Accuracy: 58.51%
2025-07-29 22:56:52,190 - INFO - ✅ Regular Evaluation Top-5 Accuracy: 91.49%
2025-07-29 22:56:52,190 - INFO - Vegetables
2025-07-29 22:56:52,615 - INFO - ✅ Regular Evaluation Accuracy: 50.00%
2025-07-29 22:56:52,625 - INFO - ✅ Regular Evaluation Top-5 Accuracy: 94.57%
2025-07-29 22:56:52,625 - INFO - [Gradient Period 25 Run 10] Starting
2025-07-29 22:56:53,756 - INFO - Training on device: cuda
2025-07-29 22:56:53,930 - INFO - Epoch 01: Loss = 295.9529, Accuracy = 3.39%
2025-07-29 22:56:54,104 - INFO - Epoch 02: Loss = 292.3754, Accuracy = 5.88%
2025-07-29 22:56:54,277 - INFO - Epoch 03: Loss = 284.3386, Accuracy = 6.71%
2025-07-29 22:56:54,451 - INFO - Epoch 04: Loss = 269.9754, Accuracy = 7.74%
2025-07-29 22:56:54,624 - INFO - Epoch 05: Loss = 257.9498, Accuracy = 11.84%
2025-07-29 22:56:54,797 - INFO - Epoch 06: Loss = 248.4373, Accuracy = 12.71%
2025-07-29 22:56:54,971 - INFO - Epoch 07: Loss = 240.9707, Accuracy = 13.87%
2025-07-29 22:56:55,144 - INFO - Epoch 08: Loss = 233.8875, Accuracy = 15.94%
2025-07-29 22:56:55,317 - INFO - Epoch 09: Loss = 227.7782, Accuracy = 16.02%
2025-07-29 22:56:55,490 - INFO - Epoch 10: Loss = 222.3210, Accuracy = 17.22%
2025-07-29 22:56:55,663 - INFO - Epoch 11: Loss = 217.8488, Accuracy = 18.21%
2025-07-29 22:56:55,837 - INFO - Epoch 12: Loss = 213.7725, Accuracy = 19.16%
2025-07-29 22:56:56,010 - INFO - Epoch 13: Loss = 209.8841, Accuracy = 19.87%
2025-07-29 22:56:56,183 - INFO - Epoch 14: Loss = 206.5888, Accuracy = 21.48%
2025-07-29 22:56:56,356 - INFO - Epoch 15: Loss = 203.8108, Accuracy = 22.23%
2025-07-29 22:56:56,530 - INFO - Epoch 16: Loss = 201.1918, Accuracy = 23.34%
2025-07-29 22:56:56,703 - INFO - Epoch 17: Loss = 198.6539, Accuracy = 23.59%
2025-07-29 22:56:56,877 - INFO - Epoch 18: Loss = 196.3860, Accuracy = 25.08%
2025-07-29 22:56:57,050 - INFO - Epoch 19: Loss = 193.9493, Accuracy = 24.96%
2025-07-29 22:56:57,223 - INFO - Epoch 20: Loss = 191.7020, Accuracy = 25.37%
2025-07-29 22:56:57,396 - INFO - Epoch 21: Loss = 189.4604, Accuracy = 24.92%
2025-07-29 22:56:57,570 - INFO - Epoch 22: Loss = 187.6870, Accuracy = 26.61%
2025-07-29 22:56:57,743 - INFO - Epoch 23: Loss = 185.6343, Accuracy = 27.69%
2025-07-29 22:56:57,916 - INFO - Epoch 24: Loss = 183.2485, Accuracy = 27.81%
2025-07-29 22:56:58,089 - INFO - Epoch 25: Loss = 181.7536, Accuracy = 28.56%
2025-07-29 22:56:58,262 - INFO - Epoch 26: Loss = 179.3237, Accuracy = 29.55%
2025-07-29 22:56:58,435 - INFO - Epoch 27: Loss = 177.4651, Accuracy = 30.59%
2025-07-29 22:56:58,608 - INFO - Epoch 28: Loss = 176.3003, Accuracy = 30.50%
2025-07-29 22:56:58,781 - INFO - Epoch 29: Loss = 175.0222, Accuracy = 30.46%
2025-07-29 22:56:58,954 - INFO - Epoch 30: Loss = 172.7907, Accuracy = 30.96%
2025-07-29 22:56:59,128 - INFO - Epoch 31: Loss = 171.1702, Accuracy = 32.37%
2025-07-29 22:56:59,301 - INFO - Epoch 32: Loss = 169.9087, Accuracy = 32.00%
2025-07-29 22:56:59,474 - INFO - Epoch 33: Loss = 167.8993, Accuracy = 32.33%
2025-07-29 22:56:59,648 - INFO - Epoch 34: Loss = 166.3369, Accuracy = 32.91%
2025-07-29 22:56:59,821 - INFO - Epoch 35: Loss = 165.4914, Accuracy = 33.28%
2025-07-29 22:56:59,994 - INFO - Epoch 36: Loss = 162.6346, Accuracy = 34.52%
2025-07-29 22:57:00,167 - INFO - Epoch 37: Loss = 162.0206, Accuracy = 35.02%
2025-07-29 22:57:00,340 - INFO - Epoch 38: Loss = 159.9130, Accuracy = 35.64%
2025-07-29 22:57:00,513 - INFO - Epoch 39: Loss = 159.1550, Accuracy = 35.68%
2025-07-29 22:57:00,686 - INFO - Epoch 40: Loss = 157.2614, Accuracy = 36.26%
2025-07-29 22:57:00,859 - INFO - Epoch 41: Loss = 156.0672, Accuracy = 36.47%
2025-07-29 22:57:01,032 - INFO - Epoch 42: Loss = 154.8966, Accuracy = 38.00%
2025-07-29 22:57:01,205 - INFO - Epoch 43: Loss = 153.3254, Accuracy = 38.16%
2025-07-29 22:57:01,378 - INFO - Epoch 44: Loss = 152.0713, Accuracy = 38.29%
2025-07-29 22:57:01,551 - INFO - Epoch 45: Loss = 150.4700, Accuracy = 38.82%
2025-07-29 22:57:01,725 - INFO - Epoch 46: Loss = 149.0064, Accuracy = 39.65%
2025-07-29 22:57:01,898 - INFO - Epoch 47: Loss = 147.7735, Accuracy = 39.94%
2025-07-29 22:57:02,072 - INFO - Epoch 48: Loss = 146.7384, Accuracy = 39.53%
2025-07-29 22:57:02,245 - INFO - Epoch 49: Loss = 145.2889, Accuracy = 40.07%
2025-07-29 22:57:02,418 - INFO - Epoch 50: Loss = 144.0352, Accuracy = 40.94%
2025-07-29 22:57:02,591 - INFO - Epoch 51: Loss = 142.8198, Accuracy = 41.72%
2025-07-29 22:57:02,765 - INFO - Epoch 52: Loss = 141.6739, Accuracy = 42.01%
2025-07-29 22:57:02,938 - INFO - Epoch 53: Loss = 140.1322, Accuracy = 42.34%
2025-07-29 22:57:03,111 - INFO - Epoch 54: Loss = 138.4911, Accuracy = 42.59%
2025-07-29 22:57:03,284 - INFO - Epoch 55: Loss = 137.8313, Accuracy = 43.38%
2025-07-29 22:57:03,457 - INFO - Epoch 56: Loss = 136.6894, Accuracy = 44.21%
2025-07-29 22:57:03,631 - INFO - Epoch 57: Loss = 135.5132, Accuracy = 44.16%
2025-07-29 22:57:03,804 - INFO - Epoch 58: Loss = 134.5210, Accuracy = 44.45%
2025-07-29 22:57:03,977 - INFO - Epoch 59: Loss = 133.4927, Accuracy = 45.70%
2025-07-29 22:57:04,150 - INFO - Epoch 60: Loss = 132.1235, Accuracy = 46.03%
2025-07-29 22:57:04,323 - INFO - Epoch 61: Loss = 130.6869, Accuracy = 46.11%
2025-07-29 22:57:04,496 - INFO - Epoch 62: Loss = 129.5427, Accuracy = 47.19%
2025-07-29 22:57:04,671 - INFO - Epoch 63: Loss = 128.7039, Accuracy = 46.81%
2025-07-29 22:57:04,846 - INFO - Epoch 64: Loss = 127.5930, Accuracy = 47.85%
2025-07-29 22:57:05,019 - INFO - Epoch 65: Loss = 126.5073, Accuracy = 47.76%
2025-07-29 22:57:05,193 - INFO - Epoch 66: Loss = 125.0744, Accuracy = 48.51%
2025-07-29 22:57:05,366 - INFO - Epoch 67: Loss = 124.3563, Accuracy = 48.43%
2025-07-29 22:57:05,539 - INFO - Epoch 68: Loss = 123.8581, Accuracy = 49.30%
2025-07-29 22:57:05,713 - INFO - Epoch 69: Loss = 122.9226, Accuracy = 49.17%
2025-07-29 22:57:05,886 - INFO - Epoch 70: Loss = 120.6868, Accuracy = 49.79%
2025-07-29 22:57:06,059 - INFO - Epoch 71: Loss = 120.7173, Accuracy = 50.12%
2025-07-29 22:57:06,233 - INFO - Epoch 72: Loss = 119.3555, Accuracy = 50.62%
2025-07-29 22:57:06,406 - INFO - Epoch 73: Loss = 118.2424, Accuracy = 50.99%
2025-07-29 22:57:06,579 - INFO - Epoch 74: Loss = 117.3773, Accuracy = 51.57%
2025-07-29 22:57:06,752 - INFO - Epoch 75: Loss = 116.4384, Accuracy = 51.12%
2025-07-29 22:57:06,926 - INFO - Epoch 76: Loss = 116.8269, Accuracy = 51.28%
2025-07-29 22:57:07,099 - INFO - Epoch 77: Loss = 115.1029, Accuracy = 52.81%
2025-07-29 22:57:07,272 - INFO - Epoch 78: Loss = 114.0902, Accuracy = 52.40%
2025-07-29 22:57:07,446 - INFO - Epoch 79: Loss = 112.3897, Accuracy = 53.10%
2025-07-29 22:57:07,619 - INFO - Epoch 80: Loss = 111.2491, Accuracy = 54.64%
2025-07-29 22:57:07,792 - INFO - Epoch 81: Loss = 110.3756, Accuracy = 54.18%
2025-07-29 22:57:07,966 - INFO - Epoch 82: Loss = 109.5136, Accuracy = 54.97%
2025-07-29 22:57:08,139 - INFO - Epoch 83: Loss = 109.0652, Accuracy = 55.59%
2025-07-29 22:57:08,312 - INFO - Epoch 84: Loss = 108.1678, Accuracy = 55.71%
2025-07-29 22:57:08,486 - INFO - Epoch 85: Loss = 107.4176, Accuracy = 56.29%
2025-07-29 22:57:08,659 - INFO - Epoch 86: Loss = 106.5869, Accuracy = 56.79%
2025-07-29 22:57:08,832 - INFO - Epoch 87: Loss = 105.4750, Accuracy = 57.12%
2025-07-29 22:57:09,005 - INFO - Epoch 88: Loss = 104.2649, Accuracy = 57.41%
2025-07-29 22:57:09,179 - INFO - Epoch 89: Loss = 103.7461, Accuracy = 57.41%
2025-07-29 22:57:09,352 - INFO - Epoch 90: Loss = 102.7631, Accuracy = 57.62%
2025-07-29 22:57:09,526 - INFO - Epoch 91: Loss = 102.8456, Accuracy = 58.15%
2025-07-29 22:57:09,699 - INFO - Epoch 92: Loss = 102.3134, Accuracy = 57.95%
2025-07-29 22:57:09,872 - INFO - Epoch 93: Loss = 101.0537, Accuracy = 58.69%
2025-07-29 22:57:10,045 - INFO - Epoch 94: Loss = 99.2616, Accuracy = 59.23%
2025-07-29 22:57:10,219 - INFO - Epoch 95: Loss = 98.9315, Accuracy = 59.23%
2025-07-29 22:57:10,392 - INFO - Epoch 96: Loss = 98.6798, Accuracy = 60.10%
2025-07-29 22:57:10,565 - INFO - Epoch 97: Loss = 97.0046, Accuracy = 60.18%
2025-07-29 22:57:10,738 - INFO - Epoch 98: Loss = 96.0767, Accuracy = 60.89%
2025-07-29 22:57:10,912 - INFO - Epoch 99: Loss = 95.4591, Accuracy = 60.43%
2025-07-29 22:57:11,085 - INFO - Epoch 100: Loss = 94.9351, Accuracy = 60.60%
2025-07-29 22:57:11,258 - INFO - Epoch 101: Loss = 93.5293, Accuracy = 61.47%
2025-07-29 22:57:11,431 - INFO - Epoch 102: Loss = 93.2336, Accuracy = 61.84%
2025-07-29 22:57:11,605 - INFO - Epoch 103: Loss = 91.8033, Accuracy = 62.54%
2025-07-29 22:57:11,778 - INFO - Epoch 104: Loss = 91.1922, Accuracy = 63.20%
2025-07-29 22:57:11,951 - INFO - Epoch 105: Loss = 91.0380, Accuracy = 63.08%
2025-07-29 22:57:12,124 - INFO - Epoch 106: Loss = 89.6871, Accuracy = 63.00%
2025-07-29 22:57:12,297 - INFO - Epoch 107: Loss = 89.8725, Accuracy = 63.91%
2025-07-29 22:57:12,470 - INFO - Epoch 108: Loss = 88.5425, Accuracy = 64.11%
2025-07-29 22:57:12,644 - INFO - Epoch 109: Loss = 87.0484, Accuracy = 65.36%
2025-07-29 22:57:12,817 - INFO - Epoch 110: Loss = 86.9618, Accuracy = 64.90%
2025-07-29 22:57:12,990 - INFO - Epoch 111: Loss = 86.7773, Accuracy = 64.24%
2025-07-29 22:57:13,163 - INFO - Epoch 112: Loss = 85.3783, Accuracy = 65.36%
2025-07-29 22:57:13,336 - INFO - Epoch 113: Loss = 84.4817, Accuracy = 65.81%
2025-07-29 22:57:13,509 - INFO - Epoch 114: Loss = 84.4191, Accuracy = 65.98%
2025-07-29 22:57:13,683 - INFO - Epoch 115: Loss = 82.5912, Accuracy = 67.38%
2025-07-29 22:57:13,856 - INFO - Epoch 116: Loss = 82.7712, Accuracy = 66.27%
2025-07-29 22:57:14,030 - INFO - Epoch 117: Loss = 81.3160, Accuracy = 67.01%
2025-07-29 22:57:14,203 - INFO - Epoch 118: Loss = 81.0046, Accuracy = 66.97%
2025-07-29 22:57:14,376 - INFO - Epoch 119: Loss = 80.8924, Accuracy = 67.30%
2025-07-29 22:57:14,549 - INFO - Epoch 120: Loss = 80.0295, Accuracy = 67.59%
2025-07-29 22:57:14,724 - INFO - Epoch 121: Loss = 79.1083, Accuracy = 67.34%
2025-07-29 22:57:14,897 - INFO - Epoch 122: Loss = 79.6014, Accuracy = 68.00%
2025-07-29 22:57:15,070 - INFO - Epoch 123: Loss = 77.8066, Accuracy = 68.58%
2025-07-29 22:57:15,244 - INFO - Epoch 124: Loss = 77.3882, Accuracy = 68.63%
2025-07-29 22:57:15,418 - INFO - Epoch 125: Loss = 76.4371, Accuracy = 69.87%
2025-07-29 22:57:15,591 - INFO - Epoch 126: Loss = 76.5222, Accuracy = 69.04%
2025-07-29 22:57:15,765 - INFO - Epoch 127: Loss = 76.1672, Accuracy = 70.28%
2025-07-29 22:57:15,938 - INFO - Epoch 128: Loss = 74.3291, Accuracy = 69.70%
2025-07-29 22:57:16,112 - INFO - Epoch 129: Loss = 73.9485, Accuracy = 70.70%
2025-07-29 22:57:16,285 - INFO - Epoch 130: Loss = 74.3224, Accuracy = 70.16%
2025-07-29 22:57:16,458 - INFO - Epoch 131: Loss = 73.4403, Accuracy = 70.65%
2025-07-29 22:57:16,632 - INFO - Epoch 132: Loss = 73.1348, Accuracy = 70.78%
2025-07-29 22:57:16,805 - INFO - Epoch 133: Loss = 72.4852, Accuracy = 70.78%
2025-07-29 22:57:16,978 - INFO - Epoch 134: Loss = 70.9698, Accuracy = 71.48%
2025-07-29 22:57:17,151 - INFO - Epoch 135: Loss = 71.2869, Accuracy = 71.36%
2025-07-29 22:57:17,325 - INFO - Epoch 136: Loss = 69.9293, Accuracy = 72.35%
2025-07-29 22:57:17,498 - INFO - Epoch 137: Loss = 69.2182, Accuracy = 71.94%
2025-07-29 22:57:17,671 - INFO - Epoch 138: Loss = 67.9519, Accuracy = 72.35%
2025-07-29 22:57:17,844 - INFO - Epoch 139: Loss = 68.9545, Accuracy = 71.81%
2025-07-29 22:57:18,018 - INFO - Epoch 140: Loss = 66.6495, Accuracy = 73.55%
2025-07-29 22:57:18,191 - INFO - Epoch 141: Loss = 66.7766, Accuracy = 72.68%
2025-07-29 22:57:18,364 - INFO - Epoch 142: Loss = 66.0537, Accuracy = 73.26%
2025-07-29 22:57:18,537 - INFO - Epoch 143: Loss = 65.1878, Accuracy = 73.39%
2025-07-29 22:57:18,711 - INFO - Epoch 144: Loss = 65.1995, Accuracy = 73.10%
2025-07-29 22:57:18,884 - INFO - Epoch 145: Loss = 64.4906, Accuracy = 73.76%
2025-07-29 22:57:19,057 - INFO - Epoch 146: Loss = 64.6856, Accuracy = 73.01%
2025-07-29 22:57:19,231 - INFO - Epoch 147: Loss = 64.2098, Accuracy = 73.92%
2025-07-29 22:57:19,404 - INFO - Epoch 148: Loss = 63.0002, Accuracy = 74.17%
2025-07-29 22:57:19,577 - INFO - Epoch 149: Loss = 62.1752, Accuracy = 75.00%
2025-07-29 22:57:19,751 - INFO - Epoch 150: Loss = 62.4459, Accuracy = 75.04%
2025-07-29 22:57:19,924 - INFO - Epoch 151: Loss = 61.5496, Accuracy = 74.96%
2025-07-29 22:57:20,097 - INFO - Epoch 152: Loss = 60.5637, Accuracy = 76.24%
2025-07-29 22:57:20,270 - INFO - Epoch 153: Loss = 61.4232, Accuracy = 75.17%
2025-07-29 22:57:20,443 - INFO - Epoch 154: Loss = 60.7376, Accuracy = 74.67%
2025-07-29 22:57:20,617 - INFO - Epoch 155: Loss = 60.0233, Accuracy = 75.37%
2025-07-29 22:57:20,790 - INFO - Epoch 156: Loss = 58.7237, Accuracy = 75.91%
2025-07-29 22:57:20,963 - INFO - Epoch 157: Loss = 59.4464, Accuracy = 75.91%
2025-07-29 22:57:21,136 - INFO - Epoch 158: Loss = 58.7310, Accuracy = 75.95%
2025-07-29 22:57:21,310 - INFO - Epoch 159: Loss = 57.2338, Accuracy = 76.61%
2025-07-29 22:57:21,483 - INFO - Epoch 160: Loss = 57.0781, Accuracy = 77.32%
2025-07-29 22:57:21,656 - INFO - Epoch 161: Loss = 56.2782, Accuracy = 76.90%
2025-07-29 22:57:21,829 - INFO - Epoch 162: Loss = 55.5718, Accuracy = 77.57%
2025-07-29 22:57:22,003 - INFO - Epoch 163: Loss = 56.2433, Accuracy = 77.48%
2025-07-29 22:57:22,176 - INFO - Epoch 164: Loss = 55.7398, Accuracy = 77.15%
2025-07-29 22:57:22,349 - INFO - Epoch 165: Loss = 54.4204, Accuracy = 78.44%
2025-07-29 22:57:22,522 - INFO - Epoch 166: Loss = 54.6755, Accuracy = 78.15%
2025-07-29 22:57:22,696 - INFO - Epoch 167: Loss = 55.8008, Accuracy = 76.74%
2025-07-29 22:57:22,869 - INFO - Epoch 168: Loss = 53.9161, Accuracy = 78.15%
2025-07-29 22:57:23,042 - INFO - Epoch 169: Loss = 53.2022, Accuracy = 78.85%
2025-07-29 22:57:23,215 - INFO - Epoch 170: Loss = 52.1402, Accuracy = 79.35%
2025-07-29 22:57:23,389 - INFO - Epoch 171: Loss = 51.5373, Accuracy = 79.55%
2025-07-29 22:57:23,562 - INFO - Epoch 172: Loss = 51.1646, Accuracy = 79.39%
2025-07-29 22:57:23,736 - INFO - Epoch 173: Loss = 51.1982, Accuracy = 79.51%
2025-07-29 22:57:23,909 - INFO - Epoch 174: Loss = 51.1656, Accuracy = 79.72%
2025-07-29 22:57:24,083 - INFO - Epoch 175: Loss = 51.0520, Accuracy = 78.73%
2025-07-29 22:57:24,256 - INFO - Epoch 176: Loss = 50.4040, Accuracy = 79.93%
2025-07-29 22:57:24,429 - INFO - Epoch 177: Loss = 50.0453, Accuracy = 79.26%
2025-07-29 22:57:24,603 - INFO - Epoch 178: Loss = 49.9623, Accuracy = 79.84%
2025-07-29 22:57:24,778 - INFO - Epoch 179: Loss = 49.1763, Accuracy = 80.34%
2025-07-29 22:57:24,952 - INFO - Epoch 180: Loss = 48.9683, Accuracy = 80.88%
2025-07-29 22:57:25,125 - INFO - Epoch 181: Loss = 48.9202, Accuracy = 80.30%
2025-07-29 22:57:25,299 - INFO - Epoch 182: Loss = 47.5157, Accuracy = 81.37%
2025-07-29 22:57:25,472 - INFO - Epoch 183: Loss = 47.3960, Accuracy = 80.75%
2025-07-29 22:57:25,646 - INFO - Epoch 184: Loss = 47.2719, Accuracy = 81.58%
2025-07-29 22:57:25,819 - INFO - Epoch 185: Loss = 46.2185, Accuracy = 81.33%
2025-07-29 22:57:25,992 - INFO - Epoch 186: Loss = 46.0792, Accuracy = 81.95%
2025-07-29 22:57:26,166 - INFO - Epoch 187: Loss = 45.2839, Accuracy = 82.16%
2025-07-29 22:57:26,339 - INFO - Epoch 188: Loss = 45.7971, Accuracy = 81.04%
2025-07-29 22:57:26,512 - INFO - Epoch 189: Loss = 46.4811, Accuracy = 81.95%
2025-07-29 22:57:26,685 - INFO - Epoch 190: Loss = 44.2239, Accuracy = 82.33%
2025-07-29 22:57:26,859 - INFO - Epoch 191: Loss = 43.2247, Accuracy = 82.74%
2025-07-29 22:57:27,032 - INFO - Epoch 192: Loss = 44.6582, Accuracy = 82.37%
2025-07-29 22:57:27,205 - INFO - Epoch 193: Loss = 44.2292, Accuracy = 83.40%
2025-07-29 22:57:27,378 - INFO - Epoch 194: Loss = 42.5533, Accuracy = 83.57%
2025-07-29 22:57:27,552 - INFO - Epoch 195: Loss = 43.3674, Accuracy = 82.45%
2025-07-29 22:57:27,725 - INFO - Epoch 196: Loss = 44.7647, Accuracy = 81.91%
2025-07-29 22:57:27,899 - INFO - Epoch 197: Loss = 42.2333, Accuracy = 83.65%
2025-07-29 22:57:28,072 - INFO - Epoch 198: Loss = 42.9795, Accuracy = 82.99%
2025-07-29 22:57:28,245 - INFO - Epoch 199: Loss = 43.1035, Accuracy = 82.99%
2025-07-29 22:57:28,418 - INFO - Epoch 200: Loss = 40.7143, Accuracy = 84.31%
2025-07-29 22:57:28,591 - INFO - Epoch 201: Loss = 41.4931, Accuracy = 83.40%
2025-07-29 22:57:28,764 - INFO - Epoch 202: Loss = 40.4852, Accuracy = 84.19%
2025-07-29 22:57:28,936 - INFO - Epoch 203: Loss = 41.8599, Accuracy = 83.65%
2025-07-29 22:57:29,109 - INFO - Epoch 204: Loss = 41.1252, Accuracy = 83.57%
2025-07-29 22:57:29,282 - INFO - Epoch 205: Loss = 40.9934, Accuracy = 84.15%
2025-07-29 22:57:29,455 - INFO - Epoch 206: Loss = 39.8011, Accuracy = 84.35%
2025-07-29 22:57:29,627 - INFO - Epoch 207: Loss = 40.3369, Accuracy = 84.02%
2025-07-29 22:57:29,800 - INFO - Epoch 208: Loss = 38.2750, Accuracy = 85.14%
2025-07-29 22:57:29,972 - INFO - Epoch 209: Loss = 38.3894, Accuracy = 84.69%
2025-07-29 22:57:30,145 - INFO - Epoch 210: Loss = 39.0982, Accuracy = 84.40%
2025-07-29 22:57:30,318 - INFO - Epoch 211: Loss = 37.4650, Accuracy = 85.35%
2025-07-29 22:57:30,491 - INFO - Epoch 212: Loss = 38.5269, Accuracy = 84.89%
2025-07-29 22:57:30,664 - INFO - Epoch 213: Loss = 38.0347, Accuracy = 84.60%
2025-07-29 22:57:30,836 - INFO - Epoch 214: Loss = 37.4008, Accuracy = 85.76%
2025-07-29 22:57:31,009 - INFO - Epoch 215: Loss = 35.9646, Accuracy = 85.93%
2025-07-29 22:57:31,181 - INFO - Epoch 216: Loss = 38.6956, Accuracy = 84.52%
2025-07-29 22:57:31,354 - INFO - Epoch 217: Loss = 36.5694, Accuracy = 86.26%
2025-07-29 22:57:31,527 - INFO - Epoch 218: Loss = 36.4957, Accuracy = 85.80%
2025-07-29 22:57:31,700 - INFO - Epoch 219: Loss = 36.8923, Accuracy = 85.26%
2025-07-29 22:57:31,872 - INFO - Epoch 220: Loss = 36.4366, Accuracy = 86.13%
2025-07-29 22:57:32,045 - INFO - Epoch 221: Loss = 34.7308, Accuracy = 86.09%
2025-07-29 22:57:32,218 - INFO - Epoch 222: Loss = 34.1996, Accuracy = 86.75%
2025-07-29 22:57:32,390 - INFO - Epoch 223: Loss = 35.8760, Accuracy = 86.09%
2025-07-29 22:57:32,563 - INFO - Epoch 224: Loss = 34.6026, Accuracy = 86.59%
2025-07-29 22:57:32,736 - INFO - Epoch 225: Loss = 33.7186, Accuracy = 87.09%
2025-07-29 22:57:32,909 - INFO - Epoch 226: Loss = 33.7553, Accuracy = 86.84%
2025-07-29 22:57:33,081 - INFO - Epoch 227: Loss = 33.5169, Accuracy = 86.96%
2025-07-29 22:57:33,254 - INFO - Epoch 228: Loss = 34.0476, Accuracy = 86.88%
2025-07-29 22:57:33,427 - INFO - Epoch 229: Loss = 35.6174, Accuracy = 86.55%
2025-07-29 22:57:33,600 - INFO - Epoch 230: Loss = 33.7558, Accuracy = 86.88%
2025-07-29 22:57:33,772 - INFO - Epoch 231: Loss = 33.0742, Accuracy = 87.09%
2025-07-29 22:57:33,945 - INFO - Epoch 232: Loss = 34.7198, Accuracy = 86.96%
2025-07-29 22:57:34,118 - INFO - Epoch 233: Loss = 33.7828, Accuracy = 87.46%
2025-07-29 22:57:34,291 - INFO - Epoch 234: Loss = 33.9210, Accuracy = 87.33%
2025-07-29 22:57:34,463 - INFO - Epoch 235: Loss = 33.7824, Accuracy = 87.25%
2025-07-29 22:57:34,636 - INFO - Epoch 236: Loss = 31.8295, Accuracy = 87.87%
2025-07-29 22:57:34,809 - INFO - Epoch 237: Loss = 32.2180, Accuracy = 87.79%
2025-07-29 22:57:34,982 - INFO - Epoch 238: Loss = 32.1778, Accuracy = 87.67%
2025-07-29 22:57:35,155 - INFO - Epoch 239: Loss = 31.1925, Accuracy = 88.58%
2025-07-29 22:57:35,328 - INFO - Epoch 240: Loss = 30.4312, Accuracy = 88.95%
2025-07-29 22:57:35,500 - INFO - Epoch 241: Loss = 30.7203, Accuracy = 88.91%
2025-07-29 22:57:35,673 - INFO - Epoch 242: Loss = 30.9623, Accuracy = 88.29%
2025-07-29 22:57:35,846 - INFO - Epoch 243: Loss = 31.4416, Accuracy = 87.58%
2025-07-29 22:57:36,018 - INFO - Epoch 244: Loss = 29.0975, Accuracy = 88.99%
2025-07-29 22:57:36,191 - INFO - Epoch 245: Loss = 28.9661, Accuracy = 89.24%
2025-07-29 22:57:36,364 - INFO - Epoch 246: Loss = 29.6390, Accuracy = 89.24%
2025-07-29 22:57:36,537 - INFO - Epoch 247: Loss = 29.7281, Accuracy = 89.24%
2025-07-29 22:57:36,710 - INFO - Epoch 248: Loss = 28.9280, Accuracy = 89.69%
2025-07-29 22:57:36,882 - INFO - Epoch 249: Loss = 28.5388, Accuracy = 89.24%
2025-07-29 22:57:37,055 - INFO - Epoch 250: Loss = 28.5320, Accuracy = 89.98%
2025-07-29 22:57:37,228 - INFO - Epoch 251: Loss = 28.8295, Accuracy = 89.07%
2025-07-29 22:57:37,401 - INFO - Epoch 252: Loss = 28.0383, Accuracy = 89.74%
2025-07-29 22:57:37,574 - INFO - Epoch 253: Loss = 26.8611, Accuracy = 90.31%
2025-07-29 22:57:37,746 - INFO - Epoch 254: Loss = 28.1588, Accuracy = 89.45%
2025-07-29 22:57:37,919 - INFO - Epoch 255: Loss = 28.1594, Accuracy = 88.95%
2025-07-29 22:57:38,092 - INFO - Epoch 256: Loss = 27.4217, Accuracy = 89.78%
2025-07-29 22:57:38,094 - INFO - [Gradient Period 25 Run 10] Training time: 45.47s
2025-07-29 22:57:38,838 - INFO - ✅ Regular Evaluation Accuracy: 50.73%
2025-07-29 22:57:38,884 - INFO - ✅ Regular Evaluation Top-5 Accuracy: 86.07%
2025-07-29 22:57:38,916 - INFO - ✅ Regular Evaluation Accuracy: 33.85%
2025-07-29 22:57:38,930 - INFO - ✅ Regular Evaluation Top-5 Accuracy: 74.62%
2025-07-29 22:57:39,412 - INFO - ✅ Regular Evaluation Accuracy: 7.84%
2025-07-29 22:57:39,423 - INFO - ✅ Regular Evaluation Top-5 Accuracy: 28.43%
2025-07-29 22:57:39,423 - INFO - Nuts
2025-07-29 22:57:39,849 - INFO - ✅ Regular Evaluation Accuracy: 48.54%
2025-07-29 22:57:39,860 - INFO - ✅ Regular Evaluation Top-5 Accuracy: 79.61%
2025-07-29 22:57:39,861 - INFO - Spices
2025-07-29 22:57:40,276 - INFO - ✅ Regular Evaluation Accuracy: 56.84%
2025-07-29 22:57:40,285 - INFO - ✅ Regular Evaluation Top-5 Accuracy: 90.53%
2025-07-29 22:57:40,285 - INFO - Herbs
2025-07-29 22:57:40,704 - INFO - ✅ Regular Evaluation Accuracy: 47.42%
2025-07-29 22:57:40,715 - INFO - ✅ Regular Evaluation Top-5 Accuracy: 83.51%
2025-07-29 22:57:40,715 - INFO - Fruits
2025-07-29 22:57:41,132 - INFO - ✅ Regular Evaluation Accuracy: 56.38%
2025-07-29 22:57:41,142 - INFO - ✅ Regular Evaluation Top-5 Accuracy: 87.23%
2025-07-29 22:57:41,142 - INFO - Vegetables
2025-07-29 22:57:41,562 - INFO - ✅ Regular Evaluation Accuracy: 44.57%
2025-07-29 22:57:41,572 - INFO - ✅ Regular Evaluation Top-5 Accuracy: 90.22%
2025-07-29 22:57:41,572 - INFO - ------------------------------------Gradient Period 50-------------------------------------------
2025-07-29 22:57:41,573 - INFO - [Gradient Period 50 Run 1] Starting
2025-07-29 22:57:42,680 - INFO - Training on device: cuda
2025-07-29 22:57:42,846 - INFO - Epoch 01: Loss = 281.3230, Accuracy = 2.63%
2025-07-29 22:57:43,010 - INFO - Epoch 02: Loss = 278.2173, Accuracy = 5.26%
2025-07-29 22:57:43,174 - INFO - Epoch 03: Loss = 273.4899, Accuracy = 9.29%
2025-07-29 22:57:43,338 - INFO - Epoch 04: Loss = 264.8642, Accuracy = 12.49%
2025-07-29 22:57:43,502 - INFO - Epoch 05: Loss = 250.7597, Accuracy = 12.53%
2025-07-29 22:57:43,667 - INFO - Epoch 06: Loss = 237.2398, Accuracy = 14.99%
2025-07-29 22:57:43,831 - INFO - Epoch 07: Loss = 226.4490, Accuracy = 15.07%
2025-07-29 22:57:43,995 - INFO - Epoch 08: Loss = 218.6437, Accuracy = 15.51%
2025-07-29 22:57:44,159 - INFO - Epoch 09: Loss = 212.4277, Accuracy = 19.54%
2025-07-29 22:57:44,323 - INFO - Epoch 10: Loss = 206.9297, Accuracy = 20.82%
2025-07-29 22:57:44,488 - INFO - Epoch 11: Loss = 201.9389, Accuracy = 22.04%
2025-07-29 22:57:44,652 - INFO - Epoch 12: Loss = 197.6363, Accuracy = 23.31%
2025-07-29 22:57:44,816 - INFO - Epoch 13: Loss = 193.9291, Accuracy = 23.84%
2025-07-29 22:57:44,980 - INFO - Epoch 14: Loss = 191.0994, Accuracy = 25.24%
2025-07-29 22:57:45,145 - INFO - Epoch 15: Loss = 187.6211, Accuracy = 26.51%
2025-07-29 22:57:45,310 - INFO - Epoch 16: Loss = 184.5538, Accuracy = 27.13%
2025-07-29 22:57:45,475 - INFO - Epoch 17: Loss = 181.8286, Accuracy = 27.78%
2025-07-29 22:57:45,639 - INFO - Epoch 18: Loss = 179.2986, Accuracy = 28.66%
2025-07-29 22:57:45,803 - INFO - Epoch 19: Loss = 176.7511, Accuracy = 30.41%
2025-07-29 22:57:45,967 - INFO - Epoch 20: Loss = 174.6446, Accuracy = 30.50%
2025-07-29 22:57:46,132 - INFO - Epoch 21: Loss = 172.4193, Accuracy = 31.20%
2025-07-29 22:57:46,296 - INFO - Epoch 22: Loss = 170.1099, Accuracy = 30.89%
2025-07-29 22:57:46,460 - INFO - Epoch 23: Loss = 168.5645, Accuracy = 32.52%
2025-07-29 22:57:46,625 - INFO - Epoch 24: Loss = 165.3518, Accuracy = 32.87%
2025-07-29 22:57:46,789 - INFO - Epoch 25: Loss = 164.2739, Accuracy = 33.04%
2025-07-29 22:57:46,953 - INFO - Epoch 26: Loss = 162.3513, Accuracy = 35.01%
2025-07-29 22:57:47,118 - INFO - Epoch 27: Loss = 160.2956, Accuracy = 35.06%
2025-07-29 22:57:47,282 - INFO - Epoch 28: Loss = 158.6962, Accuracy = 35.85%
2025-07-29 22:57:47,446 - INFO - Epoch 29: Loss = 156.2287, Accuracy = 36.68%
2025-07-29 22:57:47,610 - INFO - Epoch 30: Loss = 154.9163, Accuracy = 37.16%
2025-07-29 22:57:47,774 - INFO - Epoch 31: Loss = 152.9795, Accuracy = 37.51%
2025-07-29 22:57:47,939 - INFO - Epoch 32: Loss = 151.2056, Accuracy = 37.82%
2025-07-29 22:57:48,103 - INFO - Epoch 33: Loss = 149.4343, Accuracy = 38.48%
2025-07-29 22:57:48,267 - INFO - Epoch 34: Loss = 147.7023, Accuracy = 39.96%
2025-07-29 22:57:48,431 - INFO - Epoch 35: Loss = 145.1514, Accuracy = 40.45%
2025-07-29 22:57:48,595 - INFO - Epoch 36: Loss = 143.5201, Accuracy = 42.33%
2025-07-29 22:57:48,759 - INFO - Epoch 37: Loss = 142.5453, Accuracy = 41.89%
2025-07-29 22:57:48,924 - INFO - Epoch 38: Loss = 140.5530, Accuracy = 42.99%
2025-07-29 22:57:49,088 - INFO - Epoch 39: Loss = 138.6962, Accuracy = 44.00%
2025-07-29 22:57:49,252 - INFO - Epoch 40: Loss = 137.3691, Accuracy = 44.65%
2025-07-29 22:57:49,416 - INFO - Epoch 41: Loss = 135.7821, Accuracy = 44.92%
2025-07-29 22:57:49,581 - INFO - Epoch 42: Loss = 134.8302, Accuracy = 45.62%
2025-07-29 22:57:49,745 - INFO - Epoch 43: Loss = 132.6133, Accuracy = 46.19%
2025-07-29 22:57:49,909 - INFO - Epoch 44: Loss = 130.9998, Accuracy = 46.89%
2025-07-29 22:57:50,074 - INFO - Epoch 45: Loss = 130.2979, Accuracy = 47.28%
2025-07-29 22:57:50,238 - INFO - Epoch 46: Loss = 128.5939, Accuracy = 47.85%
2025-07-29 22:57:50,402 - INFO - Epoch 47: Loss = 127.1295, Accuracy = 47.68%
2025-07-29 22:57:50,566 - INFO - Epoch 48: Loss = 125.7434, Accuracy = 48.82%
2025-07-29 22:57:50,731 - INFO - Epoch 49: Loss = 124.3447, Accuracy = 48.73%
2025-07-29 22:57:50,895 - INFO - Epoch 50: Loss = 122.8659, Accuracy = 49.08%
2025-07-29 22:57:51,059 - INFO - Epoch 51: Loss = 121.3168, Accuracy = 50.66%
2025-07-29 22:57:51,223 - INFO - Epoch 52: Loss = 119.9569, Accuracy = 50.26%
2025-07-29 22:57:51,388 - INFO - Epoch 53: Loss = 118.0521, Accuracy = 51.23%
2025-07-29 22:57:51,552 - INFO - Epoch 54: Loss = 117.2955, Accuracy = 51.01%
2025-07-29 22:57:51,716 - INFO - Epoch 55: Loss = 116.0768, Accuracy = 51.67%
2025-07-29 22:57:51,880 - INFO - Epoch 56: Loss = 114.2608, Accuracy = 52.63%
2025-07-29 22:57:52,044 - INFO - Epoch 57: Loss = 112.8553, Accuracy = 53.68%
2025-07-29 22:57:52,209 - INFO - Epoch 58: Loss = 112.8794, Accuracy = 51.88%
2025-07-29 22:57:52,373 - INFO - Epoch 59: Loss = 110.7405, Accuracy = 53.55%
2025-07-29 22:57:52,538 - INFO - Epoch 60: Loss = 110.2644, Accuracy = 54.12%
2025-07-29 22:57:52,702 - INFO - Epoch 61: Loss = 108.9293, Accuracy = 53.55%
2025-07-29 22:57:52,866 - INFO - Epoch 62: Loss = 108.2251, Accuracy = 54.86%
2025-07-29 22:57:53,031 - INFO - Epoch 63: Loss = 106.5613, Accuracy = 55.83%
2025-07-29 22:57:53,195 - INFO - Epoch 64: Loss = 106.0330, Accuracy = 55.78%
2025-07-29 22:57:53,359 - INFO - Epoch 65: Loss = 104.6250, Accuracy = 55.30%
2025-07-29 22:57:53,524 - INFO - Epoch 66: Loss = 104.1539, Accuracy = 56.27%
2025-07-29 22:57:53,688 - INFO - Epoch 67: Loss = 103.6083, Accuracy = 56.00%
2025-07-29 22:57:53,852 - INFO - Epoch 68: Loss = 102.1510, Accuracy = 57.45%
2025-07-29 22:57:54,017 - INFO - Epoch 69: Loss = 101.1875, Accuracy = 57.58%
2025-07-29 22:57:54,181 - INFO - Epoch 70: Loss = 99.4684, Accuracy = 57.23%
2025-07-29 22:57:54,345 - INFO - Epoch 71: Loss = 98.4687, Accuracy = 57.76%
2025-07-29 22:57:54,509 - INFO - Epoch 72: Loss = 97.3583, Accuracy = 57.67%
2025-07-29 22:57:54,673 - INFO - Epoch 73: Loss = 97.0966, Accuracy = 59.11%
2025-07-29 22:57:54,837 - INFO - Epoch 74: Loss = 95.4558, Accuracy = 59.25%
2025-07-29 22:57:55,002 - INFO - Epoch 75: Loss = 94.8042, Accuracy = 59.95%
2025-07-29 22:57:55,169 - INFO - Epoch 76: Loss = 93.8906, Accuracy = 60.74%
2025-07-29 22:57:55,334 - INFO - Epoch 77: Loss = 92.6060, Accuracy = 60.69%
2025-07-29 22:57:55,498 - INFO - Epoch 78: Loss = 91.8590, Accuracy = 60.69%
2025-07-29 22:57:55,662 - INFO - Epoch 79: Loss = 91.0349, Accuracy = 61.52%
2025-07-29 22:57:55,827 - INFO - Epoch 80: Loss = 90.3168, Accuracy = 60.78%
2025-07-29 22:57:55,991 - INFO - Epoch 81: Loss = 89.0202, Accuracy = 61.39%
2025-07-29 22:57:56,155 - INFO - Epoch 82: Loss = 88.4328, Accuracy = 62.27%
2025-07-29 22:57:56,320 - INFO - Epoch 83: Loss = 88.0851, Accuracy = 62.93%
2025-07-29 22:57:56,484 - INFO - Epoch 84: Loss = 86.6665, Accuracy = 63.28%
2025-07-29 22:57:56,648 - INFO - Epoch 85: Loss = 85.7659, Accuracy = 63.63%
2025-07-29 22:57:56,813 - INFO - Epoch 86: Loss = 84.8633, Accuracy = 64.59%
2025-07-29 22:57:56,977 - INFO - Epoch 87: Loss = 84.2491, Accuracy = 64.94%
2025-07-29 22:57:57,141 - INFO - Epoch 88: Loss = 83.1878, Accuracy = 65.16%
2025-07-29 22:57:57,306 - INFO - Epoch 89: Loss = 82.0648, Accuracy = 65.78%
2025-07-29 22:57:57,470 - INFO - Epoch 90: Loss = 81.9234, Accuracy = 65.60%
2025-07-29 22:57:57,635 - INFO - Epoch 91: Loss = 81.1188, Accuracy = 66.13%
2025-07-29 22:57:57,799 - INFO - Epoch 92: Loss = 80.8893, Accuracy = 66.08%
2025-07-29 22:57:57,963 - INFO - Epoch 93: Loss = 79.5549, Accuracy = 66.56%
2025-07-29 22:57:58,128 - INFO - Epoch 94: Loss = 78.5132, Accuracy = 66.52%
2025-07-29 22:57:58,292 - INFO - Epoch 95: Loss = 78.2548, Accuracy = 67.66%
2025-07-29 22:57:58,457 - INFO - Epoch 96: Loss = 76.6389, Accuracy = 67.79%
2025-07-29 22:57:58,621 - INFO - Epoch 97: Loss = 76.4327, Accuracy = 67.57%
2025-07-29 22:57:58,786 - INFO - Epoch 98: Loss = 75.9371, Accuracy = 68.23%
2025-07-29 22:57:58,950 - INFO - Epoch 99: Loss = 75.2037, Accuracy = 67.70%
2025-07-29 22:57:59,114 - INFO - Epoch 100: Loss = 74.8850, Accuracy = 68.89%
2025-07-29 22:57:59,278 - INFO - Epoch 101: Loss = 73.0080, Accuracy = 69.50%
2025-07-29 22:57:59,443 - INFO - Epoch 102: Loss = 72.9016, Accuracy = 69.24%
2025-07-29 22:57:59,607 - INFO - Epoch 103: Loss = 72.0718, Accuracy = 70.29%
2025-07-29 22:57:59,772 - INFO - Epoch 104: Loss = 71.1916, Accuracy = 71.30%
2025-07-29 22:57:59,936 - INFO - Epoch 105: Loss = 70.1737, Accuracy = 70.73%
2025-07-29 22:58:00,101 - INFO - Epoch 106: Loss = 69.0542, Accuracy = 71.91%
2025-07-29 22:58:00,265 - INFO - Epoch 107: Loss = 69.5439, Accuracy = 71.30%
2025-07-29 22:58:00,429 - INFO - Epoch 108: Loss = 68.9808, Accuracy = 71.60%
2025-07-29 22:58:00,593 - INFO - Epoch 109: Loss = 67.4121, Accuracy = 72.70%
2025-07-29 22:58:00,758 - INFO - Epoch 110: Loss = 66.8178, Accuracy = 73.09%
2025-07-29 22:58:00,922 - INFO - Epoch 111: Loss = 66.5521, Accuracy = 72.66%
2025-07-29 22:58:01,087 - INFO - Epoch 112: Loss = 66.5522, Accuracy = 73.36%
2025-07-29 22:58:01,251 - INFO - Epoch 113: Loss = 65.5721, Accuracy = 73.27%
2025-07-29 22:58:01,415 - INFO - Epoch 114: Loss = 64.3894, Accuracy = 73.79%
2025-07-29 22:58:01,580 - INFO - Epoch 115: Loss = 63.9108, Accuracy = 73.97%
2025-07-29 22:58:01,744 - INFO - Epoch 116: Loss = 62.5019, Accuracy = 73.79%
2025-07-29 22:58:01,909 - INFO - Epoch 117: Loss = 63.1253, Accuracy = 73.71%
2025-07-29 22:58:02,073 - INFO - Epoch 118: Loss = 62.6309, Accuracy = 74.06%
2025-07-29 22:58:02,237 - INFO - Epoch 119: Loss = 62.1135, Accuracy = 74.54%
2025-07-29 22:58:02,401 - INFO - Epoch 120: Loss = 61.6293, Accuracy = 74.32%
2025-07-29 22:58:02,566 - INFO - Epoch 121: Loss = 61.6667, Accuracy = 74.85%
2025-07-29 22:58:02,730 - INFO - Epoch 122: Loss = 60.4154, Accuracy = 75.07%
2025-07-29 22:58:02,895 - INFO - Epoch 123: Loss = 59.3308, Accuracy = 75.50%
2025-07-29 22:58:03,059 - INFO - Epoch 124: Loss = 58.3655, Accuracy = 76.03%
2025-07-29 22:58:03,224 - INFO - Epoch 125: Loss = 58.0923, Accuracy = 76.21%
2025-07-29 22:58:03,388 - INFO - Epoch 126: Loss = 58.4599, Accuracy = 76.42%
2025-07-29 22:58:03,552 - INFO - Epoch 127: Loss = 56.7776, Accuracy = 76.69%
2025-07-29 22:58:03,716 - INFO - Epoch 128: Loss = 57.3097, Accuracy = 76.64%
2025-07-29 22:58:03,881 - INFO - Epoch 129: Loss = 56.2000, Accuracy = 77.04%
2025-07-29 22:58:04,045 - INFO - Epoch 130: Loss = 55.0864, Accuracy = 77.34%
2025-07-29 22:58:04,210 - INFO - Epoch 131: Loss = 55.3306, Accuracy = 77.56%
2025-07-29 22:58:04,374 - INFO - Epoch 132: Loss = 54.1368, Accuracy = 77.83%
2025-07-29 22:58:04,538 - INFO - Epoch 133: Loss = 53.3300, Accuracy = 78.48%
2025-07-29 22:58:04,702 - INFO - Epoch 134: Loss = 54.4741, Accuracy = 77.91%
2025-07-29 22:58:04,867 - INFO - Epoch 135: Loss = 53.1612, Accuracy = 78.48%
2025-07-29 22:58:05,031 - INFO - Epoch 136: Loss = 53.6504, Accuracy = 77.56%
2025-07-29 22:58:05,196 - INFO - Epoch 137: Loss = 52.2591, Accuracy = 78.92%
2025-07-29 22:58:05,360 - INFO - Epoch 138: Loss = 52.1607, Accuracy = 78.44%
2025-07-29 22:58:05,525 - INFO - Epoch 139: Loss = 50.4470, Accuracy = 79.80%
2025-07-29 22:58:05,689 - INFO - Epoch 140: Loss = 50.5739, Accuracy = 79.27%
2025-07-29 22:58:05,854 - INFO - Epoch 141: Loss = 50.0698, Accuracy = 80.72%
2025-07-29 22:58:06,018 - INFO - Epoch 142: Loss = 49.8810, Accuracy = 79.62%
2025-07-29 22:58:06,183 - INFO - Epoch 143: Loss = 48.9745, Accuracy = 80.67%
2025-07-29 22:58:06,348 - INFO - Epoch 144: Loss = 49.5181, Accuracy = 79.89%
2025-07-29 22:58:06,512 - INFO - Epoch 145: Loss = 47.9634, Accuracy = 81.03%
2025-07-29 22:58:06,677 - INFO - Epoch 146: Loss = 47.2493, Accuracy = 80.76%
2025-07-29 22:58:06,841 - INFO - Epoch 147: Loss = 47.2424, Accuracy = 81.07%
2025-07-29 22:58:07,006 - INFO - Epoch 148: Loss = 46.2926, Accuracy = 81.64%
2025-07-29 22:58:07,171 - INFO - Epoch 149: Loss = 46.8644, Accuracy = 81.11%
2025-07-29 22:58:07,335 - INFO - Epoch 150: Loss = 46.1816, Accuracy = 81.90%
2025-07-29 22:58:07,500 - INFO - Epoch 151: Loss = 45.9046, Accuracy = 81.77%
2025-07-29 22:58:07,664 - INFO - Epoch 152: Loss = 45.0333, Accuracy = 82.25%
2025-07-29 22:58:07,828 - INFO - Epoch 153: Loss = 45.0636, Accuracy = 82.08%
2025-07-29 22:58:07,993 - INFO - Epoch 154: Loss = 45.3314, Accuracy = 82.34%
2025-07-29 22:58:08,157 - INFO - Epoch 155: Loss = 44.5836, Accuracy = 82.34%
2025-07-29 22:58:08,322 - INFO - Epoch 156: Loss = 44.6801, Accuracy = 82.47%
2025-07-29 22:58:08,486 - INFO - Epoch 157: Loss = 43.1780, Accuracy = 82.91%
2025-07-29 22:58:08,650 - INFO - Epoch 158: Loss = 42.6158, Accuracy = 83.26%
2025-07-29 22:58:08,815 - INFO - Epoch 159: Loss = 42.4497, Accuracy = 84.22%
2025-07-29 22:58:08,980 - INFO - Epoch 160: Loss = 42.0184, Accuracy = 83.48%
2025-07-29 22:58:09,144 - INFO - Epoch 161: Loss = 41.3072, Accuracy = 84.22%
2025-07-29 22:58:09,309 - INFO - Epoch 162: Loss = 42.1146, Accuracy = 83.13%
2025-07-29 22:58:09,473 - INFO - Epoch 163: Loss = 42.5142, Accuracy = 83.48%
2025-07-29 22:58:09,637 - INFO - Epoch 164: Loss = 40.2664, Accuracy = 84.84%
2025-07-29 22:58:09,801 - INFO - Epoch 165: Loss = 39.9282, Accuracy = 83.92%
2025-07-29 22:58:09,966 - INFO - Epoch 166: Loss = 39.7760, Accuracy = 84.75%
2025-07-29 22:58:10,130 - INFO - Epoch 167: Loss = 39.7424, Accuracy = 84.75%
2025-07-29 22:58:10,294 - INFO - Epoch 168: Loss = 39.8988, Accuracy = 85.01%
2025-07-29 22:58:10,459 - INFO - Epoch 169: Loss = 39.5943, Accuracy = 84.57%
2025-07-29 22:58:10,623 - INFO - Epoch 170: Loss = 38.0417, Accuracy = 85.63%
2025-07-29 22:58:10,788 - INFO - Epoch 171: Loss = 38.1507, Accuracy = 85.50%
2025-07-29 22:58:10,952 - INFO - Epoch 172: Loss = 38.3970, Accuracy = 86.11%
2025-07-29 22:58:11,117 - INFO - Epoch 173: Loss = 37.2512, Accuracy = 85.89%
2025-07-29 22:58:11,281 - INFO - Epoch 174: Loss = 36.5785, Accuracy = 86.42%
2025-07-29 22:58:11,445 - INFO - Epoch 175: Loss = 35.3596, Accuracy = 86.63%
2025-07-29 22:58:11,610 - INFO - Epoch 176: Loss = 36.0920, Accuracy = 86.11%
2025-07-29 22:58:11,775 - INFO - Epoch 177: Loss = 35.7417, Accuracy = 86.77%
2025-07-29 22:58:11,939 - INFO - Epoch 178: Loss = 35.2555, Accuracy = 86.77%
2025-07-29 22:58:12,103 - INFO - Epoch 179: Loss = 35.6679, Accuracy = 86.59%
2025-07-29 22:58:12,268 - INFO - Epoch 180: Loss = 35.2531, Accuracy = 87.07%
2025-07-29 22:58:12,432 - INFO - Epoch 181: Loss = 34.0588, Accuracy = 87.34%
2025-07-29 22:58:12,596 - INFO - Epoch 182: Loss = 33.6206, Accuracy = 87.77%
2025-07-29 22:58:12,761 - INFO - Epoch 183: Loss = 37.4151, Accuracy = 85.63%
2025-07-29 22:58:12,925 - INFO - Epoch 184: Loss = 35.0377, Accuracy = 86.42%
2025-07-29 22:58:13,090 - INFO - Epoch 185: Loss = 32.2797, Accuracy = 87.91%
2025-07-29 22:58:13,254 - INFO - Epoch 186: Loss = 32.2184, Accuracy = 87.91%
2025-07-29 22:58:13,418 - INFO - Epoch 187: Loss = 32.4325, Accuracy = 88.08%
2025-07-29 22:58:13,583 - INFO - Epoch 188: Loss = 32.0107, Accuracy = 88.08%
2025-07-29 22:58:13,747 - INFO - Epoch 189: Loss = 31.2715, Accuracy = 88.61%
2025-07-29 22:58:13,911 - INFO - Epoch 190: Loss = 32.2651, Accuracy = 88.12%
2025-07-29 22:58:14,075 - INFO - Epoch 191: Loss = 31.7719, Accuracy = 88.26%
2025-07-29 22:58:14,240 - INFO - Epoch 192: Loss = 31.1695, Accuracy = 88.96%
2025-07-29 22:58:14,404 - INFO - Epoch 193: Loss = 31.1130, Accuracy = 88.56%
2025-07-29 22:58:14,569 - INFO - Epoch 194: Loss = 29.6368, Accuracy = 89.70%
2025-07-29 22:58:14,733 - INFO - Epoch 195: Loss = 29.5087, Accuracy = 89.57%
2025-07-29 22:58:14,898 - INFO - Epoch 196: Loss = 30.5072, Accuracy = 88.69%
2025-07-29 22:58:15,062 - INFO - Epoch 197: Loss = 30.3156, Accuracy = 88.69%
2025-07-29 22:58:15,228 - INFO - Epoch 198: Loss = 29.7378, Accuracy = 88.87%
2025-07-29 22:58:15,393 - INFO - Epoch 199: Loss = 28.4571, Accuracy = 89.75%
2025-07-29 22:58:15,558 - INFO - Epoch 200: Loss = 29.3431, Accuracy = 89.53%
2025-07-29 22:58:15,723 - INFO - Epoch 201: Loss = 29.0203, Accuracy = 89.53%
2025-07-29 22:58:15,888 - INFO - Epoch 202: Loss = 29.4744, Accuracy = 89.31%
2025-07-29 22:58:16,052 - INFO - Epoch 203: Loss = 29.6251, Accuracy = 89.04%
2025-07-29 22:58:16,217 - INFO - Epoch 204: Loss = 29.0846, Accuracy = 89.70%
2025-07-29 22:58:16,382 - INFO - Epoch 205: Loss = 27.1942, Accuracy = 90.45%
2025-07-29 22:58:16,546 - INFO - Epoch 206: Loss = 26.8802, Accuracy = 90.58%
2025-07-29 22:58:16,711 - INFO - Epoch 207: Loss = 26.9270, Accuracy = 90.58%
2025-07-29 22:58:16,875 - INFO - Epoch 208: Loss = 27.1362, Accuracy = 90.80%
2025-07-29 22:58:17,040 - INFO - Epoch 209: Loss = 26.0978, Accuracy = 90.49%
2025-07-29 22:58:17,204 - INFO - Epoch 210: Loss = 25.8385, Accuracy = 90.62%
2025-07-29 22:58:17,369 - INFO - Epoch 211: Loss = 26.1328, Accuracy = 91.02%
2025-07-29 22:58:17,533 - INFO - Epoch 212: Loss = 25.3530, Accuracy = 91.50%
2025-07-29 22:58:17,697 - INFO - Epoch 213: Loss = 26.0755, Accuracy = 90.75%
2025-07-29 22:58:17,862 - INFO - Epoch 214: Loss = 26.1514, Accuracy = 91.24%
2025-07-29 22:58:18,026 - INFO - Epoch 215: Loss = 24.7494, Accuracy = 91.72%
2025-07-29 22:58:18,191 - INFO - Epoch 216: Loss = 24.6994, Accuracy = 91.85%
2025-07-29 22:58:18,355 - INFO - Epoch 217: Loss = 24.3406, Accuracy = 91.45%
2025-07-29 22:58:18,520 - INFO - Epoch 218: Loss = 24.7016, Accuracy = 91.41%
2025-07-29 22:58:18,684 - INFO - Epoch 219: Loss = 24.9483, Accuracy = 91.37%
2025-07-29 22:58:18,848 - INFO - Epoch 220: Loss = 25.1609, Accuracy = 91.76%
2025-07-29 22:58:19,013 - INFO - Epoch 221: Loss = 22.7102, Accuracy = 92.20%
2025-07-29 22:58:19,177 - INFO - Epoch 222: Loss = 23.9782, Accuracy = 92.07%
2025-07-29 22:58:19,342 - INFO - Epoch 223: Loss = 23.5149, Accuracy = 92.20%
2025-07-29 22:58:19,507 - INFO - Epoch 224: Loss = 23.6459, Accuracy = 92.07%
2025-07-29 22:58:19,671 - INFO - Epoch 225: Loss = 23.0141, Accuracy = 92.42%
2025-07-29 22:58:19,835 - INFO - Epoch 226: Loss = 21.8638, Accuracy = 92.51%
2025-07-29 22:58:20,000 - INFO - Epoch 227: Loss = 21.9648, Accuracy = 92.16%
2025-07-29 22:58:20,164 - INFO - Epoch 228: Loss = 22.0761, Accuracy = 92.68%
2025-07-29 22:58:20,328 - INFO - Epoch 229: Loss = 22.0734, Accuracy = 92.55%
2025-07-29 22:58:20,493 - INFO - Epoch 230: Loss = 21.6973, Accuracy = 92.73%
2025-07-29 22:58:20,657 - INFO - Epoch 231: Loss = 21.4125, Accuracy = 92.77%
2025-07-29 22:58:20,822 - INFO - Epoch 232: Loss = 20.9607, Accuracy = 93.08%
2025-07-29 22:58:20,986 - INFO - Epoch 233: Loss = 22.2823, Accuracy = 92.64%
2025-07-29 22:58:21,151 - INFO - Epoch 234: Loss = 22.1638, Accuracy = 92.46%
2025-07-29 22:58:21,315 - INFO - Epoch 235: Loss = 21.8365, Accuracy = 92.55%
2025-07-29 22:58:21,480 - INFO - Epoch 236: Loss = 21.8306, Accuracy = 92.20%
2025-07-29 22:58:21,644 - INFO - Epoch 237: Loss = 20.3372, Accuracy = 92.81%
2025-07-29 22:58:21,809 - INFO - Epoch 238: Loss = 22.1312, Accuracy = 92.46%
2025-07-29 22:58:21,973 - INFO - Epoch 239: Loss = 19.9808, Accuracy = 92.68%
2025-07-29 22:58:22,138 - INFO - Epoch 240: Loss = 18.5928, Accuracy = 93.87%
2025-07-29 22:58:22,302 - INFO - Epoch 241: Loss = 18.7804, Accuracy = 93.95%
2025-07-29 22:58:22,466 - INFO - Epoch 242: Loss = 23.5189, Accuracy = 91.50%
2025-07-29 22:58:22,631 - INFO - Epoch 243: Loss = 19.5471, Accuracy = 93.65%
2025-07-29 22:58:22,795 - INFO - Epoch 244: Loss = 21.4761, Accuracy = 92.24%
2025-07-29 22:58:22,960 - INFO - Epoch 245: Loss = 17.9420, Accuracy = 94.26%
2025-07-29 22:58:23,124 - INFO - Epoch 246: Loss = 18.8401, Accuracy = 93.30%
2025-07-29 22:58:23,288 - INFO - Epoch 247: Loss = 21.5510, Accuracy = 92.20%
2025-07-29 22:58:23,453 - INFO - Epoch 248: Loss = 19.6631, Accuracy = 93.43%
2025-07-29 22:58:23,618 - INFO - Epoch 249: Loss = 19.2065, Accuracy = 93.78%
2025-07-29 22:58:23,782 - INFO - Epoch 250: Loss = 17.7115, Accuracy = 94.08%
2025-07-29 22:58:23,947 - INFO - Epoch 251: Loss = 18.3449, Accuracy = 93.82%
2025-07-29 22:58:24,112 - INFO - Epoch 252: Loss = 17.9899, Accuracy = 94.39%
2025-07-29 22:58:24,276 - INFO - Epoch 253: Loss = 17.1878, Accuracy = 94.65%
2025-07-29 22:58:24,441 - INFO - Epoch 254: Loss = 17.3076, Accuracy = 94.43%
2025-07-29 22:58:24,605 - INFO - Epoch 255: Loss = 17.1765, Accuracy = 95.09%
2025-07-29 22:58:24,770 - INFO - Epoch 256: Loss = 16.3573, Accuracy = 94.79%
2025-07-29 22:58:24,772 - INFO - [Gradient Period 50 Run 1] Training time: 43.20s
2025-07-29 22:58:25,412 - INFO - ✅ Regular Evaluation Accuracy: 46.78%
2025-07-29 22:58:25,455 - INFO - ✅ Regular Evaluation Top-5 Accuracy: 82.48%
2025-07-29 22:58:25,485 - INFO - ✅ Regular Evaluation Accuracy: 19.83%
2025-07-29 22:58:25,497 - INFO - ✅ Regular Evaluation Top-5 Accuracy: 76.03%
2025-07-29 22:58:25,993 - INFO - ✅ Regular Evaluation Accuracy: 5.26%
2025-07-29 22:58:26,003 - INFO - ✅ Regular Evaluation Top-5 Accuracy: 23.16%
2025-07-29 22:58:26,003 - INFO - Nuts
2025-07-29 22:58:26,442 - INFO - ✅ Regular Evaluation Accuracy: 43.75%
2025-07-29 22:58:26,452 - INFO - ✅ Regular Evaluation Top-5 Accuracy: 80.21%
2025-07-29 22:58:26,452 - INFO - Spices
2025-07-29 22:58:26,872 - INFO - ✅ Regular Evaluation Accuracy: 44.32%
2025-07-29 22:58:26,882 - INFO - ✅ Regular Evaluation Top-5 Accuracy: 84.09%
2025-07-29 22:58:26,882 - INFO - Herbs
2025-07-29 22:58:27,307 - INFO - ✅ Regular Evaluation Accuracy: 45.45%
2025-07-29 22:58:27,316 - INFO - ✅ Regular Evaluation Top-5 Accuracy: 72.73%
2025-07-29 22:58:27,316 - INFO - Fruits
2025-07-29 22:58:27,857 - INFO - ✅ Regular Evaluation Accuracy: 46.07%
2025-07-29 22:58:27,867 - INFO - ✅ Regular Evaluation Top-5 Accuracy: 85.39%
2025-07-29 22:58:27,867 - INFO - Vegetables
2025-07-29 22:58:28,295 - INFO - ✅ Regular Evaluation Accuracy: 54.44%
2025-07-29 22:58:28,304 - INFO - ✅ Regular Evaluation Top-5 Accuracy: 90.00%
2025-07-29 22:58:28,305 - INFO - [Gradient Period 50 Run 2] Starting
2025-07-29 22:58:29,433 - INFO - Training on device: cuda
2025-07-29 22:58:29,599 - INFO - Epoch 01: Loss = 280.0997, Accuracy = 2.32%
2025-07-29 22:58:29,763 - INFO - Epoch 02: Loss = 276.4749, Accuracy = 6.05%
2025-07-29 22:58:29,928 - INFO - Epoch 03: Loss = 270.7023, Accuracy = 8.11%
2025-07-29 22:58:30,093 - INFO - Epoch 04: Loss = 260.8774, Accuracy = 8.55%
2025-07-29 22:58:30,257 - INFO - Epoch 05: Loss = 248.8657, Accuracy = 10.17%
2025-07-29 22:58:30,422 - INFO - Epoch 06: Loss = 237.1777, Accuracy = 13.85%
2025-07-29 22:58:30,586 - INFO - Epoch 07: Loss = 226.7442, Accuracy = 16.21%
2025-07-29 22:58:30,751 - INFO - Epoch 08: Loss = 218.6002, Accuracy = 17.00%
2025-07-29 22:58:30,915 - INFO - Epoch 09: Loss = 211.9070, Accuracy = 18.32%
2025-07-29 22:58:31,080 - INFO - Epoch 10: Loss = 206.4060, Accuracy = 19.33%
2025-07-29 22:58:31,245 - INFO - Epoch 11: Loss = 201.6862, Accuracy = 22.04%
2025-07-29 22:58:31,409 - INFO - Epoch 12: Loss = 197.6614, Accuracy = 22.87%
2025-07-29 22:58:31,574 - INFO - Epoch 13: Loss = 193.9814, Accuracy = 24.98%
2025-07-29 22:58:31,739 - INFO - Epoch 14: Loss = 189.9982, Accuracy = 25.15%
2025-07-29 22:58:31,903 - INFO - Epoch 15: Loss = 186.4154, Accuracy = 26.51%
2025-07-29 22:58:32,068 - INFO - Epoch 16: Loss = 184.1755, Accuracy = 26.95%
2025-07-29 22:58:32,232 - INFO - Epoch 17: Loss = 180.3984, Accuracy = 28.97%
2025-07-29 22:58:32,397 - INFO - Epoch 18: Loss = 177.0083, Accuracy = 29.01%
2025-07-29 22:58:32,562 - INFO - Epoch 19: Loss = 174.2594, Accuracy = 29.36%
2025-07-29 22:58:32,726 - INFO - Epoch 20: Loss = 171.2643, Accuracy = 30.59%
2025-07-29 22:58:32,891 - INFO - Epoch 21: Loss = 168.9348, Accuracy = 31.51%
2025-07-29 22:58:33,056 - INFO - Epoch 22: Loss = 166.7519, Accuracy = 31.68%
2025-07-29 22:58:33,220 - INFO - Epoch 23: Loss = 164.5243, Accuracy = 33.13%
2025-07-29 22:58:33,385 - INFO - Epoch 24: Loss = 161.9790, Accuracy = 33.79%
2025-07-29 22:58:33,550 - INFO - Epoch 25: Loss = 159.5787, Accuracy = 35.58%
2025-07-29 22:58:33,714 - INFO - Epoch 26: Loss = 157.1248, Accuracy = 35.41%
2025-07-29 22:58:33,879 - INFO - Epoch 27: Loss = 155.7412, Accuracy = 36.94%
2025-07-29 22:58:34,044 - INFO - Epoch 28: Loss = 153.0925, Accuracy = 37.82%
2025-07-29 22:58:34,208 - INFO - Epoch 29: Loss = 151.3720, Accuracy = 37.77%
2025-07-29 22:58:34,373 - INFO - Epoch 30: Loss = 149.0189, Accuracy = 38.65%
2025-07-29 22:58:34,537 - INFO - Epoch 31: Loss = 147.5334, Accuracy = 39.79%
2025-07-29 22:58:34,702 - INFO - Epoch 32: Loss = 146.0179, Accuracy = 39.70%
2025-07-29 22:58:34,866 - INFO - Epoch 33: Loss = 144.3453, Accuracy = 40.80%
2025-07-29 22:58:35,031 - INFO - Epoch 34: Loss = 142.5611, Accuracy = 40.71%
2025-07-29 22:58:35,195 - INFO - Epoch 35: Loss = 140.4241, Accuracy = 41.50%
2025-07-29 22:58:35,360 - INFO - Epoch 36: Loss = 138.9298, Accuracy = 44.35%
2025-07-29 22:58:35,525 - INFO - Epoch 37: Loss = 136.8260, Accuracy = 43.87%
2025-07-29 22:58:35,689 - INFO - Epoch 38: Loss = 135.7124, Accuracy = 44.43%
2025-07-29 22:58:35,854 - INFO - Epoch 39: Loss = 133.5273, Accuracy = 45.22%
2025-07-29 22:58:36,018 - INFO - Epoch 40: Loss = 132.2100, Accuracy = 46.49%
2025-07-29 22:58:36,183 - INFO - Epoch 41: Loss = 130.2233, Accuracy = 47.41%
2025-07-29 22:58:36,347 - INFO - Epoch 42: Loss = 129.0241, Accuracy = 47.90%
2025-07-29 22:58:36,512 - INFO - Epoch 43: Loss = 127.2528, Accuracy = 48.16%
2025-07-29 22:58:36,677 - INFO - Epoch 44: Loss = 126.1029, Accuracy = 48.73%
2025-07-29 22:58:36,841 - INFO - Epoch 45: Loss = 124.7249, Accuracy = 49.43%
2025-07-29 22:58:37,006 - INFO - Epoch 46: Loss = 124.0614, Accuracy = 49.65%
2025-07-29 22:58:37,171 - INFO - Epoch 47: Loss = 122.5881, Accuracy = 50.26%
2025-07-29 22:58:37,335 - INFO - Epoch 48: Loss = 121.4854, Accuracy = 50.04%
2025-07-29 22:58:37,500 - INFO - Epoch 49: Loss = 120.7644, Accuracy = 50.31%
2025-07-29 22:58:37,664 - INFO - Epoch 50: Loss = 118.5060, Accuracy = 52.23%
2025-07-29 22:58:37,829 - INFO - Epoch 51: Loss = 117.2703, Accuracy = 51.88%
2025-07-29 22:58:37,994 - INFO - Epoch 52: Loss = 115.9465, Accuracy = 53.72%
2025-07-29 22:58:38,158 - INFO - Epoch 53: Loss = 114.8288, Accuracy = 53.02%
2025-07-29 22:58:38,322 - INFO - Epoch 54: Loss = 113.6411, Accuracy = 53.46%
2025-07-29 22:58:38,487 - INFO - Epoch 55: Loss = 112.9677, Accuracy = 53.16%
2025-07-29 22:58:38,654 - INFO - Epoch 56: Loss = 111.3529, Accuracy = 54.82%
2025-07-29 22:58:38,819 - INFO - Epoch 57: Loss = 110.0466, Accuracy = 54.95%
2025-07-29 22:58:38,984 - INFO - Epoch 58: Loss = 109.6389, Accuracy = 55.08%
2025-07-29 22:58:39,148 - INFO - Epoch 59: Loss = 108.9328, Accuracy = 55.65%
2025-07-29 22:58:39,313 - INFO - Epoch 60: Loss = 107.2204, Accuracy = 56.49%
2025-07-29 22:58:39,477 - INFO - Epoch 61: Loss = 107.0932, Accuracy = 56.70%
2025-07-29 22:58:39,642 - INFO - Epoch 62: Loss = 104.7284, Accuracy = 56.79%
2025-07-29 22:58:39,806 - INFO - Epoch 63: Loss = 104.2695, Accuracy = 57.06%
2025-07-29 22:58:39,971 - INFO - Epoch 64: Loss = 102.6676, Accuracy = 58.55%
2025-07-29 22:58:40,135 - INFO - Epoch 65: Loss = 102.4840, Accuracy = 58.94%
2025-07-29 22:58:40,300 - INFO - Epoch 66: Loss = 100.9573, Accuracy = 59.07%
2025-07-29 22:58:40,465 - INFO - Epoch 67: Loss = 100.0147, Accuracy = 58.46%
2025-07-29 22:58:40,629 - INFO - Epoch 68: Loss = 99.2118, Accuracy = 59.86%
2025-07-29 22:58:40,794 - INFO - Epoch 69: Loss = 98.0836, Accuracy = 59.29%
2025-07-29 22:58:40,958 - INFO - Epoch 70: Loss = 97.0438, Accuracy = 59.77%
2025-07-29 22:58:41,123 - INFO - Epoch 71: Loss = 96.2793, Accuracy = 60.08%
2025-07-29 22:58:41,287 - INFO - Epoch 72: Loss = 95.2590, Accuracy = 60.74%
2025-07-29 22:58:41,452 - INFO - Epoch 73: Loss = 94.3689, Accuracy = 61.22%
2025-07-29 22:58:41,616 - INFO - Epoch 74: Loss = 93.3601, Accuracy = 61.39%
2025-07-29 22:58:41,780 - INFO - Epoch 75: Loss = 92.6690, Accuracy = 61.48%
2025-07-29 22:58:41,945 - INFO - Epoch 76: Loss = 91.8718, Accuracy = 62.31%
2025-07-29 22:58:42,110 - INFO - Epoch 77: Loss = 91.6021, Accuracy = 61.96%
2025-07-29 22:58:42,274 - INFO - Epoch 78: Loss = 90.4302, Accuracy = 61.92%
2025-07-29 22:58:42,439 - INFO - Epoch 79: Loss = 89.9057, Accuracy = 62.88%
2025-07-29 22:58:42,603 - INFO - Epoch 80: Loss = 88.6772, Accuracy = 62.88%
2025-07-29 22:58:42,768 - INFO - Epoch 81: Loss = 87.5783, Accuracy = 63.58%
2025-07-29 22:58:42,932 - INFO - Epoch 82: Loss = 87.0598, Accuracy = 63.28%
2025-07-29 22:58:43,097 - INFO - Epoch 83: Loss = 86.9511, Accuracy = 63.32%
2025-07-29 22:58:43,261 - INFO - Epoch 84: Loss = 85.6157, Accuracy = 63.98%
2025-07-29 22:58:43,425 - INFO - Epoch 85: Loss = 84.8148, Accuracy = 64.50%
2025-07-29 22:58:43,590 - INFO - Epoch 86: Loss = 84.2596, Accuracy = 63.67%
2025-07-29 22:58:43,754 - INFO - Epoch 87: Loss = 83.3984, Accuracy = 65.25%
2025-07-29 22:58:43,919 - INFO - Epoch 88: Loss = 82.9810, Accuracy = 64.46%
2025-07-29 22:58:44,083 - INFO - Epoch 89: Loss = 81.7363, Accuracy = 65.47%
2025-07-29 22:58:44,248 - INFO - Epoch 90: Loss = 81.4433, Accuracy = 65.21%
2025-07-29 22:58:44,412 - INFO - Epoch 91: Loss = 81.3564, Accuracy = 65.34%
2025-07-29 22:58:44,576 - INFO - Epoch 92: Loss = 80.1810, Accuracy = 65.99%
2025-07-29 22:58:44,741 - INFO - Epoch 93: Loss = 79.2427, Accuracy = 65.91%
2025-07-29 22:58:44,905 - INFO - Epoch 94: Loss = 79.1386, Accuracy = 66.21%
2025-07-29 22:58:45,070 - INFO - Epoch 95: Loss = 77.5223, Accuracy = 67.44%
2025-07-29 22:58:45,234 - INFO - Epoch 96: Loss = 76.7855, Accuracy = 66.74%
2025-07-29 22:58:45,399 - INFO - Epoch 97: Loss = 76.6817, Accuracy = 67.88%
2025-07-29 22:58:45,564 - INFO - Epoch 98: Loss = 75.1684, Accuracy = 66.91%
2025-07-29 22:58:45,728 - INFO - Epoch 99: Loss = 74.7102, Accuracy = 68.23%
2025-07-29 22:58:45,893 - INFO - Epoch 100: Loss = 73.6910, Accuracy = 68.76%
2025-07-29 22:58:46,057 - INFO - Epoch 101: Loss = 73.9435, Accuracy = 68.10%
2025-07-29 22:58:46,222 - INFO - Epoch 102: Loss = 72.7750, Accuracy = 69.28%
2025-07-29 22:58:46,386 - INFO - Epoch 103: Loss = 71.9360, Accuracy = 69.94%
2025-07-29 22:58:46,551 - INFO - Epoch 104: Loss = 71.8019, Accuracy = 69.63%
2025-07-29 22:58:46,715 - INFO - Epoch 105: Loss = 70.4541, Accuracy = 70.11%
2025-07-29 22:58:46,880 - INFO - Epoch 106: Loss = 70.4984, Accuracy = 70.33%
2025-07-29 22:58:47,044 - INFO - Epoch 107: Loss = 69.3519, Accuracy = 70.16%
2025-07-29 22:58:47,209 - INFO - Epoch 108: Loss = 68.9373, Accuracy = 69.76%
2025-07-29 22:58:47,373 - INFO - Epoch 109: Loss = 68.2464, Accuracy = 70.99%
2025-07-29 22:58:47,537 - INFO - Epoch 110: Loss = 67.3649, Accuracy = 71.34%
2025-07-29 22:58:47,702 - INFO - Epoch 111: Loss = 66.6521, Accuracy = 72.30%
2025-07-29 22:58:47,866 - INFO - Epoch 112: Loss = 67.4269, Accuracy = 70.82%
2025-07-29 22:58:48,031 - INFO - Epoch 113: Loss = 66.6487, Accuracy = 72.00%
2025-07-29 22:58:48,195 - INFO - Epoch 114: Loss = 65.7147, Accuracy = 71.21%
2025-07-29 22:58:48,360 - INFO - Epoch 115: Loss = 64.9696, Accuracy = 73.01%
2025-07-29 22:58:48,525 - INFO - Epoch 116: Loss = 63.5644, Accuracy = 73.27%
2025-07-29 22:58:48,689 - INFO - Epoch 117: Loss = 64.3536, Accuracy = 71.82%
2025-07-29 22:58:48,855 - INFO - Epoch 118: Loss = 62.8740, Accuracy = 73.53%
2025-07-29 22:58:49,020 - INFO - Epoch 119: Loss = 62.3181, Accuracy = 73.31%
2025-07-29 22:58:49,184 - INFO - Epoch 120: Loss = 61.8946, Accuracy = 72.96%
2025-07-29 22:58:49,348 - INFO - Epoch 121: Loss = 60.9482, Accuracy = 74.36%
2025-07-29 22:58:49,513 - INFO - Epoch 122: Loss = 61.4895, Accuracy = 73.97%
2025-07-29 22:58:49,678 - INFO - Epoch 123: Loss = 60.7377, Accuracy = 74.76%
2025-07-29 22:58:49,842 - INFO - Epoch 124: Loss = 60.2120, Accuracy = 74.50%
2025-07-29 22:58:50,007 - INFO - Epoch 125: Loss = 60.9142, Accuracy = 73.79%
2025-07-29 22:58:50,171 - INFO - Epoch 126: Loss = 58.9500, Accuracy = 75.11%
2025-07-29 22:58:50,336 - INFO - Epoch 127: Loss = 57.4411, Accuracy = 75.59%
2025-07-29 22:58:50,500 - INFO - Epoch 128: Loss = 57.6529, Accuracy = 75.55%
2025-07-29 22:58:50,665 - INFO - Epoch 129: Loss = 57.1454, Accuracy = 76.34%
2025-07-29 22:58:50,829 - INFO - Epoch 130: Loss = 56.5221, Accuracy = 76.47%
2025-07-29 22:58:50,994 - INFO - Epoch 131: Loss = 57.2974, Accuracy = 75.85%
2025-07-29 22:58:51,158 - INFO - Epoch 132: Loss = 55.6358, Accuracy = 76.64%
2025-07-29 22:58:51,323 - INFO - Epoch 133: Loss = 56.3802, Accuracy = 76.16%
2025-07-29 22:58:51,487 - INFO - Epoch 134: Loss = 54.2012, Accuracy = 77.61%
2025-07-29 22:58:51,652 - INFO - Epoch 135: Loss = 54.5363, Accuracy = 77.65%
2025-07-29 22:58:51,816 - INFO - Epoch 136: Loss = 52.8891, Accuracy = 78.13%
2025-07-29 22:58:51,981 - INFO - Epoch 137: Loss = 52.5731, Accuracy = 77.56%
2025-07-29 22:58:52,145 - INFO - Epoch 138: Loss = 52.1837, Accuracy = 78.09%
2025-07-29 22:58:52,310 - INFO - Epoch 139: Loss = 51.9594, Accuracy = 78.22%
2025-07-29 22:58:52,474 - INFO - Epoch 140: Loss = 51.8535, Accuracy = 78.13%
2025-07-29 22:58:52,638 - INFO - Epoch 141: Loss = 51.8428, Accuracy = 79.05%
2025-07-29 22:58:52,803 - INFO - Epoch 142: Loss = 50.9125, Accuracy = 78.62%
2025-07-29 22:58:52,968 - INFO - Epoch 143: Loss = 50.5635, Accuracy = 78.70%
2025-07-29 22:58:53,132 - INFO - Epoch 144: Loss = 50.1025, Accuracy = 79.27%
2025-07-29 22:58:53,297 - INFO - Epoch 145: Loss = 50.7349, Accuracy = 78.97%
2025-07-29 22:58:53,461 - INFO - Epoch 146: Loss = 48.9105, Accuracy = 80.02%
2025-07-29 22:58:53,626 - INFO - Epoch 147: Loss = 48.8507, Accuracy = 80.11%
2025-07-29 22:58:53,790 - INFO - Epoch 148: Loss = 48.0888, Accuracy = 79.80%
2025-07-29 22:58:53,954 - INFO - Epoch 149: Loss = 47.6790, Accuracy = 80.46%
2025-07-29 22:58:54,119 - INFO - Epoch 150: Loss = 46.9975, Accuracy = 80.98%
2025-07-29 22:58:54,283 - INFO - Epoch 151: Loss = 47.5565, Accuracy = 80.46%
2025-07-29 22:58:54,448 - INFO - Epoch 152: Loss = 46.5258, Accuracy = 81.07%
2025-07-29 22:58:54,612 - INFO - Epoch 153: Loss = 46.1772, Accuracy = 81.11%
2025-07-29 22:58:54,777 - INFO - Epoch 154: Loss = 46.2839, Accuracy = 81.77%
2025-07-29 22:58:54,941 - INFO - Epoch 155: Loss = 45.3354, Accuracy = 81.86%
2025-07-29 22:58:55,105 - INFO - Epoch 156: Loss = 44.6483, Accuracy = 81.95%
2025-07-29 22:58:55,270 - INFO - Epoch 157: Loss = 45.1665, Accuracy = 81.46%
2025-07-29 22:58:55,434 - INFO - Epoch 158: Loss = 45.0215, Accuracy = 81.55%
2025-07-29 22:58:55,599 - INFO - Epoch 159: Loss = 43.9367, Accuracy = 82.16%
2025-07-29 22:58:55,764 - INFO - Epoch 160: Loss = 43.9525, Accuracy = 81.33%
2025-07-29 22:58:55,928 - INFO - Epoch 161: Loss = 43.2618, Accuracy = 82.56%
2025-07-29 22:58:56,093 - INFO - Epoch 162: Loss = 43.0056, Accuracy = 82.82%
2025-07-29 22:58:56,257 - INFO - Epoch 163: Loss = 42.7885, Accuracy = 82.34%
2025-07-29 22:58:56,422 - INFO - Epoch 164: Loss = 42.5612, Accuracy = 82.95%
2025-07-29 22:58:56,587 - INFO - Epoch 165: Loss = 41.3132, Accuracy = 83.30%
2025-07-29 22:58:56,751 - INFO - Epoch 166: Loss = 41.1299, Accuracy = 83.22%
2025-07-29 22:58:56,916 - INFO - Epoch 167: Loss = 41.5917, Accuracy = 83.22%
2025-07-29 22:58:57,080 - INFO - Epoch 168: Loss = 40.6063, Accuracy = 83.65%
2025-07-29 22:58:57,244 - INFO - Epoch 169: Loss = 42.2766, Accuracy = 82.87%
2025-07-29 22:58:57,409 - INFO - Epoch 170: Loss = 40.1292, Accuracy = 83.87%
2025-07-29 22:58:57,573 - INFO - Epoch 171: Loss = 40.4693, Accuracy = 83.65%
2025-07-29 22:58:57,738 - INFO - Epoch 172: Loss = 39.9562, Accuracy = 84.44%
2025-07-29 22:58:57,902 - INFO - Epoch 173: Loss = 39.2625, Accuracy = 84.01%
2025-07-29 22:58:58,067 - INFO - Epoch 174: Loss = 38.6765, Accuracy = 84.66%
2025-07-29 22:58:58,231 - INFO - Epoch 175: Loss = 38.2028, Accuracy = 84.53%
2025-07-29 22:58:58,396 - INFO - Epoch 176: Loss = 39.2082, Accuracy = 84.53%
2025-07-29 22:58:58,560 - INFO - Epoch 177: Loss = 38.1281, Accuracy = 84.71%
2025-07-29 22:58:58,725 - INFO - Epoch 178: Loss = 39.3988, Accuracy = 85.06%
2025-07-29 22:58:58,893 - INFO - Epoch 179: Loss = 36.9276, Accuracy = 85.36%
2025-07-29 22:58:59,057 - INFO - Epoch 180: Loss = 37.6152, Accuracy = 84.97%
2025-07-29 22:58:59,222 - INFO - Epoch 181: Loss = 37.5403, Accuracy = 84.66%
2025-07-29 22:58:59,387 - INFO - Epoch 182: Loss = 36.6004, Accuracy = 85.85%
2025-07-29 22:58:59,551 - INFO - Epoch 183: Loss = 36.7057, Accuracy = 85.63%
2025-07-29 22:58:59,716 - INFO - Epoch 184: Loss = 35.9302, Accuracy = 85.80%
2025-07-29 22:58:59,880 - INFO - Epoch 185: Loss = 34.7735, Accuracy = 86.11%
2025-07-29 22:59:00,045 - INFO - Epoch 186: Loss = 36.1959, Accuracy = 86.15%
2025-07-29 22:59:00,209 - INFO - Epoch 187: Loss = 34.4331, Accuracy = 86.63%
2025-07-29 22:59:00,373 - INFO - Epoch 188: Loss = 34.7054, Accuracy = 86.90%
2025-07-29 22:59:00,538 - INFO - Epoch 189: Loss = 34.8896, Accuracy = 86.42%
2025-07-29 22:59:00,703 - INFO - Epoch 190: Loss = 34.9546, Accuracy = 86.99%
2025-07-29 22:59:00,867 - INFO - Epoch 191: Loss = 33.2669, Accuracy = 87.34%
2025-07-29 22:59:01,031 - INFO - Epoch 192: Loss = 32.5964, Accuracy = 87.82%
2025-07-29 22:59:01,196 - INFO - Epoch 193: Loss = 32.2045, Accuracy = 87.12%
2025-07-29 22:59:01,361 - INFO - Epoch 194: Loss = 32.4769, Accuracy = 87.60%
2025-07-29 22:59:01,525 - INFO - Epoch 195: Loss = 32.0265, Accuracy = 87.95%
2025-07-29 22:59:01,690 - INFO - Epoch 196: Loss = 34.0006, Accuracy = 86.81%
2025-07-29 22:59:01,854 - INFO - Epoch 197: Loss = 32.3236, Accuracy = 88.30%
2025-07-29 22:59:02,019 - INFO - Epoch 198: Loss = 31.2943, Accuracy = 88.43%
2025-07-29 22:59:02,183 - INFO - Epoch 199: Loss = 30.9536, Accuracy = 88.56%
2025-07-29 22:59:02,347 - INFO - Epoch 200: Loss = 30.3179, Accuracy = 88.91%
2025-07-29 22:59:02,512 - INFO - Epoch 201: Loss = 31.1318, Accuracy = 87.91%
2025-07-29 22:59:02,676 - INFO - Epoch 202: Loss = 30.7113, Accuracy = 87.95%
2025-07-29 22:59:02,841 - INFO - Epoch 203: Loss = 28.8467, Accuracy = 89.48%
2025-07-29 22:59:03,005 - INFO - Epoch 204: Loss = 30.1916, Accuracy = 89.26%
2025-07-29 22:59:03,170 - INFO - Epoch 205: Loss = 28.9777, Accuracy = 89.40%
2025-07-29 22:59:03,334 - INFO - Epoch 206: Loss = 28.7632, Accuracy = 89.22%
2025-07-29 22:59:03,498 - INFO - Epoch 207: Loss = 29.0826, Accuracy = 88.96%
2025-07-29 22:59:03,663 - INFO - Epoch 208: Loss = 29.6402, Accuracy = 89.18%
2025-07-29 22:59:03,828 - INFO - Epoch 209: Loss = 27.4936, Accuracy = 90.10%
2025-07-29 22:59:03,992 - INFO - Epoch 210: Loss = 28.6490, Accuracy = 89.22%
2025-07-29 22:59:04,156 - INFO - Epoch 211: Loss = 27.5065, Accuracy = 89.40%
2025-07-29 22:59:04,321 - INFO - Epoch 212: Loss = 27.6434, Accuracy = 89.66%
2025-07-29 22:59:04,485 - INFO - Epoch 213: Loss = 26.5794, Accuracy = 90.40%
2025-07-29 22:59:04,650 - INFO - Epoch 214: Loss = 27.1994, Accuracy = 90.23%
2025-07-29 22:59:04,814 - INFO - Epoch 215: Loss = 26.6568, Accuracy = 90.71%
2025-07-29 22:59:04,979 - INFO - Epoch 216: Loss = 25.8680, Accuracy = 90.58%
2025-07-29 22:59:05,143 - INFO - Epoch 217: Loss = 24.8097, Accuracy = 91.41%
2025-07-29 22:59:05,307 - INFO - Epoch 218: Loss = 26.2377, Accuracy = 90.45%
2025-07-29 22:59:05,472 - INFO - Epoch 219: Loss = 26.0965, Accuracy = 90.62%
2025-07-29 22:59:05,636 - INFO - Epoch 220: Loss = 25.7493, Accuracy = 91.06%
2025-07-29 22:59:05,801 - INFO - Epoch 221: Loss = 25.4787, Accuracy = 90.32%
2025-07-29 22:59:05,965 - INFO - Epoch 222: Loss = 25.3700, Accuracy = 90.97%
2025-07-29 22:59:06,129 - INFO - Epoch 223: Loss = 25.0567, Accuracy = 91.37%
2025-07-29 22:59:06,294 - INFO - Epoch 224: Loss = 23.5528, Accuracy = 91.32%
2025-07-29 22:59:06,458 - INFO - Epoch 225: Loss = 24.3115, Accuracy = 91.89%
2025-07-29 22:59:06,623 - INFO - Epoch 226: Loss = 25.3099, Accuracy = 91.15%
2025-07-29 22:59:06,787 - INFO - Epoch 227: Loss = 23.0784, Accuracy = 92.11%
2025-07-29 22:59:06,951 - INFO - Epoch 228: Loss = 23.1616, Accuracy = 92.07%
2025-07-29 22:59:07,116 - INFO - Epoch 229: Loss = 23.2635, Accuracy = 92.02%
2025-07-29 22:59:07,280 - INFO - Epoch 230: Loss = 21.9834, Accuracy = 92.24%
2025-07-29 22:59:07,445 - INFO - Epoch 231: Loss = 22.4831, Accuracy = 92.29%
2025-07-29 22:59:07,609 - INFO - Epoch 232: Loss = 21.7294, Accuracy = 93.12%
2025-07-29 22:59:07,774 - INFO - Epoch 233: Loss = 21.6172, Accuracy = 92.81%
2025-07-29 22:59:07,938 - INFO - Epoch 234: Loss = 22.5642, Accuracy = 92.29%
2025-07-29 22:59:08,102 - INFO - Epoch 235: Loss = 21.5087, Accuracy = 93.43%
2025-07-29 22:59:08,267 - INFO - Epoch 236: Loss = 23.1998, Accuracy = 92.29%
2025-07-29 22:59:08,432 - INFO - Epoch 237: Loss = 22.9004, Accuracy = 92.68%
2025-07-29 22:59:08,597 - INFO - Epoch 238: Loss = 21.9850, Accuracy = 92.81%
2025-07-29 22:59:08,761 - INFO - Epoch 239: Loss = 21.3011, Accuracy = 92.51%
2025-07-29 22:59:08,925 - INFO - Epoch 240: Loss = 21.2269, Accuracy = 92.99%
2025-07-29 22:59:09,090 - INFO - Epoch 241: Loss = 19.8368, Accuracy = 94.04%
2025-07-29 22:59:09,254 - INFO - Epoch 242: Loss = 20.9704, Accuracy = 93.16%
2025-07-29 22:59:09,419 - INFO - Epoch 243: Loss = 21.7337, Accuracy = 92.68%
2025-07-29 22:59:09,583 - INFO - Epoch 244: Loss = 21.1605, Accuracy = 92.94%
2025-07-29 22:59:09,748 - INFO - Epoch 245: Loss = 20.0031, Accuracy = 93.56%
2025-07-29 22:59:09,912 - INFO - Epoch 246: Loss = 18.8616, Accuracy = 94.04%
2025-07-29 22:59:10,076 - INFO - Epoch 247: Loss = 19.0344, Accuracy = 94.04%
2025-07-29 22:59:10,241 - INFO - Epoch 248: Loss = 20.6007, Accuracy = 93.43%
2025-07-29 22:59:10,405 - INFO - Epoch 249: Loss = 19.0351, Accuracy = 93.95%
2025-07-29 22:59:10,569 - INFO - Epoch 250: Loss = 20.4189, Accuracy = 93.47%
2025-07-29 22:59:10,734 - INFO - Epoch 251: Loss = 19.6882, Accuracy = 94.00%
2025-07-29 22:59:10,898 - INFO - Epoch 252: Loss = 18.4498, Accuracy = 94.00%
2025-07-29 22:59:11,062 - INFO - Epoch 253: Loss = 18.0146, Accuracy = 93.87%
2025-07-29 22:59:11,227 - INFO - Epoch 254: Loss = 18.6860, Accuracy = 93.51%
2025-07-29 22:59:11,391 - INFO - Epoch 255: Loss = 19.0648, Accuracy = 94.17%
2025-07-29 22:59:11,555 - INFO - Epoch 256: Loss = 17.7962, Accuracy = 94.35%
2025-07-29 22:59:11,557 - INFO - [Gradient Period 50 Run 2] Training time: 43.25s
2025-07-29 22:59:12,190 - INFO - ✅ Regular Evaluation Accuracy: 46.34%
2025-07-29 22:59:12,233 - INFO - ✅ Regular Evaluation Top-5 Accuracy: 85.37%
2025-07-29 22:59:12,263 - INFO - ✅ Regular Evaluation Accuracy: 25.62%
2025-07-29 22:59:12,275 - INFO - ✅ Regular Evaluation Top-5 Accuracy: 68.60%
2025-07-29 22:59:12,757 - INFO - ✅ Regular Evaluation Accuracy: 6.32%
2025-07-29 22:59:12,767 - INFO - ✅ Regular Evaluation Top-5 Accuracy: 24.21%
2025-07-29 22:59:12,767 - INFO - Nuts
2025-07-29 22:59:13,206 - INFO - ✅ Regular Evaluation Accuracy: 39.58%
2025-07-29 22:59:13,216 - INFO - ✅ Regular Evaluation Top-5 Accuracy: 80.21%
2025-07-29 22:59:13,216 - INFO - Spices
2025-07-29 22:59:13,680 - INFO - ✅ Regular Evaluation Accuracy: 47.73%
2025-07-29 22:59:13,690 - INFO - ✅ Regular Evaluation Top-5 Accuracy: 94.32%
2025-07-29 22:59:13,690 - INFO - Herbs
2025-07-29 22:59:14,115 - INFO - ✅ Regular Evaluation Accuracy: 32.95%
2025-07-29 22:59:14,124 - INFO - ✅ Regular Evaluation Top-5 Accuracy: 79.55%
2025-07-29 22:59:14,125 - INFO - Fruits
2025-07-29 22:59:14,544 - INFO - ✅ Regular Evaluation Accuracy: 61.80%
2025-07-29 22:59:14,553 - INFO - ✅ Regular Evaluation Top-5 Accuracy: 86.52%
2025-07-29 22:59:14,553 - INFO - Vegetables
2025-07-29 22:59:14,981 - INFO - ✅ Regular Evaluation Accuracy: 50.00%
2025-07-29 22:59:14,991 - INFO - ✅ Regular Evaluation Top-5 Accuracy: 86.67%
2025-07-29 22:59:14,991 - INFO - [Gradient Period 50 Run 3] Starting
2025-07-29 22:59:16,092 - INFO - Training on device: cuda
2025-07-29 22:59:16,259 - INFO - Epoch 01: Loss = 280.5152, Accuracy = 2.67%
2025-07-29 22:59:16,425 - INFO - Epoch 02: Loss = 277.0294, Accuracy = 5.30%
2025-07-29 22:59:16,592 - INFO - Epoch 03: Loss = 271.7925, Accuracy = 8.06%
2025-07-29 22:59:16,758 - INFO - Epoch 04: Loss = 262.3522, Accuracy = 9.86%
2025-07-29 22:59:16,925 - INFO - Epoch 05: Loss = 251.2162, Accuracy = 10.69%
2025-07-29 22:59:17,091 - INFO - Epoch 06: Loss = 239.4663, Accuracy = 13.54%
2025-07-29 22:59:17,257 - INFO - Epoch 07: Loss = 229.5348, Accuracy = 16.87%
2025-07-29 22:59:17,424 - INFO - Epoch 08: Loss = 221.4595, Accuracy = 20.46%
2025-07-29 22:59:17,590 - INFO - Epoch 09: Loss = 214.7786, Accuracy = 21.47%
2025-07-29 22:59:17,756 - INFO - Epoch 10: Loss = 209.4725, Accuracy = 22.83%
2025-07-29 22:59:17,922 - INFO - Epoch 11: Loss = 205.1260, Accuracy = 24.50%
2025-07-29 22:59:18,089 - INFO - Epoch 12: Loss = 200.1815, Accuracy = 25.59%
2025-07-29 22:59:18,255 - INFO - Epoch 13: Loss = 196.1607, Accuracy = 26.64%
2025-07-29 22:59:18,422 - INFO - Epoch 14: Loss = 192.5004, Accuracy = 27.65%
2025-07-29 22:59:18,588 - INFO - Epoch 15: Loss = 189.9000, Accuracy = 28.13%
2025-07-29 22:59:18,755 - INFO - Epoch 16: Loss = 186.6580, Accuracy = 29.01%
2025-07-29 22:59:18,921 - INFO - Epoch 17: Loss = 183.1400, Accuracy = 29.23%
2025-07-29 22:59:19,087 - INFO - Epoch 18: Loss = 180.2561, Accuracy = 30.72%
2025-07-29 22:59:19,254 - INFO - Epoch 19: Loss = 178.0098, Accuracy = 31.64%
2025-07-29 22:59:19,419 - INFO - Epoch 20: Loss = 175.4985, Accuracy = 31.42%
2025-07-29 22:59:19,586 - INFO - Epoch 21: Loss = 172.8662, Accuracy = 32.43%
2025-07-29 22:59:19,752 - INFO - Epoch 22: Loss = 170.2745, Accuracy = 33.87%
2025-07-29 22:59:19,918 - INFO - Epoch 23: Loss = 167.9127, Accuracy = 34.66%
2025-07-29 22:59:20,085 - INFO - Epoch 24: Loss = 165.7826, Accuracy = 36.15%
2025-07-29 22:59:20,251 - INFO - Epoch 25: Loss = 163.3974, Accuracy = 35.80%
2025-07-29 22:59:20,417 - INFO - Epoch 26: Loss = 161.4588, Accuracy = 36.33%
2025-07-29 22:59:20,585 - INFO - Epoch 27: Loss = 158.7749, Accuracy = 37.16%
2025-07-29 22:59:20,752 - INFO - Epoch 28: Loss = 156.8596, Accuracy = 38.08%
2025-07-29 22:59:20,918 - INFO - Epoch 29: Loss = 154.4161, Accuracy = 39.26%
2025-07-29 22:59:21,084 - INFO - Epoch 30: Loss = 153.3385, Accuracy = 39.18%
2025-07-29 22:59:21,251 - INFO - Epoch 31: Loss = 150.6899, Accuracy = 40.32%
2025-07-29 22:59:21,417 - INFO - Epoch 32: Loss = 149.2344, Accuracy = 41.10%
2025-07-29 22:59:21,583 - INFO - Epoch 33: Loss = 147.2428, Accuracy = 41.32%
2025-07-29 22:59:21,749 - INFO - Epoch 34: Loss = 145.6131, Accuracy = 41.45%
2025-07-29 22:59:21,916 - INFO - Epoch 35: Loss = 143.6586, Accuracy = 42.90%
2025-07-29 22:59:22,082 - INFO - Epoch 36: Loss = 141.9180, Accuracy = 43.56%
2025-07-29 22:59:22,249 - INFO - Epoch 37: Loss = 140.6699, Accuracy = 43.69%
2025-07-29 22:59:22,415 - INFO - Epoch 38: Loss = 138.0658, Accuracy = 44.04%
2025-07-29 22:59:22,581 - INFO - Epoch 39: Loss = 136.4996, Accuracy = 45.53%
2025-07-29 22:59:22,748 - INFO - Epoch 40: Loss = 134.6733, Accuracy = 45.40%
2025-07-29 22:59:22,914 - INFO - Epoch 41: Loss = 132.8048, Accuracy = 46.14%
2025-07-29 22:59:23,080 - INFO - Epoch 42: Loss = 131.5883, Accuracy = 46.45%
2025-07-29 22:59:23,246 - INFO - Epoch 43: Loss = 131.1520, Accuracy = 46.67%
2025-07-29 22:59:23,412 - INFO - Epoch 44: Loss = 128.7312, Accuracy = 47.46%
2025-07-29 22:59:23,578 - INFO - Epoch 45: Loss = 127.2397, Accuracy = 47.98%
2025-07-29 22:59:23,744 - INFO - Epoch 46: Loss = 125.1723, Accuracy = 48.77%
2025-07-29 22:59:23,911 - INFO - Epoch 47: Loss = 123.6030, Accuracy = 49.74%
2025-07-29 22:59:24,077 - INFO - Epoch 48: Loss = 122.5105, Accuracy = 50.57%
2025-07-29 22:59:24,243 - INFO - Epoch 49: Loss = 121.0046, Accuracy = 51.05%
2025-07-29 22:59:24,409 - INFO - Epoch 50: Loss = 119.3724, Accuracy = 51.36%
2025-07-29 22:59:24,575 - INFO - Epoch 51: Loss = 118.5779, Accuracy = 51.75%
2025-07-29 22:59:24,741 - INFO - Epoch 52: Loss = 117.3199, Accuracy = 52.10%
2025-07-29 22:59:24,908 - INFO - Epoch 53: Loss = 115.5913, Accuracy = 52.72%
2025-07-29 22:59:25,074 - INFO - Epoch 54: Loss = 114.3312, Accuracy = 53.77%
2025-07-29 22:59:25,240 - INFO - Epoch 55: Loss = 113.3266, Accuracy = 53.72%
2025-07-29 22:59:25,406 - INFO - Epoch 56: Loss = 111.6254, Accuracy = 53.72%
2025-07-29 22:59:25,572 - INFO - Epoch 57: Loss = 110.6384, Accuracy = 53.72%
2025-07-29 22:59:25,738 - INFO - Epoch 58: Loss = 109.8087, Accuracy = 54.65%
2025-07-29 22:59:25,904 - INFO - Epoch 59: Loss = 108.4927, Accuracy = 54.91%
2025-07-29 22:59:26,071 - INFO - Epoch 60: Loss = 106.5759, Accuracy = 56.05%
2025-07-29 22:59:26,237 - INFO - Epoch 61: Loss = 106.4064, Accuracy = 55.83%
2025-07-29 22:59:26,403 - INFO - Epoch 62: Loss = 105.2590, Accuracy = 55.87%
2025-07-29 22:59:26,569 - INFO - Epoch 63: Loss = 103.7608, Accuracy = 55.92%
2025-07-29 22:59:26,735 - INFO - Epoch 64: Loss = 102.8184, Accuracy = 57.01%
2025-07-29 22:59:26,901 - INFO - Epoch 65: Loss = 101.9907, Accuracy = 56.97%
2025-07-29 22:59:27,067 - INFO - Epoch 66: Loss = 101.6758, Accuracy = 57.32%
2025-07-29 22:59:27,234 - INFO - Epoch 67: Loss = 101.2471, Accuracy = 57.54%
2025-07-29 22:59:27,399 - INFO - Epoch 68: Loss = 99.0347, Accuracy = 59.11%
2025-07-29 22:59:27,565 - INFO - Epoch 69: Loss = 98.5132, Accuracy = 58.37%
2025-07-29 22:59:27,732 - INFO - Epoch 70: Loss = 96.4245, Accuracy = 59.16%
2025-07-29 22:59:27,898 - INFO - Epoch 71: Loss = 96.0665, Accuracy = 60.17%
2025-07-29 22:59:28,064 - INFO - Epoch 72: Loss = 94.9290, Accuracy = 59.64%
2025-07-29 22:59:28,231 - INFO - Epoch 73: Loss = 93.8687, Accuracy = 60.56%
2025-07-29 22:59:28,397 - INFO - Epoch 74: Loss = 92.6118, Accuracy = 61.13%
2025-07-29 22:59:28,563 - INFO - Epoch 75: Loss = 92.3144, Accuracy = 60.39%
2025-07-29 22:59:28,729 - INFO - Epoch 76: Loss = 90.8895, Accuracy = 60.69%
2025-07-29 22:59:28,895 - INFO - Epoch 77: Loss = 90.5762, Accuracy = 61.13%
2025-07-29 22:59:29,061 - INFO - Epoch 78: Loss = 89.0653, Accuracy = 62.27%
2025-07-29 22:59:29,227 - INFO - Epoch 79: Loss = 89.1533, Accuracy = 62.58%
2025-07-29 22:59:29,393 - INFO - Epoch 80: Loss = 88.3652, Accuracy = 62.84%
2025-07-29 22:59:29,559 - INFO - Epoch 81: Loss = 87.1472, Accuracy = 63.23%
2025-07-29 22:59:29,725 - INFO - Epoch 82: Loss = 86.0097, Accuracy = 63.58%
2025-07-29 22:59:29,892 - INFO - Epoch 83: Loss = 85.9352, Accuracy = 63.50%
2025-07-29 22:59:30,058 - INFO - Epoch 84: Loss = 84.9779, Accuracy = 63.89%
2025-07-29 22:59:30,224 - INFO - Epoch 85: Loss = 84.0435, Accuracy = 64.29%
2025-07-29 22:59:30,391 - INFO - Epoch 86: Loss = 82.9942, Accuracy = 64.68%
2025-07-29 22:59:30,558 - INFO - Epoch 87: Loss = 81.9931, Accuracy = 64.94%
2025-07-29 22:59:30,724 - INFO - Epoch 88: Loss = 81.8587, Accuracy = 65.16%
2025-07-29 22:59:30,890 - INFO - Epoch 89: Loss = 80.8840, Accuracy = 65.56%
2025-07-29 22:59:31,057 - INFO - Epoch 90: Loss = 80.3729, Accuracy = 66.04%
2025-07-29 22:59:31,223 - INFO - Epoch 91: Loss = 79.4417, Accuracy = 66.52%
2025-07-29 22:59:31,389 - INFO - Epoch 92: Loss = 79.4709, Accuracy = 65.56%
2025-07-29 22:59:31,555 - INFO - Epoch 93: Loss = 77.5424, Accuracy = 67.05%
2025-07-29 22:59:31,721 - INFO - Epoch 94: Loss = 77.3838, Accuracy = 67.00%
2025-07-29 22:59:31,887 - INFO - Epoch 95: Loss = 76.4475, Accuracy = 67.66%
2025-07-29 22:59:32,053 - INFO - Epoch 96: Loss = 74.9211, Accuracy = 68.05%
2025-07-29 22:59:32,219 - INFO - Epoch 97: Loss = 74.8469, Accuracy = 68.32%
2025-07-29 22:59:32,385 - INFO - Epoch 98: Loss = 74.2290, Accuracy = 68.45%
2025-07-29 22:59:32,552 - INFO - Epoch 99: Loss = 74.2908, Accuracy = 67.97%
2025-07-29 22:59:32,718 - INFO - Epoch 100: Loss = 73.4961, Accuracy = 68.27%
2025-07-29 22:59:32,884 - INFO - Epoch 101: Loss = 71.8709, Accuracy = 69.76%
2025-07-29 22:59:33,050 - INFO - Epoch 102: Loss = 71.1914, Accuracy = 69.63%
2025-07-29 22:59:33,216 - INFO - Epoch 103: Loss = 70.5794, Accuracy = 70.33%
2025-07-29 22:59:33,382 - INFO - Epoch 104: Loss = 70.0695, Accuracy = 69.37%
2025-07-29 22:59:33,548 - INFO - Epoch 105: Loss = 69.6702, Accuracy = 70.07%
2025-07-29 22:59:33,714 - INFO - Epoch 106: Loss = 69.1313, Accuracy = 70.64%
2025-07-29 22:59:33,880 - INFO - Epoch 107: Loss = 70.9022, Accuracy = 69.81%
2025-07-29 22:59:34,046 - INFO - Epoch 108: Loss = 69.2476, Accuracy = 70.68%
2025-07-29 22:59:34,212 - INFO - Epoch 109: Loss = 67.3432, Accuracy = 70.64%
2025-07-29 22:59:34,378 - INFO - Epoch 110: Loss = 65.9698, Accuracy = 71.82%
2025-07-29 22:59:34,544 - INFO - Epoch 111: Loss = 65.5208, Accuracy = 72.22%
2025-07-29 22:59:34,710 - INFO - Epoch 112: Loss = 65.9072, Accuracy = 71.74%
2025-07-29 22:59:34,877 - INFO - Epoch 113: Loss = 65.4779, Accuracy = 72.13%
2025-07-29 22:59:35,043 - INFO - Epoch 114: Loss = 63.5727, Accuracy = 72.79%
2025-07-29 22:59:35,209 - INFO - Epoch 115: Loss = 64.7982, Accuracy = 72.87%
2025-07-29 22:59:35,375 - INFO - Epoch 116: Loss = 63.6844, Accuracy = 73.49%
2025-07-29 22:59:35,541 - INFO - Epoch 117: Loss = 62.6354, Accuracy = 73.71%
2025-07-29 22:59:35,707 - INFO - Epoch 118: Loss = 61.9375, Accuracy = 74.23%
2025-07-29 22:59:35,873 - INFO - Epoch 119: Loss = 60.8168, Accuracy = 74.80%
2025-07-29 22:59:36,040 - INFO - Epoch 120: Loss = 59.9975, Accuracy = 74.19%
2025-07-29 22:59:36,206 - INFO - Epoch 121: Loss = 59.9430, Accuracy = 74.54%
2025-07-29 22:59:36,372 - INFO - Epoch 122: Loss = 59.2098, Accuracy = 75.46%
2025-07-29 22:59:36,538 - INFO - Epoch 123: Loss = 59.4522, Accuracy = 75.42%
2025-07-29 22:59:36,704 - INFO - Epoch 124: Loss = 57.8921, Accuracy = 75.99%
2025-07-29 22:59:36,871 - INFO - Epoch 125: Loss = 58.2128, Accuracy = 75.85%
2025-07-29 22:59:37,037 - INFO - Epoch 126: Loss = 57.6858, Accuracy = 75.37%
2025-07-29 22:59:37,203 - INFO - Epoch 127: Loss = 55.9769, Accuracy = 76.82%
2025-07-29 22:59:37,369 - INFO - Epoch 128: Loss = 55.6997, Accuracy = 76.07%
2025-07-29 22:59:37,535 - INFO - Epoch 129: Loss = 56.7343, Accuracy = 76.21%
2025-07-29 22:59:37,701 - INFO - Epoch 130: Loss = 55.3094, Accuracy = 76.38%
2025-07-29 22:59:37,867 - INFO - Epoch 131: Loss = 54.2243, Accuracy = 77.04%
2025-07-29 22:59:38,033 - INFO - Epoch 132: Loss = 54.9649, Accuracy = 76.91%
2025-07-29 22:59:38,199 - INFO - Epoch 133: Loss = 53.5744, Accuracy = 76.69%
2025-07-29 22:59:38,365 - INFO - Epoch 134: Loss = 54.4202, Accuracy = 77.26%
2025-07-29 22:59:38,531 - INFO - Epoch 135: Loss = 52.8822, Accuracy = 77.61%
2025-07-29 22:59:38,697 - INFO - Epoch 136: Loss = 52.0224, Accuracy = 78.35%
2025-07-29 22:59:38,863 - INFO - Epoch 137: Loss = 51.5578, Accuracy = 78.57%
2025-07-29 22:59:39,030 - INFO - Epoch 138: Loss = 50.4335, Accuracy = 79.27%
2025-07-29 22:59:39,196 - INFO - Epoch 139: Loss = 50.1941, Accuracy = 78.79%
2025-07-29 22:59:39,362 - INFO - Epoch 140: Loss = 51.3391, Accuracy = 78.26%
2025-07-29 22:59:39,528 - INFO - Epoch 141: Loss = 49.3952, Accuracy = 79.36%
2025-07-29 22:59:39,694 - INFO - Epoch 142: Loss = 48.4165, Accuracy = 80.37%
2025-07-29 22:59:39,860 - INFO - Epoch 143: Loss = 49.0960, Accuracy = 79.36%
2025-07-29 22:59:40,026 - INFO - Epoch 144: Loss = 48.3555, Accuracy = 79.18%
2025-07-29 22:59:40,192 - INFO - Epoch 145: Loss = 49.2121, Accuracy = 78.97%
2025-07-29 22:59:40,359 - INFO - Epoch 146: Loss = 46.8365, Accuracy = 80.24%
2025-07-29 22:59:40,525 - INFO - Epoch 147: Loss = 47.1894, Accuracy = 80.85%
2025-07-29 22:59:40,693 - INFO - Epoch 148: Loss = 47.3532, Accuracy = 80.67%
2025-07-29 22:59:40,859 - INFO - Epoch 149: Loss = 45.9317, Accuracy = 81.29%
2025-07-29 22:59:41,025 - INFO - Epoch 150: Loss = 45.3538, Accuracy = 81.90%
2025-07-29 22:59:41,192 - INFO - Epoch 151: Loss = 45.3244, Accuracy = 81.42%
2025-07-29 22:59:41,358 - INFO - Epoch 152: Loss = 44.1055, Accuracy = 82.21%
2025-07-29 22:59:41,524 - INFO - Epoch 153: Loss = 43.5666, Accuracy = 81.86%
2025-07-29 22:59:41,691 - INFO - Epoch 154: Loss = 43.0269, Accuracy = 82.69%
2025-07-29 22:59:41,857 - INFO - Epoch 155: Loss = 44.5829, Accuracy = 80.85%
2025-07-29 22:59:42,023 - INFO - Epoch 156: Loss = 45.0250, Accuracy = 81.60%
2025-07-29 22:59:42,189 - INFO - Epoch 157: Loss = 42.0361, Accuracy = 83.00%
2025-07-29 22:59:42,355 - INFO - Epoch 158: Loss = 41.4100, Accuracy = 83.74%
2025-07-29 22:59:42,521 - INFO - Epoch 159: Loss = 41.7234, Accuracy = 83.17%
2025-07-29 22:59:42,688 - INFO - Epoch 160: Loss = 40.9423, Accuracy = 83.26%
2025-07-29 22:59:42,854 - INFO - Epoch 161: Loss = 41.0420, Accuracy = 83.48%
2025-07-29 22:59:43,020 - INFO - Epoch 162: Loss = 40.8733, Accuracy = 83.96%
2025-07-29 22:59:43,186 - INFO - Epoch 163: Loss = 40.7769, Accuracy = 83.79%
2025-07-29 22:59:43,353 - INFO - Epoch 164: Loss = 40.6218, Accuracy = 83.52%
2025-07-29 22:59:43,519 - INFO - Epoch 165: Loss = 41.0485, Accuracy = 84.05%
2025-07-29 22:59:43,685 - INFO - Epoch 166: Loss = 39.8927, Accuracy = 84.14%
2025-07-29 22:59:43,851 - INFO - Epoch 167: Loss = 39.2906, Accuracy = 84.05%
2025-07-29 22:59:44,017 - INFO - Epoch 168: Loss = 40.3401, Accuracy = 83.83%
2025-07-29 22:59:44,183 - INFO - Epoch 169: Loss = 38.3281, Accuracy = 84.09%
2025-07-29 22:59:44,350 - INFO - Epoch 170: Loss = 37.7597, Accuracy = 85.10%
2025-07-29 22:59:44,516 - INFO - Epoch 171: Loss = 36.6995, Accuracy = 85.58%
2025-07-29 22:59:44,682 - INFO - Epoch 172: Loss = 38.0027, Accuracy = 84.57%
2025-07-29 22:59:44,848 - INFO - Epoch 173: Loss = 36.4005, Accuracy = 85.71%
2025-07-29 22:59:45,014 - INFO - Epoch 174: Loss = 35.2764, Accuracy = 85.89%
2025-07-29 22:59:45,180 - INFO - Epoch 175: Loss = 35.9497, Accuracy = 85.76%
2025-07-29 22:59:45,346 - INFO - Epoch 176: Loss = 35.5631, Accuracy = 85.80%
2025-07-29 22:59:45,512 - INFO - Epoch 177: Loss = 36.2474, Accuracy = 85.76%
2025-07-29 22:59:45,678 - INFO - Epoch 178: Loss = 35.5085, Accuracy = 85.89%
2025-07-29 22:59:45,844 - INFO - Epoch 179: Loss = 34.5600, Accuracy = 86.46%
2025-07-29 22:59:46,011 - INFO - Epoch 180: Loss = 34.5434, Accuracy = 86.02%
2025-07-29 22:59:46,177 - INFO - Epoch 181: Loss = 33.5818, Accuracy = 87.12%
2025-07-29 22:59:46,343 - INFO - Epoch 182: Loss = 33.0014, Accuracy = 87.47%
2025-07-29 22:59:46,509 - INFO - Epoch 183: Loss = 33.3108, Accuracy = 87.38%
2025-07-29 22:59:46,675 - INFO - Epoch 184: Loss = 32.2166, Accuracy = 87.73%
2025-07-29 22:59:46,841 - INFO - Epoch 185: Loss = 33.1085, Accuracy = 86.85%
2025-07-29 22:59:47,007 - INFO - Epoch 186: Loss = 31.6282, Accuracy = 87.77%
2025-07-29 22:59:47,174 - INFO - Epoch 187: Loss = 32.7195, Accuracy = 87.03%
2025-07-29 22:59:47,340 - INFO - Epoch 188: Loss = 31.0753, Accuracy = 88.08%
2025-07-29 22:59:47,506 - INFO - Epoch 189: Loss = 30.8817, Accuracy = 87.91%
2025-07-29 22:59:47,671 - INFO - Epoch 190: Loss = 30.9899, Accuracy = 87.86%
2025-07-29 22:59:47,838 - INFO - Epoch 191: Loss = 29.1156, Accuracy = 88.91%
2025-07-29 22:59:48,004 - INFO - Epoch 192: Loss = 31.0285, Accuracy = 88.26%
2025-07-29 22:59:48,170 - INFO - Epoch 193: Loss = 29.1030, Accuracy = 88.69%
2025-07-29 22:59:48,336 - INFO - Epoch 194: Loss = 30.6719, Accuracy = 87.42%
2025-07-29 22:59:48,502 - INFO - Epoch 195: Loss = 31.2483, Accuracy = 88.34%
2025-07-29 22:59:48,668 - INFO - Epoch 196: Loss = 29.3754, Accuracy = 88.65%
2025-07-29 22:59:48,834 - INFO - Epoch 197: Loss = 28.6816, Accuracy = 88.65%
2025-07-29 22:59:49,001 - INFO - Epoch 198: Loss = 29.7171, Accuracy = 88.65%
2025-07-29 22:59:49,167 - INFO - Epoch 199: Loss = 29.6685, Accuracy = 88.39%
2025-07-29 22:59:49,333 - INFO - Epoch 200: Loss = 27.5876, Accuracy = 89.53%
2025-07-29 22:59:49,500 - INFO - Epoch 201: Loss = 26.6511, Accuracy = 90.05%
2025-07-29 22:59:49,666 - INFO - Epoch 202: Loss = 27.5404, Accuracy = 89.31%
2025-07-29 22:59:49,832 - INFO - Epoch 203: Loss = 27.9521, Accuracy = 89.13%
2025-07-29 22:59:49,998 - INFO - Epoch 204: Loss = 26.8402, Accuracy = 89.79%
2025-07-29 22:59:50,164 - INFO - Epoch 205: Loss = 25.5857, Accuracy = 90.58%
2025-07-29 22:59:50,330 - INFO - Epoch 206: Loss = 26.4865, Accuracy = 89.96%
2025-07-29 22:59:50,496 - INFO - Epoch 207: Loss = 25.0256, Accuracy = 91.41%
2025-07-29 22:59:50,663 - INFO - Epoch 208: Loss = 25.2956, Accuracy = 90.75%
2025-07-29 22:59:50,829 - INFO - Epoch 209: Loss = 25.5477, Accuracy = 90.36%
2025-07-29 22:59:50,995 - INFO - Epoch 210: Loss = 26.5135, Accuracy = 89.96%
2025-07-29 22:59:51,161 - INFO - Epoch 211: Loss = 24.4462, Accuracy = 90.89%
2025-07-29 22:59:51,327 - INFO - Epoch 212: Loss = 25.2690, Accuracy = 90.32%
2025-07-29 22:59:51,493 - INFO - Epoch 213: Loss = 24.1492, Accuracy = 91.41%
2025-07-29 22:59:51,659 - INFO - Epoch 214: Loss = 23.9010, Accuracy = 90.84%
2025-07-29 22:59:51,825 - INFO - Epoch 215: Loss = 23.2854, Accuracy = 91.19%
2025-07-29 22:59:51,991 - INFO - Epoch 216: Loss = 23.8014, Accuracy = 91.41%
2025-07-29 22:59:52,158 - INFO - Epoch 217: Loss = 24.7334, Accuracy = 91.28%
2025-07-29 22:59:52,324 - INFO - Epoch 218: Loss = 24.4285, Accuracy = 91.10%
2025-07-29 22:59:52,490 - INFO - Epoch 219: Loss = 23.1844, Accuracy = 91.81%
2025-07-29 22:59:52,656 - INFO - Epoch 220: Loss = 22.0195, Accuracy = 92.02%
2025-07-29 22:59:52,822 - INFO - Epoch 221: Loss = 22.4386, Accuracy = 91.76%
2025-07-29 22:59:52,988 - INFO - Epoch 222: Loss = 21.4788, Accuracy = 92.73%
2025-07-29 22:59:53,154 - INFO - Epoch 223: Loss = 22.2379, Accuracy = 91.85%
2025-07-29 22:59:53,320 - INFO - Epoch 224: Loss = 21.7790, Accuracy = 92.81%
2025-07-29 22:59:53,486 - INFO - Epoch 225: Loss = 23.2493, Accuracy = 92.11%
2025-07-29 22:59:53,652 - INFO - Epoch 226: Loss = 21.1668, Accuracy = 92.99%
2025-07-29 22:59:53,819 - INFO - Epoch 227: Loss = 20.8962, Accuracy = 92.24%
2025-07-29 22:59:53,985 - INFO - Epoch 228: Loss = 20.8573, Accuracy = 92.86%
2025-07-29 22:59:54,151 - INFO - Epoch 229: Loss = 19.3464, Accuracy = 93.69%
2025-07-29 22:59:54,317 - INFO - Epoch 230: Loss = 20.8328, Accuracy = 92.55%
2025-07-29 22:59:54,484 - INFO - Epoch 231: Loss = 20.9570, Accuracy = 92.59%
2025-07-29 22:59:54,649 - INFO - Epoch 232: Loss = 20.6495, Accuracy = 92.90%
2025-07-29 22:59:54,815 - INFO - Epoch 233: Loss = 19.8018, Accuracy = 93.08%
2025-07-29 22:59:54,981 - INFO - Epoch 234: Loss = 18.1794, Accuracy = 93.78%
2025-07-29 22:59:55,146 - INFO - Epoch 235: Loss = 19.2572, Accuracy = 93.25%
2025-07-29 22:59:55,311 - INFO - Epoch 236: Loss = 19.0889, Accuracy = 93.03%
2025-07-29 22:59:55,477 - INFO - Epoch 237: Loss = 19.7904, Accuracy = 92.90%
2025-07-29 22:59:55,643 - INFO - Epoch 238: Loss = 19.8670, Accuracy = 93.21%
2025-07-29 22:59:55,808 - INFO - Epoch 239: Loss = 19.7204, Accuracy = 92.77%
2025-07-29 22:59:55,974 - INFO - Epoch 240: Loss = 18.2893, Accuracy = 93.60%
2025-07-29 22:59:56,140 - INFO - Epoch 241: Loss = 17.4214, Accuracy = 94.39%
2025-07-29 22:59:56,305 - INFO - Epoch 242: Loss = 17.1243, Accuracy = 94.26%
2025-07-29 22:59:56,471 - INFO - Epoch 243: Loss = 17.1316, Accuracy = 94.30%
2025-07-29 22:59:56,637 - INFO - Epoch 244: Loss = 18.6981, Accuracy = 93.34%
2025-07-29 22:59:56,802 - INFO - Epoch 245: Loss = 18.2104, Accuracy = 94.17%
2025-07-29 22:59:56,968 - INFO - Epoch 246: Loss = 17.6590, Accuracy = 94.08%
2025-07-29 22:59:57,134 - INFO - Epoch 247: Loss = 16.1859, Accuracy = 94.96%
2025-07-29 22:59:57,299 - INFO - Epoch 248: Loss = 16.6797, Accuracy = 94.65%
2025-07-29 22:59:57,465 - INFO - Epoch 249: Loss = 16.0703, Accuracy = 94.92%
2025-07-29 22:59:57,631 - INFO - Epoch 250: Loss = 15.9464, Accuracy = 95.14%
2025-07-29 22:59:57,797 - INFO - Epoch 251: Loss = 17.1591, Accuracy = 94.70%
2025-07-29 22:59:57,962 - INFO - Epoch 252: Loss = 16.2066, Accuracy = 94.61%
2025-07-29 22:59:58,128 - INFO - Epoch 253: Loss = 17.9416, Accuracy = 94.22%
2025-07-29 22:59:58,293 - INFO - Epoch 254: Loss = 16.6439, Accuracy = 94.74%
2025-07-29 22:59:58,459 - INFO - Epoch 255: Loss = 15.9632, Accuracy = 94.96%
2025-07-29 22:59:58,624 - INFO - Epoch 256: Loss = 16.2079, Accuracy = 94.92%
2025-07-29 22:59:58,626 - INFO - [Gradient Period 50 Run 3] Training time: 43.64s
2025-07-29 22:59:59,261 - INFO - ✅ Regular Evaluation Accuracy: 47.89%
2025-07-29 22:59:59,304 - INFO - ✅ Regular Evaluation Top-5 Accuracy: 84.26%
2025-07-29 22:59:59,333 - INFO - ✅ Regular Evaluation Accuracy: 27.27%
2025-07-29 22:59:59,345 - INFO - ✅ Regular Evaluation Top-5 Accuracy: 73.55%
2025-07-29 22:59:59,849 - INFO - ✅ Regular Evaluation Accuracy: 9.47%
2025-07-29 22:59:59,859 - INFO - ✅ Regular Evaluation Top-5 Accuracy: 27.37%
2025-07-29 22:59:59,859 - INFO - Nuts
2025-07-29 23:00:00,319 - INFO - ✅ Regular Evaluation Accuracy: 48.96%
2025-07-29 23:00:00,328 - INFO - ✅ Regular Evaluation Top-5 Accuracy: 77.08%
2025-07-29 23:00:00,328 - INFO - Spices
2025-07-29 23:00:00,862 - INFO - ✅ Regular Evaluation Accuracy: 51.14%
2025-07-29 23:00:00,872 - INFO - ✅ Regular Evaluation Top-5 Accuracy: 84.09%
2025-07-29 23:00:00,872 - INFO - Herbs
2025-07-29 23:00:01,317 - INFO - ✅ Regular Evaluation Accuracy: 40.91%
2025-07-29 23:00:01,326 - INFO - ✅ Regular Evaluation Top-5 Accuracy: 84.09%
2025-07-29 23:00:01,326 - INFO - Fruits
2025-07-29 23:00:01,748 - INFO - ✅ Regular Evaluation Accuracy: 44.94%
2025-07-29 23:00:01,758 - INFO - ✅ Regular Evaluation Top-5 Accuracy: 85.39%
2025-07-29 23:00:01,758 - INFO - Vegetables
2025-07-29 23:00:02,181 - INFO - ✅ Regular Evaluation Accuracy: 53.33%
2025-07-29 23:00:02,191 - INFO - ✅ Regular Evaluation Top-5 Accuracy: 91.11%
2025-07-29 23:00:02,191 - INFO - [Gradient Period 50 Run 4] Starting
2025-07-29 23:00:03,296 - INFO - Training on device: cuda
2025-07-29 23:00:03,472 - INFO - Epoch 01: Loss = 280.7487, Accuracy = 3.07%
2025-07-29 23:00:03,639 - INFO - Epoch 02: Loss = 277.1804, Accuracy = 7.19%
2025-07-29 23:00:03,804 - INFO - Epoch 03: Loss = 271.6472, Accuracy = 11.09%
2025-07-29 23:00:03,968 - INFO - Epoch 04: Loss = 261.7452, Accuracy = 12.49%
2025-07-29 23:00:04,132 - INFO - Epoch 05: Loss = 248.6941, Accuracy = 11.57%
2025-07-29 23:00:04,296 - INFO - Epoch 06: Loss = 236.3974, Accuracy = 14.42%
2025-07-29 23:00:04,461 - INFO - Epoch 07: Loss = 226.3454, Accuracy = 18.01%
2025-07-29 23:00:04,625 - INFO - Epoch 08: Loss = 218.2657, Accuracy = 21.69%
2025-07-29 23:00:04,789 - INFO - Epoch 09: Loss = 211.3647, Accuracy = 21.30%
2025-07-29 23:00:04,953 - INFO - Epoch 10: Loss = 206.1023, Accuracy = 22.48%
2025-07-29 23:00:05,118 - INFO - Epoch 11: Loss = 200.8339, Accuracy = 23.93%
2025-07-29 23:00:05,282 - INFO - Epoch 12: Loss = 196.4617, Accuracy = 24.28%
2025-07-29 23:00:05,446 - INFO - Epoch 13: Loss = 193.0513, Accuracy = 25.85%
2025-07-29 23:00:05,611 - INFO - Epoch 14: Loss = 189.0717, Accuracy = 26.07%
2025-07-29 23:00:05,775 - INFO - Epoch 15: Loss = 185.7015, Accuracy = 27.17%
2025-07-29 23:00:05,939 - INFO - Epoch 16: Loss = 182.6286, Accuracy = 28.22%
2025-07-29 23:00:06,103 - INFO - Epoch 17: Loss = 179.0381, Accuracy = 30.24%
2025-07-29 23:00:06,267 - INFO - Epoch 18: Loss = 176.2914, Accuracy = 30.41%
2025-07-29 23:00:06,431 - INFO - Epoch 19: Loss = 173.2644, Accuracy = 31.73%
2025-07-29 23:00:06,595 - INFO - Epoch 20: Loss = 171.1373, Accuracy = 32.60%
2025-07-29 23:00:06,759 - INFO - Epoch 21: Loss = 168.4712, Accuracy = 33.13%
2025-07-29 23:00:06,924 - INFO - Epoch 22: Loss = 166.4396, Accuracy = 33.13%
2025-07-29 23:00:07,088 - INFO - Epoch 23: Loss = 163.9380, Accuracy = 34.97%
2025-07-29 23:00:07,252 - INFO - Epoch 24: Loss = 161.6437, Accuracy = 35.45%
2025-07-29 23:00:07,416 - INFO - Epoch 25: Loss = 159.5239, Accuracy = 36.24%
2025-07-29 23:00:07,581 - INFO - Epoch 26: Loss = 156.6411, Accuracy = 37.77%
2025-07-29 23:00:07,745 - INFO - Epoch 27: Loss = 155.1402, Accuracy = 38.30%
2025-07-29 23:00:07,909 - INFO - Epoch 28: Loss = 153.2008, Accuracy = 38.52%
2025-07-29 23:00:08,073 - INFO - Epoch 29: Loss = 151.0355, Accuracy = 39.44%
2025-07-29 23:00:08,238 - INFO - Epoch 30: Loss = 149.1725, Accuracy = 39.79%
2025-07-29 23:00:08,402 - INFO - Epoch 31: Loss = 147.3374, Accuracy = 40.71%
2025-07-29 23:00:08,566 - INFO - Epoch 32: Loss = 145.5337, Accuracy = 41.02%
2025-07-29 23:00:08,731 - INFO - Epoch 33: Loss = 143.6678, Accuracy = 42.51%
2025-07-29 23:00:08,895 - INFO - Epoch 34: Loss = 141.9246, Accuracy = 43.03%
2025-07-29 23:00:09,059 - INFO - Epoch 35: Loss = 140.3557, Accuracy = 43.65%
2025-07-29 23:00:09,223 - INFO - Epoch 36: Loss = 138.2415, Accuracy = 44.65%
2025-07-29 23:00:09,387 - INFO - Epoch 37: Loss = 137.0974, Accuracy = 43.87%
2025-07-29 23:00:09,551 - INFO - Epoch 38: Loss = 135.7336, Accuracy = 45.49%
2025-07-29 23:00:09,715 - INFO - Epoch 39: Loss = 134.2305, Accuracy = 45.84%
2025-07-29 23:00:09,879 - INFO - Epoch 40: Loss = 132.2800, Accuracy = 46.01%
2025-07-29 23:00:10,044 - INFO - Epoch 41: Loss = 130.2405, Accuracy = 46.71%
2025-07-29 23:00:10,208 - INFO - Epoch 42: Loss = 129.3016, Accuracy = 47.98%
2025-07-29 23:00:10,372 - INFO - Epoch 43: Loss = 128.2399, Accuracy = 48.03%
2025-07-29 23:00:10,536 - INFO - Epoch 44: Loss = 126.2691, Accuracy = 48.42%
2025-07-29 23:00:10,701 - INFO - Epoch 45: Loss = 125.0769, Accuracy = 48.90%
2025-07-29 23:00:10,865 - INFO - Epoch 46: Loss = 123.5929, Accuracy = 49.96%
2025-07-29 23:00:11,029 - INFO - Epoch 47: Loss = 122.2608, Accuracy = 49.65%
2025-07-29 23:00:11,193 - INFO - Epoch 48: Loss = 120.8422, Accuracy = 50.74%
2025-07-29 23:00:11,357 - INFO - Epoch 49: Loss = 119.7780, Accuracy = 50.53%
2025-07-29 23:00:11,521 - INFO - Epoch 50: Loss = 118.5637, Accuracy = 51.23%
2025-07-29 23:00:11,685 - INFO - Epoch 51: Loss = 116.7462, Accuracy = 52.54%
2025-07-29 23:00:11,850 - INFO - Epoch 52: Loss = 115.4368, Accuracy = 52.72%
2025-07-29 23:00:12,014 - INFO - Epoch 53: Loss = 114.9536, Accuracy = 52.23%
2025-07-29 23:00:12,178 - INFO - Epoch 54: Loss = 112.6896, Accuracy = 53.51%
2025-07-29 23:00:12,342 - INFO - Epoch 55: Loss = 111.8009, Accuracy = 53.51%
2025-07-29 23:00:12,506 - INFO - Epoch 56: Loss = 110.4695, Accuracy = 53.99%
2025-07-29 23:00:12,670 - INFO - Epoch 57: Loss = 109.1548, Accuracy = 55.08%
2025-07-29 23:00:12,835 - INFO - Epoch 58: Loss = 108.8027, Accuracy = 55.30%
2025-07-29 23:00:12,999 - INFO - Epoch 59: Loss = 107.0516, Accuracy = 55.17%
2025-07-29 23:00:13,163 - INFO - Epoch 60: Loss = 106.0675, Accuracy = 56.53%
2025-07-29 23:00:13,327 - INFO - Epoch 61: Loss = 104.9324, Accuracy = 57.01%
2025-07-29 23:00:13,491 - INFO - Epoch 62: Loss = 103.3229, Accuracy = 57.89%
2025-07-29 23:00:13,655 - INFO - Epoch 63: Loss = 102.3633, Accuracy = 58.59%
2025-07-29 23:00:13,822 - INFO - Epoch 64: Loss = 101.2144, Accuracy = 58.55%
2025-07-29 23:00:13,986 - INFO - Epoch 65: Loss = 99.9299, Accuracy = 58.81%
2025-07-29 23:00:14,150 - INFO - Epoch 66: Loss = 98.4623, Accuracy = 59.03%
2025-07-29 23:00:14,315 - INFO - Epoch 67: Loss = 97.8310, Accuracy = 59.68%
2025-07-29 23:00:14,479 - INFO - Epoch 68: Loss = 96.9147, Accuracy = 59.99%
2025-07-29 23:00:14,643 - INFO - Epoch 69: Loss = 95.9366, Accuracy = 59.86%
2025-07-29 23:00:14,807 - INFO - Epoch 70: Loss = 95.2437, Accuracy = 60.87%
2025-07-29 23:00:14,971 - INFO - Epoch 71: Loss = 93.8497, Accuracy = 60.60%
2025-07-29 23:00:15,136 - INFO - Epoch 72: Loss = 93.1861, Accuracy = 61.79%
2025-07-29 23:00:15,300 - INFO - Epoch 73: Loss = 92.1590, Accuracy = 62.40%
2025-07-29 23:00:15,464 - INFO - Epoch 74: Loss = 92.4472, Accuracy = 61.09%
2025-07-29 23:00:15,628 - INFO - Epoch 75: Loss = 91.1165, Accuracy = 61.17%
2025-07-29 23:00:15,793 - INFO - Epoch 76: Loss = 89.6058, Accuracy = 62.45%
2025-07-29 23:00:15,957 - INFO - Epoch 77: Loss = 88.7105, Accuracy = 62.53%
2025-07-29 23:00:16,121 - INFO - Epoch 78: Loss = 88.7346, Accuracy = 62.71%
2025-07-29 23:00:16,285 - INFO - Epoch 79: Loss = 87.3840, Accuracy = 63.19%
2025-07-29 23:00:16,450 - INFO - Epoch 80: Loss = 86.4127, Accuracy = 63.80%
2025-07-29 23:00:16,614 - INFO - Epoch 81: Loss = 85.4388, Accuracy = 64.50%
2025-07-29 23:00:16,778 - INFO - Epoch 82: Loss = 85.0915, Accuracy = 64.46%
2025-07-29 23:00:16,943 - INFO - Epoch 83: Loss = 84.1039, Accuracy = 65.47%
2025-07-29 23:00:17,107 - INFO - Epoch 84: Loss = 83.6743, Accuracy = 64.55%
2025-07-29 23:00:17,271 - INFO - Epoch 85: Loss = 82.0813, Accuracy = 65.60%
2025-07-29 23:00:17,436 - INFO - Epoch 86: Loss = 81.3023, Accuracy = 65.34%
2025-07-29 23:00:17,600 - INFO - Epoch 87: Loss = 80.8658, Accuracy = 65.78%
2025-07-29 23:00:17,764 - INFO - Epoch 88: Loss = 80.5549, Accuracy = 67.18%
2025-07-29 23:00:17,928 - INFO - Epoch 89: Loss = 80.0985, Accuracy = 66.52%
2025-07-29 23:00:18,093 - INFO - Epoch 90: Loss = 77.8371, Accuracy = 67.75%
2025-07-29 23:00:18,257 - INFO - Epoch 91: Loss = 78.1421, Accuracy = 67.88%
2025-07-29 23:00:18,421 - INFO - Epoch 92: Loss = 77.2105, Accuracy = 67.18%
2025-07-29 23:00:18,585 - INFO - Epoch 93: Loss = 76.7712, Accuracy = 67.84%
2025-07-29 23:00:18,750 - INFO - Epoch 94: Loss = 75.1418, Accuracy = 68.54%
2025-07-29 23:00:18,914 - INFO - Epoch 95: Loss = 74.7579, Accuracy = 68.84%
2025-07-29 23:00:19,078 - INFO - Epoch 96: Loss = 73.9647, Accuracy = 69.06%
2025-07-29 23:00:19,243 - INFO - Epoch 97: Loss = 73.3590, Accuracy = 69.24%
2025-07-29 23:00:19,407 - INFO - Epoch 98: Loss = 72.7861, Accuracy = 69.02%
2025-07-29 23:00:19,571 - INFO - Epoch 99: Loss = 71.8584, Accuracy = 69.72%
2025-07-29 23:00:19,736 - INFO - Epoch 100: Loss = 71.5597, Accuracy = 70.03%
2025-07-29 23:00:19,900 - INFO - Epoch 101: Loss = 70.7299, Accuracy = 70.20%
2025-07-29 23:00:20,064 - INFO - Epoch 102: Loss = 70.1745, Accuracy = 70.99%
2025-07-29 23:00:20,228 - INFO - Epoch 103: Loss = 69.2872, Accuracy = 71.08%
2025-07-29 23:00:20,393 - INFO - Epoch 104: Loss = 68.2482, Accuracy = 70.64%
2025-07-29 23:00:20,557 - INFO - Epoch 105: Loss = 67.6248, Accuracy = 72.22%
2025-07-29 23:00:20,721 - INFO - Epoch 106: Loss = 67.1511, Accuracy = 71.91%
2025-07-29 23:00:20,885 - INFO - Epoch 107: Loss = 66.8573, Accuracy = 71.91%
2025-07-29 23:00:21,050 - INFO - Epoch 108: Loss = 66.2056, Accuracy = 72.44%
2025-07-29 23:00:21,214 - INFO - Epoch 109: Loss = 65.8169, Accuracy = 72.30%
2025-07-29 23:00:21,378 - INFO - Epoch 110: Loss = 65.7440, Accuracy = 71.82%
2025-07-29 23:00:21,543 - INFO - Epoch 111: Loss = 63.4080, Accuracy = 73.36%
2025-07-29 23:00:21,707 - INFO - Epoch 112: Loss = 63.8510, Accuracy = 73.79%
2025-07-29 23:00:21,872 - INFO - Epoch 113: Loss = 62.4982, Accuracy = 73.71%
2025-07-29 23:00:22,036 - INFO - Epoch 114: Loss = 62.8975, Accuracy = 74.36%
2025-07-29 23:00:22,200 - INFO - Epoch 115: Loss = 61.3055, Accuracy = 74.45%
2025-07-29 23:00:22,364 - INFO - Epoch 116: Loss = 61.4937, Accuracy = 74.01%
2025-07-29 23:00:22,529 - INFO - Epoch 117: Loss = 60.7671, Accuracy = 74.15%
2025-07-29 23:00:22,693 - INFO - Epoch 118: Loss = 60.3594, Accuracy = 75.11%
2025-07-29 23:00:22,858 - INFO - Epoch 119: Loss = 60.0455, Accuracy = 75.33%
2025-07-29 23:00:23,023 - INFO - Epoch 120: Loss = 58.4251, Accuracy = 75.64%
2025-07-29 23:00:23,187 - INFO - Epoch 121: Loss = 58.1453, Accuracy = 76.34%
2025-07-29 23:00:23,351 - INFO - Epoch 122: Loss = 58.8179, Accuracy = 75.46%
2025-07-29 23:00:23,515 - INFO - Epoch 123: Loss = 57.6718, Accuracy = 76.38%
2025-07-29 23:00:23,680 - INFO - Epoch 124: Loss = 57.4251, Accuracy = 75.94%
2025-07-29 23:00:23,846 - INFO - Epoch 125: Loss = 56.1936, Accuracy = 76.60%
2025-07-29 23:00:24,010 - INFO - Epoch 126: Loss = 55.3035, Accuracy = 76.38%
2025-07-29 23:00:24,175 - INFO - Epoch 127: Loss = 56.4336, Accuracy = 77.04%
2025-07-29 23:00:24,339 - INFO - Epoch 128: Loss = 55.9471, Accuracy = 76.42%
2025-07-29 23:00:24,504 - INFO - Epoch 129: Loss = 54.1848, Accuracy = 77.26%
2025-07-29 23:00:24,668 - INFO - Epoch 130: Loss = 53.3927, Accuracy = 77.43%
2025-07-29 23:00:24,833 - INFO - Epoch 131: Loss = 53.3287, Accuracy = 77.43%
2025-07-29 23:00:24,997 - INFO - Epoch 132: Loss = 53.2775, Accuracy = 76.95%
2025-07-29 23:00:25,161 - INFO - Epoch 133: Loss = 52.3652, Accuracy = 78.22%
2025-07-29 23:00:25,326 - INFO - Epoch 134: Loss = 52.7867, Accuracy = 77.74%
2025-07-29 23:00:25,490 - INFO - Epoch 135: Loss = 52.1783, Accuracy = 77.74%
2025-07-29 23:00:25,654 - INFO - Epoch 136: Loss = 50.7459, Accuracy = 78.48%
2025-07-29 23:00:25,818 - INFO - Epoch 137: Loss = 49.9174, Accuracy = 80.06%
2025-07-29 23:00:25,983 - INFO - Epoch 138: Loss = 50.1520, Accuracy = 78.70%
2025-07-29 23:00:26,147 - INFO - Epoch 139: Loss = 50.1674, Accuracy = 78.97%
2025-07-29 23:00:26,311 - INFO - Epoch 140: Loss = 48.6621, Accuracy = 79.97%
2025-07-29 23:00:26,475 - INFO - Epoch 141: Loss = 49.1660, Accuracy = 80.59%
2025-07-29 23:00:26,640 - INFO - Epoch 142: Loss = 48.9667, Accuracy = 79.58%
2025-07-29 23:00:26,804 - INFO - Epoch 143: Loss = 47.7796, Accuracy = 80.06%
2025-07-29 23:00:26,968 - INFO - Epoch 144: Loss = 48.3156, Accuracy = 80.28%
2025-07-29 23:00:27,133 - INFO - Epoch 145: Loss = 46.5853, Accuracy = 80.19%
2025-07-29 23:00:27,297 - INFO - Epoch 146: Loss = 45.8420, Accuracy = 81.90%
2025-07-29 23:00:27,462 - INFO - Epoch 147: Loss = 45.5276, Accuracy = 81.90%
2025-07-29 23:00:27,626 - INFO - Epoch 148: Loss = 46.2268, Accuracy = 81.51%
2025-07-29 23:00:27,790 - INFO - Epoch 149: Loss = 46.6822, Accuracy = 81.11%
2025-07-29 23:00:27,955 - INFO - Epoch 150: Loss = 46.3765, Accuracy = 80.59%
2025-07-29 23:00:28,119 - INFO - Epoch 151: Loss = 44.6953, Accuracy = 82.03%
2025-07-29 23:00:28,283 - INFO - Epoch 152: Loss = 44.1736, Accuracy = 82.16%
2025-07-29 23:00:28,448 - INFO - Epoch 153: Loss = 43.7407, Accuracy = 82.12%
2025-07-29 23:00:28,612 - INFO - Epoch 154: Loss = 44.7062, Accuracy = 81.90%
2025-07-29 23:00:28,777 - INFO - Epoch 155: Loss = 43.2264, Accuracy = 82.82%
2025-07-29 23:00:28,941 - INFO - Epoch 156: Loss = 42.8189, Accuracy = 82.65%
2025-07-29 23:00:29,105 - INFO - Epoch 157: Loss = 43.0067, Accuracy = 82.21%
2025-07-29 23:00:29,270 - INFO - Epoch 158: Loss = 44.0457, Accuracy = 81.73%
2025-07-29 23:00:29,434 - INFO - Epoch 159: Loss = 41.7531, Accuracy = 82.91%
2025-07-29 23:00:29,598 - INFO - Epoch 160: Loss = 41.2918, Accuracy = 83.48%
2025-07-29 23:00:29,763 - INFO - Epoch 161: Loss = 41.2167, Accuracy = 83.22%
2025-07-29 23:00:29,928 - INFO - Epoch 162: Loss = 41.7481, Accuracy = 83.17%
2025-07-29 23:00:30,092 - INFO - Epoch 163: Loss = 40.4048, Accuracy = 84.14%
2025-07-29 23:00:30,256 - INFO - Epoch 164: Loss = 39.6263, Accuracy = 84.36%
2025-07-29 23:00:30,421 - INFO - Epoch 165: Loss = 39.4483, Accuracy = 84.27%
2025-07-29 23:00:30,585 - INFO - Epoch 166: Loss = 39.8898, Accuracy = 83.96%
2025-07-29 23:00:30,749 - INFO - Epoch 167: Loss = 38.3083, Accuracy = 84.44%
2025-07-29 23:00:30,913 - INFO - Epoch 168: Loss = 38.7711, Accuracy = 84.40%
2025-07-29 23:00:31,077 - INFO - Epoch 169: Loss = 38.1071, Accuracy = 85.01%
2025-07-29 23:00:31,242 - INFO - Epoch 170: Loss = 37.5971, Accuracy = 85.63%
2025-07-29 23:00:31,406 - INFO - Epoch 171: Loss = 37.6688, Accuracy = 85.10%
2025-07-29 23:00:31,570 - INFO - Epoch 172: Loss = 37.5282, Accuracy = 85.14%
2025-07-29 23:00:31,735 - INFO - Epoch 173: Loss = 37.2793, Accuracy = 85.76%
2025-07-29 23:00:31,899 - INFO - Epoch 174: Loss = 36.9988, Accuracy = 85.67%
2025-07-29 23:00:32,063 - INFO - Epoch 175: Loss = 36.8673, Accuracy = 86.11%
2025-07-29 23:00:32,228 - INFO - Epoch 176: Loss = 36.9598, Accuracy = 85.71%
2025-07-29 23:00:32,392 - INFO - Epoch 177: Loss = 36.7152, Accuracy = 85.98%
2025-07-29 23:00:32,556 - INFO - Epoch 178: Loss = 37.4041, Accuracy = 85.93%
2025-07-29 23:00:32,720 - INFO - Epoch 179: Loss = 35.2087, Accuracy = 86.33%
2025-07-29 23:00:32,884 - INFO - Epoch 180: Loss = 33.9433, Accuracy = 87.03%
2025-07-29 23:00:33,049 - INFO - Epoch 181: Loss = 33.7690, Accuracy = 87.69%
2025-07-29 23:00:33,213 - INFO - Epoch 182: Loss = 34.2365, Accuracy = 86.85%
2025-07-29 23:00:33,377 - INFO - Epoch 183: Loss = 32.9573, Accuracy = 88.48%
2025-07-29 23:00:33,541 - INFO - Epoch 184: Loss = 33.4064, Accuracy = 87.47%
2025-07-29 23:00:33,706 - INFO - Epoch 185: Loss = 32.4460, Accuracy = 88.34%
2025-07-29 23:00:33,870 - INFO - Epoch 186: Loss = 32.8380, Accuracy = 88.04%
2025-07-29 23:00:34,035 - INFO - Epoch 187: Loss = 31.8365, Accuracy = 88.56%
2025-07-29 23:00:34,199 - INFO - Epoch 188: Loss = 32.7394, Accuracy = 88.04%
2025-07-29 23:00:34,364 - INFO - Epoch 189: Loss = 31.5666, Accuracy = 88.61%
2025-07-29 23:00:34,528 - INFO - Epoch 190: Loss = 31.6441, Accuracy = 88.52%
2025-07-29 23:00:34,692 - INFO - Epoch 191: Loss = 31.9606, Accuracy = 88.61%
2025-07-29 23:00:34,857 - INFO - Epoch 192: Loss = 31.8744, Accuracy = 88.52%
2025-07-29 23:00:35,021 - INFO - Epoch 193: Loss = 32.9790, Accuracy = 87.82%
2025-07-29 23:00:35,185 - INFO - Epoch 194: Loss = 31.2703, Accuracy = 88.12%
2025-07-29 23:00:35,349 - INFO - Epoch 195: Loss = 30.9705, Accuracy = 88.30%
2025-07-29 23:00:35,514 - INFO - Epoch 196: Loss = 28.9000, Accuracy = 89.75%
2025-07-29 23:00:35,678 - INFO - Epoch 197: Loss = 27.8171, Accuracy = 90.23%
2025-07-29 23:00:35,843 - INFO - Epoch 198: Loss = 29.3492, Accuracy = 88.87%
2025-07-29 23:00:36,007 - INFO - Epoch 199: Loss = 28.0753, Accuracy = 89.61%
2025-07-29 23:00:36,171 - INFO - Epoch 200: Loss = 28.8697, Accuracy = 89.92%
2025-07-29 23:00:36,336 - INFO - Epoch 201: Loss = 29.4574, Accuracy = 89.79%
2025-07-29 23:00:36,500 - INFO - Epoch 202: Loss = 29.1299, Accuracy = 90.10%
2025-07-29 23:00:36,665 - INFO - Epoch 203: Loss = 27.1527, Accuracy = 90.58%
2025-07-29 23:00:36,829 - INFO - Epoch 204: Loss = 27.0767, Accuracy = 90.67%
2025-07-29 23:00:36,993 - INFO - Epoch 205: Loss = 25.7526, Accuracy = 90.67%
2025-07-29 23:00:37,157 - INFO - Epoch 206: Loss = 27.0281, Accuracy = 90.75%
2025-07-29 23:00:37,322 - INFO - Epoch 207: Loss = 26.1153, Accuracy = 90.84%
2025-07-29 23:00:37,486 - INFO - Epoch 208: Loss = 25.5036, Accuracy = 91.41%
2025-07-29 23:00:37,650 - INFO - Epoch 209: Loss = 25.4272, Accuracy = 91.76%
2025-07-29 23:00:37,814 - INFO - Epoch 210: Loss = 24.9245, Accuracy = 92.55%
2025-07-29 23:00:37,979 - INFO - Epoch 211: Loss = 25.6036, Accuracy = 91.15%
2025-07-29 23:00:38,143 - INFO - Epoch 212: Loss = 25.2303, Accuracy = 91.50%
2025-07-29 23:00:38,307 - INFO - Epoch 213: Loss = 24.8730, Accuracy = 91.89%
2025-07-29 23:00:38,472 - INFO - Epoch 214: Loss = 23.7728, Accuracy = 93.12%
2025-07-29 23:00:38,636 - INFO - Epoch 215: Loss = 24.8371, Accuracy = 91.63%
2025-07-29 23:00:38,800 - INFO - Epoch 216: Loss = 23.5685, Accuracy = 92.16%
2025-07-29 23:00:38,965 - INFO - Epoch 217: Loss = 23.8839, Accuracy = 92.16%
2025-07-29 23:00:39,129 - INFO - Epoch 218: Loss = 24.0006, Accuracy = 92.59%
2025-07-29 23:00:39,293 - INFO - Epoch 219: Loss = 24.0797, Accuracy = 92.11%
2025-07-29 23:00:39,457 - INFO - Epoch 220: Loss = 23.7113, Accuracy = 92.24%
2025-07-29 23:00:39,622 - INFO - Epoch 221: Loss = 22.4455, Accuracy = 92.94%
2025-07-29 23:00:39,786 - INFO - Epoch 222: Loss = 24.1470, Accuracy = 92.02%
2025-07-29 23:00:39,950 - INFO - Epoch 223: Loss = 21.7621, Accuracy = 93.38%
2025-07-29 23:00:40,114 - INFO - Epoch 224: Loss = 21.8610, Accuracy = 93.56%
2025-07-29 23:00:40,279 - INFO - Epoch 225: Loss = 21.2537, Accuracy = 93.12%
2025-07-29 23:00:40,443 - INFO - Epoch 226: Loss = 21.4135, Accuracy = 93.38%
2025-07-29 23:00:40,608 - INFO - Epoch 227: Loss = 20.7862, Accuracy = 93.34%
2025-07-29 23:00:40,772 - INFO - Epoch 228: Loss = 20.6337, Accuracy = 93.60%
2025-07-29 23:00:40,936 - INFO - Epoch 229: Loss = 21.5770, Accuracy = 93.03%
2025-07-29 23:00:41,101 - INFO - Epoch 230: Loss = 20.4995, Accuracy = 93.30%
2025-07-29 23:00:41,265 - INFO - Epoch 231: Loss = 21.0094, Accuracy = 93.25%
2025-07-29 23:00:41,430 - INFO - Epoch 232: Loss = 20.8393, Accuracy = 94.08%
2025-07-29 23:00:41,594 - INFO - Epoch 233: Loss = 20.1753, Accuracy = 93.82%
2025-07-29 23:00:41,758 - INFO - Epoch 234: Loss = 20.5161, Accuracy = 94.00%
2025-07-29 23:00:41,923 - INFO - Epoch 235: Loss = 21.4383, Accuracy = 93.08%
2025-07-29 23:00:42,087 - INFO - Epoch 236: Loss = 19.7959, Accuracy = 94.04%
2025-07-29 23:00:42,252 - INFO - Epoch 237: Loss = 20.5069, Accuracy = 94.26%
2025-07-29 23:00:42,416 - INFO - Epoch 238: Loss = 19.1489, Accuracy = 94.61%
2025-07-29 23:00:42,580 - INFO - Epoch 239: Loss = 19.0527, Accuracy = 94.22%
2025-07-29 23:00:42,744 - INFO - Epoch 240: Loss = 18.9541, Accuracy = 93.95%
2025-07-29 23:00:42,909 - INFO - Epoch 241: Loss = 21.3386, Accuracy = 93.12%
2025-07-29 23:00:43,073 - INFO - Epoch 242: Loss = 19.2999, Accuracy = 94.00%
2025-07-29 23:00:43,237 - INFO - Epoch 243: Loss = 18.4104, Accuracy = 94.83%
2025-07-29 23:00:43,402 - INFO - Epoch 244: Loss = 17.1726, Accuracy = 95.18%
2025-07-29 23:00:43,566 - INFO - Epoch 245: Loss = 18.5544, Accuracy = 94.22%
2025-07-29 23:00:43,730 - INFO - Epoch 246: Loss = 17.7906, Accuracy = 94.61%
2025-07-29 23:00:43,896 - INFO - Epoch 247: Loss = 17.7300, Accuracy = 94.35%
2025-07-29 23:00:44,061 - INFO - Epoch 248: Loss = 18.3123, Accuracy = 94.48%
2025-07-29 23:00:44,226 - INFO - Epoch 249: Loss = 17.2282, Accuracy = 94.70%
2025-07-29 23:00:44,390 - INFO - Epoch 250: Loss = 18.9953, Accuracy = 94.17%
2025-07-29 23:00:44,554 - INFO - Epoch 251: Loss = 17.3231, Accuracy = 95.09%
2025-07-29 23:00:44,719 - INFO - Epoch 252: Loss = 16.4228, Accuracy = 95.35%
2025-07-29 23:00:44,883 - INFO - Epoch 253: Loss = 16.8175, Accuracy = 95.14%
2025-07-29 23:00:45,047 - INFO - Epoch 254: Loss = 17.1135, Accuracy = 95.31%
2025-07-29 23:00:45,211 - INFO - Epoch 255: Loss = 15.0678, Accuracy = 95.62%
2025-07-29 23:00:45,376 - INFO - Epoch 256: Loss = 15.6854, Accuracy = 95.35%
2025-07-29 23:00:45,378 - INFO - [Gradient Period 50 Run 4] Training time: 43.19s
2025-07-29 23:00:46,006 - INFO - ✅ Regular Evaluation Accuracy: 46.12%
2025-07-29 23:00:46,049 - INFO - ✅ Regular Evaluation Top-5 Accuracy: 85.14%
2025-07-29 23:00:46,078 - INFO - ✅ Regular Evaluation Accuracy: 19.83%
2025-07-29 23:00:46,090 - INFO - ✅ Regular Evaluation Top-5 Accuracy: 66.94%
2025-07-29 23:00:46,571 - INFO - ✅ Regular Evaluation Accuracy: 8.42%
2025-07-29 23:00:46,581 - INFO - ✅ Regular Evaluation Top-5 Accuracy: 30.53%
2025-07-29 23:00:46,581 - INFO - Nuts
2025-07-29 23:00:47,006 - INFO - ✅ Regular Evaluation Accuracy: 42.71%
2025-07-29 23:00:47,015 - INFO - ✅ Regular Evaluation Top-5 Accuracy: 70.83%
2025-07-29 23:00:47,015 - INFO - Spices
2025-07-29 23:00:47,435 - INFO - ✅ Regular Evaluation Accuracy: 52.27%
2025-07-29 23:00:47,444 - INFO - ✅ Regular Evaluation Top-5 Accuracy: 86.36%
2025-07-29 23:00:47,444 - INFO - Herbs
2025-07-29 23:00:47,866 - INFO - ✅ Regular Evaluation Accuracy: 28.41%
2025-07-29 23:00:47,875 - INFO - ✅ Regular Evaluation Top-5 Accuracy: 88.64%
2025-07-29 23:00:47,875 - INFO - Fruits
2025-07-29 23:00:48,294 - INFO - ✅ Regular Evaluation Accuracy: 48.31%
2025-07-29 23:00:48,303 - INFO - ✅ Regular Evaluation Top-5 Accuracy: 91.01%
2025-07-29 23:00:48,303 - INFO - Vegetables
2025-07-29 23:00:48,740 - INFO - ✅ Regular Evaluation Accuracy: 58.89%
2025-07-29 23:00:48,750 - INFO - ✅ Regular Evaluation Top-5 Accuracy: 90.00%
2025-07-29 23:00:48,750 - INFO - [Gradient Period 50 Run 5] Starting
2025-07-29 23:00:49,853 - INFO - Training on device: cuda
2025-07-29 23:00:50,020 - INFO - Epoch 01: Loss = 280.2517, Accuracy = 2.98%
2025-07-29 23:00:50,186 - INFO - Epoch 02: Loss = 276.5369, Accuracy = 6.88%
2025-07-29 23:00:50,352 - INFO - Epoch 03: Loss = 270.9582, Accuracy = 12.23%
2025-07-29 23:00:50,517 - INFO - Epoch 04: Loss = 261.1419, Accuracy = 11.48%
2025-07-29 23:00:50,683 - INFO - Epoch 05: Loss = 247.3815, Accuracy = 11.04%
2025-07-29 23:00:50,849 - INFO - Epoch 06: Loss = 233.6479, Accuracy = 13.98%
2025-07-29 23:00:51,014 - INFO - Epoch 07: Loss = 222.4691, Accuracy = 16.65%
2025-07-29 23:00:51,180 - INFO - Epoch 08: Loss = 214.3238, Accuracy = 19.06%
2025-07-29 23:00:51,345 - INFO - Epoch 09: Loss = 207.8119, Accuracy = 20.77%
2025-07-29 23:00:51,511 - INFO - Epoch 10: Loss = 202.3247, Accuracy = 22.39%
2025-07-29 23:00:51,677 - INFO - Epoch 11: Loss = 197.2338, Accuracy = 24.23%
2025-07-29 23:00:51,842 - INFO - Epoch 12: Loss = 193.0520, Accuracy = 25.24%
2025-07-29 23:00:52,008 - INFO - Epoch 13: Loss = 189.4658, Accuracy = 26.56%
2025-07-29 23:00:52,174 - INFO - Epoch 14: Loss = 185.9516, Accuracy = 27.30%
2025-07-29 23:00:52,339 - INFO - Epoch 15: Loss = 182.8213, Accuracy = 28.44%
2025-07-29 23:00:52,505 - INFO - Epoch 16: Loss = 180.0608, Accuracy = 28.79%
2025-07-29 23:00:52,671 - INFO - Epoch 17: Loss = 176.7761, Accuracy = 29.71%
2025-07-29 23:00:52,837 - INFO - Epoch 18: Loss = 174.0656, Accuracy = 30.37%
2025-07-29 23:00:53,002 - INFO - Epoch 19: Loss = 172.0744, Accuracy = 30.24%
2025-07-29 23:00:53,168 - INFO - Epoch 20: Loss = 169.3495, Accuracy = 31.64%
2025-07-29 23:00:53,333 - INFO - Epoch 21: Loss = 166.7140, Accuracy = 32.56%
2025-07-29 23:00:53,499 - INFO - Epoch 22: Loss = 164.7414, Accuracy = 33.22%
2025-07-29 23:00:53,664 - INFO - Epoch 23: Loss = 161.9067, Accuracy = 34.84%
2025-07-29 23:00:53,830 - INFO - Epoch 24: Loss = 160.0705, Accuracy = 34.75%
2025-07-29 23:00:53,996 - INFO - Epoch 25: Loss = 157.9654, Accuracy = 35.41%
2025-07-29 23:00:54,162 - INFO - Epoch 26: Loss = 155.9670, Accuracy = 36.37%
2025-07-29 23:00:54,327 - INFO - Epoch 27: Loss = 153.7505, Accuracy = 37.29%
2025-07-29 23:00:54,492 - INFO - Epoch 28: Loss = 151.7449, Accuracy = 36.72%
2025-07-29 23:00:54,658 - INFO - Epoch 29: Loss = 150.1417, Accuracy = 38.48%
2025-07-29 23:00:54,823 - INFO - Epoch 30: Loss = 148.4863, Accuracy = 39.57%
2025-07-29 23:00:54,988 - INFO - Epoch 31: Loss = 146.6568, Accuracy = 39.53%
2025-07-29 23:00:55,154 - INFO - Epoch 32: Loss = 145.0739, Accuracy = 40.01%
2025-07-29 23:00:55,319 - INFO - Epoch 33: Loss = 142.7438, Accuracy = 41.41%
2025-07-29 23:00:55,484 - INFO - Epoch 34: Loss = 141.4221, Accuracy = 41.59%
2025-07-29 23:00:55,650 - INFO - Epoch 35: Loss = 139.6629, Accuracy = 41.19%
2025-07-29 23:00:55,815 - INFO - Epoch 36: Loss = 138.5359, Accuracy = 42.02%
2025-07-29 23:00:55,980 - INFO - Epoch 37: Loss = 136.5532, Accuracy = 43.16%
2025-07-29 23:00:56,146 - INFO - Epoch 38: Loss = 135.7667, Accuracy = 43.03%
2025-07-29 23:00:56,311 - INFO - Epoch 39: Loss = 133.8336, Accuracy = 44.39%
2025-07-29 23:00:56,476 - INFO - Epoch 40: Loss = 132.3043, Accuracy = 44.96%
2025-07-29 23:00:56,642 - INFO - Epoch 41: Loss = 131.4007, Accuracy = 44.70%
2025-07-29 23:00:56,807 - INFO - Epoch 42: Loss = 130.4982, Accuracy = 45.49%
2025-07-29 23:00:56,972 - INFO - Epoch 43: Loss = 128.9254, Accuracy = 46.76%
2025-07-29 23:00:57,138 - INFO - Epoch 44: Loss = 127.5046, Accuracy = 46.14%
2025-07-29 23:00:57,304 - INFO - Epoch 45: Loss = 126.9436, Accuracy = 46.54%
2025-07-29 23:00:57,469 - INFO - Epoch 46: Loss = 124.9142, Accuracy = 47.02%
2025-07-29 23:00:57,635 - INFO - Epoch 47: Loss = 123.6193, Accuracy = 46.71%
2025-07-29 23:00:57,800 - INFO - Epoch 48: Loss = 122.7497, Accuracy = 47.50%
2025-07-29 23:00:57,966 - INFO - Epoch 49: Loss = 122.2171, Accuracy = 47.72%
2025-07-29 23:00:58,131 - INFO - Epoch 50: Loss = 120.7081, Accuracy = 48.51%
2025-07-29 23:00:58,297 - INFO - Epoch 51: Loss = 118.9653, Accuracy = 49.52%
2025-07-29 23:00:58,462 - INFO - Epoch 52: Loss = 118.2743, Accuracy = 49.30%
2025-07-29 23:00:58,627 - INFO - Epoch 53: Loss = 117.6313, Accuracy = 50.35%
2025-07-29 23:00:58,793 - INFO - Epoch 54: Loss = 116.8103, Accuracy = 49.47%
2025-07-29 23:00:58,958 - INFO - Epoch 55: Loss = 115.0944, Accuracy = 50.66%
2025-07-29 23:00:59,124 - INFO - Epoch 56: Loss = 113.5530, Accuracy = 50.92%
2025-07-29 23:00:59,289 - INFO - Epoch 57: Loss = 112.8197, Accuracy = 51.45%
2025-07-29 23:00:59,455 - INFO - Epoch 58: Loss = 111.4714, Accuracy = 52.85%
2025-07-29 23:00:59,620 - INFO - Epoch 59: Loss = 110.8930, Accuracy = 52.32%
2025-07-29 23:00:59,785 - INFO - Epoch 60: Loss = 109.5167, Accuracy = 52.76%
2025-07-29 23:00:59,951 - INFO - Epoch 61: Loss = 108.1193, Accuracy = 53.81%
2025-07-29 23:01:00,116 - INFO - Epoch 62: Loss = 107.4154, Accuracy = 53.42%
2025-07-29 23:01:00,281 - INFO - Epoch 63: Loss = 105.9911, Accuracy = 54.25%
2025-07-29 23:01:00,447 - INFO - Epoch 64: Loss = 105.2835, Accuracy = 54.29%
2025-07-29 23:01:00,612 - INFO - Epoch 65: Loss = 104.3343, Accuracy = 54.91%
2025-07-29 23:01:00,777 - INFO - Epoch 66: Loss = 103.8197, Accuracy = 54.21%
2025-07-29 23:01:00,943 - INFO - Epoch 67: Loss = 103.1706, Accuracy = 54.34%
2025-07-29 23:01:01,108 - INFO - Epoch 68: Loss = 101.6116, Accuracy = 56.00%
2025-07-29 23:01:01,274 - INFO - Epoch 69: Loss = 101.7471, Accuracy = 56.18%
2025-07-29 23:01:01,439 - INFO - Epoch 70: Loss = 100.2825, Accuracy = 55.61%
2025-07-29 23:01:01,605 - INFO - Epoch 71: Loss = 99.8844, Accuracy = 56.84%
2025-07-29 23:01:01,770 - INFO - Epoch 72: Loss = 98.4802, Accuracy = 57.49%
2025-07-29 23:01:01,935 - INFO - Epoch 73: Loss = 97.9242, Accuracy = 57.76%
2025-07-29 23:01:02,101 - INFO - Epoch 74: Loss = 96.0174, Accuracy = 57.84%
2025-07-29 23:01:02,266 - INFO - Epoch 75: Loss = 95.1370, Accuracy = 59.11%
2025-07-29 23:01:02,431 - INFO - Epoch 76: Loss = 94.5140, Accuracy = 59.16%
2025-07-29 23:01:02,597 - INFO - Epoch 77: Loss = 93.3579, Accuracy = 59.60%
2025-07-29 23:01:02,762 - INFO - Epoch 78: Loss = 93.0040, Accuracy = 60.25%
2025-07-29 23:01:02,927 - INFO - Epoch 79: Loss = 91.8457, Accuracy = 60.04%
2025-07-29 23:01:03,093 - INFO - Epoch 80: Loss = 92.5737, Accuracy = 59.47%
2025-07-29 23:01:03,258 - INFO - Epoch 81: Loss = 90.3598, Accuracy = 61.17%
2025-07-29 23:01:03,424 - INFO - Epoch 82: Loss = 90.0371, Accuracy = 60.34%
2025-07-29 23:01:03,589 - INFO - Epoch 83: Loss = 88.5065, Accuracy = 61.39%
2025-07-29 23:01:03,755 - INFO - Epoch 84: Loss = 88.0253, Accuracy = 62.05%
2025-07-29 23:01:03,920 - INFO - Epoch 85: Loss = 87.0991, Accuracy = 62.36%
2025-07-29 23:01:04,088 - INFO - Epoch 86: Loss = 86.7021, Accuracy = 62.27%
2025-07-29 23:01:04,254 - INFO - Epoch 87: Loss = 86.3444, Accuracy = 63.01%
2025-07-29 23:01:04,419 - INFO - Epoch 88: Loss = 85.4247, Accuracy = 62.45%
2025-07-29 23:01:04,585 - INFO - Epoch 89: Loss = 85.0422, Accuracy = 63.45%
2025-07-29 23:01:04,750 - INFO - Epoch 90: Loss = 83.1324, Accuracy = 63.28%
2025-07-29 23:01:04,916 - INFO - Epoch 91: Loss = 82.1911, Accuracy = 64.99%
2025-07-29 23:01:05,081 - INFO - Epoch 92: Loss = 81.6088, Accuracy = 65.29%
2025-07-29 23:01:05,247 - INFO - Epoch 93: Loss = 81.4406, Accuracy = 64.94%
2025-07-29 23:01:05,412 - INFO - Epoch 94: Loss = 80.6554, Accuracy = 65.12%
2025-07-29 23:01:05,578 - INFO - Epoch 95: Loss = 80.3412, Accuracy = 65.64%
2025-07-29 23:01:05,743 - INFO - Epoch 96: Loss = 79.1746, Accuracy = 66.17%
2025-07-29 23:01:05,909 - INFO - Epoch 97: Loss = 77.6124, Accuracy = 66.65%
2025-07-29 23:01:06,074 - INFO - Epoch 98: Loss = 77.4851, Accuracy = 67.44%
2025-07-29 23:01:06,239 - INFO - Epoch 99: Loss = 76.5678, Accuracy = 67.18%
2025-07-29 23:01:06,405 - INFO - Epoch 100: Loss = 76.1134, Accuracy = 67.27%
2025-07-29 23:01:06,570 - INFO - Epoch 101: Loss = 76.3834, Accuracy = 66.74%
2025-07-29 23:01:06,736 - INFO - Epoch 102: Loss = 75.2416, Accuracy = 67.66%
2025-07-29 23:01:06,901 - INFO - Epoch 103: Loss = 74.6731, Accuracy = 67.62%
2025-07-29 23:01:07,067 - INFO - Epoch 104: Loss = 73.3584, Accuracy = 69.46%
2025-07-29 23:01:07,233 - INFO - Epoch 105: Loss = 72.7397, Accuracy = 68.80%
2025-07-29 23:01:07,398 - INFO - Epoch 106: Loss = 71.6767, Accuracy = 69.98%
2025-07-29 23:01:07,564 - INFO - Epoch 107: Loss = 71.8699, Accuracy = 69.63%
2025-07-29 23:01:07,729 - INFO - Epoch 108: Loss = 70.9993, Accuracy = 69.81%
2025-07-29 23:01:07,895 - INFO - Epoch 109: Loss = 69.7574, Accuracy = 69.72%
2025-07-29 23:01:08,060 - INFO - Epoch 110: Loss = 69.5441, Accuracy = 70.33%
2025-07-29 23:01:08,225 - INFO - Epoch 111: Loss = 68.2644, Accuracy = 70.82%
2025-07-29 23:01:08,391 - INFO - Epoch 112: Loss = 67.9299, Accuracy = 71.87%
2025-07-29 23:01:08,556 - INFO - Epoch 113: Loss = 66.3497, Accuracy = 71.08%
2025-07-29 23:01:08,722 - INFO - Epoch 114: Loss = 67.2599, Accuracy = 71.69%
2025-07-29 23:01:08,887 - INFO - Epoch 115: Loss = 65.4993, Accuracy = 72.04%
2025-07-29 23:01:09,052 - INFO - Epoch 116: Loss = 64.8403, Accuracy = 71.74%
2025-07-29 23:01:09,218 - INFO - Epoch 117: Loss = 64.5722, Accuracy = 72.09%
2025-07-29 23:01:09,383 - INFO - Epoch 118: Loss = 63.1559, Accuracy = 73.49%
2025-07-29 23:01:09,549 - INFO - Epoch 119: Loss = 62.9690, Accuracy = 73.05%
2025-07-29 23:01:09,715 - INFO - Epoch 120: Loss = 62.1428, Accuracy = 72.87%
2025-07-29 23:01:09,880 - INFO - Epoch 121: Loss = 62.4148, Accuracy = 73.36%
2025-07-29 23:01:10,045 - INFO - Epoch 122: Loss = 61.3795, Accuracy = 73.97%
2025-07-29 23:01:10,211 - INFO - Epoch 123: Loss = 60.7288, Accuracy = 74.06%
2025-07-29 23:01:10,376 - INFO - Epoch 124: Loss = 59.4462, Accuracy = 75.02%
2025-07-29 23:01:10,542 - INFO - Epoch 125: Loss = 58.9470, Accuracy = 74.76%
2025-07-29 23:01:10,707 - INFO - Epoch 126: Loss = 59.7275, Accuracy = 74.93%
2025-07-29 23:01:10,872 - INFO - Epoch 127: Loss = 58.0777, Accuracy = 75.11%
2025-07-29 23:01:11,038 - INFO - Epoch 128: Loss = 58.1135, Accuracy = 75.99%
2025-07-29 23:01:11,203 - INFO - Epoch 129: Loss = 56.9000, Accuracy = 76.38%
2025-07-29 23:01:11,369 - INFO - Epoch 130: Loss = 56.8545, Accuracy = 75.90%
2025-07-29 23:01:11,535 - INFO - Epoch 131: Loss = 56.5606, Accuracy = 76.73%
2025-07-29 23:01:11,700 - INFO - Epoch 132: Loss = 55.8732, Accuracy = 76.82%
2025-07-29 23:01:11,865 - INFO - Epoch 133: Loss = 55.2319, Accuracy = 76.51%
2025-07-29 23:01:12,031 - INFO - Epoch 134: Loss = 55.0681, Accuracy = 77.26%
2025-07-29 23:01:12,196 - INFO - Epoch 135: Loss = 54.8518, Accuracy = 78.35%
2025-07-29 23:01:12,362 - INFO - Epoch 136: Loss = 54.4118, Accuracy = 77.78%
2025-07-29 23:01:12,527 - INFO - Epoch 137: Loss = 52.9648, Accuracy = 77.83%
2025-07-29 23:01:12,693 - INFO - Epoch 138: Loss = 53.7218, Accuracy = 77.13%
2025-07-29 23:01:12,858 - INFO - Epoch 139: Loss = 52.8349, Accuracy = 77.83%
2025-07-29 23:01:13,024 - INFO - Epoch 140: Loss = 51.6457, Accuracy = 78.48%
2025-07-29 23:01:13,189 - INFO - Epoch 141: Loss = 51.8387, Accuracy = 78.18%
2025-07-29 23:01:13,354 - INFO - Epoch 142: Loss = 51.0982, Accuracy = 79.10%
2025-07-29 23:01:13,520 - INFO - Epoch 143: Loss = 49.5070, Accuracy = 79.27%
2025-07-29 23:01:13,686 - INFO - Epoch 144: Loss = 49.5827, Accuracy = 79.54%
2025-07-29 23:01:13,851 - INFO - Epoch 145: Loss = 49.3731, Accuracy = 79.54%
2025-07-29 23:01:14,016 - INFO - Epoch 146: Loss = 49.4375, Accuracy = 79.75%
2025-07-29 23:01:14,182 - INFO - Epoch 147: Loss = 48.2213, Accuracy = 80.81%
2025-07-29 23:01:14,347 - INFO - Epoch 148: Loss = 46.9588, Accuracy = 80.89%
2025-07-29 23:01:14,513 - INFO - Epoch 149: Loss = 46.3213, Accuracy = 81.51%
2025-07-29 23:01:14,678 - INFO - Epoch 150: Loss = 48.3433, Accuracy = 80.59%
2025-07-29 23:01:14,844 - INFO - Epoch 151: Loss = 47.9040, Accuracy = 80.59%
2025-07-29 23:01:15,009 - INFO - Epoch 152: Loss = 46.5992, Accuracy = 80.72%
2025-07-29 23:01:15,175 - INFO - Epoch 153: Loss = 46.4823, Accuracy = 80.98%
2025-07-29 23:01:15,341 - INFO - Epoch 154: Loss = 46.0825, Accuracy = 82.16%
2025-07-29 23:01:15,506 - INFO - Epoch 155: Loss = 44.3109, Accuracy = 82.82%
2025-07-29 23:01:15,672 - INFO - Epoch 156: Loss = 43.7582, Accuracy = 82.25%
2025-07-29 23:01:15,837 - INFO - Epoch 157: Loss = 44.0642, Accuracy = 82.60%
2025-07-29 23:01:16,003 - INFO - Epoch 158: Loss = 43.3890, Accuracy = 82.87%
2025-07-29 23:01:16,168 - INFO - Epoch 159: Loss = 44.1124, Accuracy = 82.60%
2025-07-29 23:01:16,334 - INFO - Epoch 160: Loss = 43.3792, Accuracy = 83.39%
2025-07-29 23:01:16,500 - INFO - Epoch 161: Loss = 41.8669, Accuracy = 83.35%
2025-07-29 23:01:16,665 - INFO - Epoch 162: Loss = 42.1918, Accuracy = 83.26%
2025-07-29 23:01:16,831 - INFO - Epoch 163: Loss = 40.9454, Accuracy = 84.05%
2025-07-29 23:01:16,997 - INFO - Epoch 164: Loss = 40.9634, Accuracy = 84.14%
2025-07-29 23:01:17,162 - INFO - Epoch 165: Loss = 40.4915, Accuracy = 83.39%
2025-07-29 23:01:17,328 - INFO - Epoch 166: Loss = 41.0825, Accuracy = 83.87%
2025-07-29 23:01:17,494 - INFO - Epoch 167: Loss = 39.4960, Accuracy = 84.36%
2025-07-29 23:01:17,659 - INFO - Epoch 168: Loss = 39.8165, Accuracy = 84.31%
2025-07-29 23:01:17,824 - INFO - Epoch 169: Loss = 40.0986, Accuracy = 84.49%
2025-07-29 23:01:17,990 - INFO - Epoch 170: Loss = 39.6324, Accuracy = 84.57%
2025-07-29 23:01:18,156 - INFO - Epoch 171: Loss = 37.7640, Accuracy = 85.50%
2025-07-29 23:01:18,321 - INFO - Epoch 172: Loss = 36.9694, Accuracy = 86.06%
2025-07-29 23:01:18,487 - INFO - Epoch 173: Loss = 37.5171, Accuracy = 85.80%
2025-07-29 23:01:18,652 - INFO - Epoch 174: Loss = 37.6291, Accuracy = 85.98%
2025-07-29 23:01:18,817 - INFO - Epoch 175: Loss = 37.8631, Accuracy = 85.06%
2025-07-29 23:01:18,983 - INFO - Epoch 176: Loss = 37.5641, Accuracy = 85.45%
2025-07-29 23:01:19,149 - INFO - Epoch 177: Loss = 38.4920, Accuracy = 85.80%
2025-07-29 23:01:19,314 - INFO - Epoch 178: Loss = 36.1648, Accuracy = 86.42%
2025-07-29 23:01:19,480 - INFO - Epoch 179: Loss = 36.4881, Accuracy = 85.98%
2025-07-29 23:01:19,645 - INFO - Epoch 180: Loss = 35.3868, Accuracy = 86.46%
2025-07-29 23:01:19,811 - INFO - Epoch 181: Loss = 36.0538, Accuracy = 86.37%
2025-07-29 23:01:19,976 - INFO - Epoch 182: Loss = 35.5571, Accuracy = 86.68%
2025-07-29 23:01:20,141 - INFO - Epoch 183: Loss = 34.7980, Accuracy = 87.42%
2025-07-29 23:01:20,307 - INFO - Epoch 184: Loss = 33.9743, Accuracy = 87.29%
2025-07-29 23:01:20,472 - INFO - Epoch 185: Loss = 34.9283, Accuracy = 86.37%
2025-07-29 23:01:20,638 - INFO - Epoch 186: Loss = 33.5871, Accuracy = 87.25%
2025-07-29 23:01:20,803 - INFO - Epoch 187: Loss = 35.4879, Accuracy = 86.33%
2025-07-29 23:01:20,969 - INFO - Epoch 188: Loss = 33.9647, Accuracy = 86.77%
2025-07-29 23:01:21,134 - INFO - Epoch 189: Loss = 32.9357, Accuracy = 87.91%
2025-07-29 23:01:21,299 - INFO - Epoch 190: Loss = 33.0970, Accuracy = 88.17%
2025-07-29 23:01:21,465 - INFO - Epoch 191: Loss = 32.2823, Accuracy = 87.69%
2025-07-29 23:01:21,630 - INFO - Epoch 192: Loss = 32.7070, Accuracy = 87.38%
2025-07-29 23:01:21,796 - INFO - Epoch 193: Loss = 31.4941, Accuracy = 87.82%
2025-07-29 23:01:21,961 - INFO - Epoch 194: Loss = 31.3556, Accuracy = 88.39%
2025-07-29 23:01:22,127 - INFO - Epoch 195: Loss = 31.3129, Accuracy = 88.04%
2025-07-29 23:01:22,292 - INFO - Epoch 196: Loss = 30.8327, Accuracy = 88.48%
2025-07-29 23:01:22,458 - INFO - Epoch 197: Loss = 30.3960, Accuracy = 89.57%
2025-07-29 23:01:22,623 - INFO - Epoch 198: Loss = 30.1191, Accuracy = 88.91%
2025-07-29 23:01:22,788 - INFO - Epoch 199: Loss = 31.9641, Accuracy = 88.34%
2025-07-29 23:01:22,954 - INFO - Epoch 200: Loss = 30.7837, Accuracy = 89.13%
2025-07-29 23:01:23,119 - INFO - Epoch 201: Loss = 28.9830, Accuracy = 89.61%
2025-07-29 23:01:23,284 - INFO - Epoch 202: Loss = 29.4194, Accuracy = 89.18%
2025-07-29 23:01:23,450 - INFO - Epoch 203: Loss = 28.3219, Accuracy = 89.70%
2025-07-29 23:01:23,615 - INFO - Epoch 204: Loss = 28.2315, Accuracy = 90.01%
2025-07-29 23:01:23,781 - INFO - Epoch 205: Loss = 29.1072, Accuracy = 89.57%
2025-07-29 23:01:23,946 - INFO - Epoch 206: Loss = 27.6913, Accuracy = 90.18%
2025-07-29 23:01:24,114 - INFO - Epoch 207: Loss = 28.4299, Accuracy = 89.40%
2025-07-29 23:01:24,280 - INFO - Epoch 208: Loss = 27.3276, Accuracy = 89.96%
2025-07-29 23:01:24,445 - INFO - Epoch 209: Loss = 27.5027, Accuracy = 89.44%
2025-07-29 23:01:24,611 - INFO - Epoch 210: Loss = 27.0629, Accuracy = 90.49%
2025-07-29 23:01:24,776 - INFO - Epoch 211: Loss = 27.0330, Accuracy = 89.79%
2025-07-29 23:01:24,942 - INFO - Epoch 212: Loss = 27.5101, Accuracy = 89.83%
2025-07-29 23:01:25,107 - INFO - Epoch 213: Loss = 26.4494, Accuracy = 90.89%
2025-07-29 23:01:25,272 - INFO - Epoch 214: Loss = 26.5409, Accuracy = 90.27%
2025-07-29 23:01:25,438 - INFO - Epoch 215: Loss = 26.2350, Accuracy = 90.49%
2025-07-29 23:01:25,603 - INFO - Epoch 216: Loss = 25.0814, Accuracy = 91.15%
2025-07-29 23:01:25,769 - INFO - Epoch 217: Loss = 25.4649, Accuracy = 90.89%
2025-07-29 23:01:25,934 - INFO - Epoch 218: Loss = 24.9418, Accuracy = 90.62%
2025-07-29 23:01:26,100 - INFO - Epoch 219: Loss = 25.0579, Accuracy = 90.62%
2025-07-29 23:01:26,266 - INFO - Epoch 220: Loss = 24.2451, Accuracy = 90.75%
2025-07-29 23:01:26,432 - INFO - Epoch 221: Loss = 24.0735, Accuracy = 91.45%
2025-07-29 23:01:26,597 - INFO - Epoch 222: Loss = 23.9496, Accuracy = 91.50%
2025-07-29 23:01:26,762 - INFO - Epoch 223: Loss = 23.6314, Accuracy = 91.72%
2025-07-29 23:01:26,928 - INFO - Epoch 224: Loss = 22.5289, Accuracy = 92.68%
2025-07-29 23:01:27,094 - INFO - Epoch 225: Loss = 23.8742, Accuracy = 91.06%
2025-07-29 23:01:27,259 - INFO - Epoch 226: Loss = 22.6593, Accuracy = 91.89%
2025-07-29 23:01:27,425 - INFO - Epoch 227: Loss = 23.1218, Accuracy = 91.54%
2025-07-29 23:01:27,590 - INFO - Epoch 228: Loss = 22.6778, Accuracy = 91.89%
2025-07-29 23:01:27,756 - INFO - Epoch 229: Loss = 21.8661, Accuracy = 92.64%
2025-07-29 23:01:27,922 - INFO - Epoch 230: Loss = 23.2396, Accuracy = 91.28%
2025-07-29 23:01:28,087 - INFO - Epoch 231: Loss = 22.3505, Accuracy = 92.29%
2025-07-29 23:01:28,252 - INFO - Epoch 232: Loss = 22.3881, Accuracy = 91.89%
2025-07-29 23:01:28,418 - INFO - Epoch 233: Loss = 22.2992, Accuracy = 92.86%
2025-07-29 23:01:28,584 - INFO - Epoch 234: Loss = 21.8761, Accuracy = 92.33%
2025-07-29 23:01:28,749 - INFO - Epoch 235: Loss = 20.2598, Accuracy = 93.30%
2025-07-29 23:01:28,915 - INFO - Epoch 236: Loss = 22.3298, Accuracy = 91.54%
2025-07-29 23:01:29,081 - INFO - Epoch 237: Loss = 20.2445, Accuracy = 92.64%
2025-07-29 23:01:29,246 - INFO - Epoch 238: Loss = 20.2547, Accuracy = 92.64%
2025-07-29 23:01:29,412 - INFO - Epoch 239: Loss = 20.1029, Accuracy = 92.90%
2025-07-29 23:01:29,577 - INFO - Epoch 240: Loss = 19.9803, Accuracy = 92.90%
2025-07-29 23:01:29,743 - INFO - Epoch 241: Loss = 18.7387, Accuracy = 93.56%
2025-07-29 23:01:29,908 - INFO - Epoch 242: Loss = 19.8517, Accuracy = 92.68%
2025-07-29 23:01:30,074 - INFO - Epoch 243: Loss = 19.5933, Accuracy = 93.38%
2025-07-29 23:01:30,239 - INFO - Epoch 244: Loss = 20.0996, Accuracy = 92.90%
2025-07-29 23:01:30,405 - INFO - Epoch 245: Loss = 19.2989, Accuracy = 93.43%
2025-07-29 23:01:30,571 - INFO - Epoch 246: Loss = 19.1146, Accuracy = 93.38%
2025-07-29 23:01:30,736 - INFO - Epoch 247: Loss = 18.7284, Accuracy = 93.78%
2025-07-29 23:01:30,902 - INFO - Epoch 248: Loss = 18.1852, Accuracy = 93.82%
2025-07-29 23:01:31,067 - INFO - Epoch 249: Loss = 19.0601, Accuracy = 92.90%
2025-07-29 23:01:31,233 - INFO - Epoch 250: Loss = 18.5529, Accuracy = 93.47%
2025-07-29 23:01:31,398 - INFO - Epoch 251: Loss = 20.0172, Accuracy = 92.24%
2025-07-29 23:01:31,564 - INFO - Epoch 252: Loss = 17.1446, Accuracy = 94.00%
2025-07-29 23:01:31,729 - INFO - Epoch 253: Loss = 17.9229, Accuracy = 93.78%
2025-07-29 23:01:31,895 - INFO - Epoch 254: Loss = 17.0669, Accuracy = 94.52%
2025-07-29 23:01:32,060 - INFO - Epoch 255: Loss = 17.8881, Accuracy = 93.78%
2025-07-29 23:01:32,226 - INFO - Epoch 256: Loss = 17.9597, Accuracy = 93.91%
2025-07-29 23:01:32,228 - INFO - [Gradient Period 50 Run 5] Training time: 43.48s
2025-07-29 23:01:32,866 - INFO - ✅ Regular Evaluation Accuracy: 43.90%
2025-07-29 23:01:32,909 - INFO - ✅ Regular Evaluation Top-5 Accuracy: 84.70%
2025-07-29 23:01:32,938 - INFO - ✅ Regular Evaluation Accuracy: 22.31%
2025-07-29 23:01:32,950 - INFO - ✅ Regular Evaluation Top-5 Accuracy: 60.33%
2025-07-29 23:01:33,541 - INFO - ✅ Regular Evaluation Accuracy: 3.16%
2025-07-29 23:01:33,550 - INFO - ✅ Regular Evaluation Top-5 Accuracy: 25.26%
2025-07-29 23:01:33,550 - INFO - Nuts
2025-07-29 23:01:33,971 - INFO - ✅ Regular Evaluation Accuracy: 35.42%
2025-07-29 23:01:33,981 - INFO - ✅ Regular Evaluation Top-5 Accuracy: 71.88%
2025-07-29 23:01:33,981 - INFO - Spices
2025-07-29 23:01:34,391 - INFO - ✅ Regular Evaluation Accuracy: 38.64%
2025-07-29 23:01:34,400 - INFO - ✅ Regular Evaluation Top-5 Accuracy: 87.50%
2025-07-29 23:01:34,400 - INFO - Herbs
2025-07-29 23:01:34,816 - INFO - ✅ Regular Evaluation Accuracy: 39.77%
2025-07-29 23:01:34,825 - INFO - ✅ Regular Evaluation Top-5 Accuracy: 77.27%
2025-07-29 23:01:34,825 - INFO - Fruits
2025-07-29 23:01:35,235 - INFO - ✅ Regular Evaluation Accuracy: 58.43%
2025-07-29 23:01:35,244 - INFO - ✅ Regular Evaluation Top-5 Accuracy: 93.26%
2025-07-29 23:01:35,244 - INFO - Vegetables
2025-07-29 23:01:35,659 - INFO - ✅ Regular Evaluation Accuracy: 47.78%
2025-07-29 23:01:35,669 - INFO - ✅ Regular Evaluation Top-5 Accuracy: 94.44%
2025-07-29 23:01:35,669 - INFO - [Gradient Period 50 Run 6] Starting
2025-07-29 23:01:36,775 - INFO - Training on device: cuda
2025-07-29 23:01:36,951 - INFO - Epoch 01: Loss = 280.6324, Accuracy = 3.42%
2025-07-29 23:01:37,115 - INFO - Epoch 02: Loss = 277.1131, Accuracy = 9.03%
2025-07-29 23:01:37,278 - INFO - Epoch 03: Loss = 272.0220, Accuracy = 11.61%
2025-07-29 23:01:37,442 - INFO - Epoch 04: Loss = 263.8270, Accuracy = 13.19%
2025-07-29 23:01:37,606 - INFO - Epoch 05: Loss = 252.5811, Accuracy = 14.42%
2025-07-29 23:01:37,769 - INFO - Epoch 06: Loss = 240.9742, Accuracy = 14.20%
2025-07-29 23:01:37,933 - INFO - Epoch 07: Loss = 228.7567, Accuracy = 16.26%
2025-07-29 23:01:38,096 - INFO - Epoch 08: Loss = 217.7047, Accuracy = 20.68%
2025-07-29 23:01:38,260 - INFO - Epoch 09: Loss = 209.5821, Accuracy = 22.44%
2025-07-29 23:01:38,423 - INFO - Epoch 10: Loss = 203.0099, Accuracy = 23.53%
2025-07-29 23:01:38,587 - INFO - Epoch 11: Loss = 197.2960, Accuracy = 25.77%
2025-07-29 23:01:38,750 - INFO - Epoch 12: Loss = 192.6389, Accuracy = 27.04%
2025-07-29 23:01:38,913 - INFO - Epoch 13: Loss = 187.7320, Accuracy = 27.96%
2025-07-29 23:01:39,076 - INFO - Epoch 14: Loss = 183.8830, Accuracy = 28.97%
2025-07-29 23:01:39,240 - INFO - Epoch 15: Loss = 180.4268, Accuracy = 29.54%
2025-07-29 23:01:39,403 - INFO - Epoch 16: Loss = 177.1604, Accuracy = 30.19%
2025-07-29 23:01:39,566 - INFO - Epoch 17: Loss = 174.5666, Accuracy = 31.20%
2025-07-29 23:01:39,730 - INFO - Epoch 18: Loss = 170.6253, Accuracy = 32.87%
2025-07-29 23:01:39,893 - INFO - Epoch 19: Loss = 168.1114, Accuracy = 33.39%
2025-07-29 23:01:40,056 - INFO - Epoch 20: Loss = 165.8208, Accuracy = 34.27%
2025-07-29 23:01:40,219 - INFO - Epoch 21: Loss = 163.3276, Accuracy = 34.57%
2025-07-29 23:01:40,383 - INFO - Epoch 22: Loss = 161.2312, Accuracy = 35.10%
2025-07-29 23:01:40,546 - INFO - Epoch 23: Loss = 159.3322, Accuracy = 35.19%
2025-07-29 23:01:40,709 - INFO - Epoch 24: Loss = 157.1657, Accuracy = 36.02%
2025-07-29 23:01:40,873 - INFO - Epoch 25: Loss = 155.5152, Accuracy = 37.07%
2025-07-29 23:01:41,036 - INFO - Epoch 26: Loss = 153.2724, Accuracy = 38.30%
2025-07-29 23:01:41,199 - INFO - Epoch 27: Loss = 151.7164, Accuracy = 37.47%
2025-07-29 23:01:41,362 - INFO - Epoch 28: Loss = 149.6901, Accuracy = 38.65%
2025-07-29 23:01:41,526 - INFO - Epoch 29: Loss = 148.5162, Accuracy = 39.96%
2025-07-29 23:01:41,689 - INFO - Epoch 30: Loss = 147.2964, Accuracy = 40.14%
2025-07-29 23:01:41,852 - INFO - Epoch 31: Loss = 145.4272, Accuracy = 40.80%
2025-07-29 23:01:42,016 - INFO - Epoch 32: Loss = 143.2705, Accuracy = 41.32%
2025-07-29 23:01:42,179 - INFO - Epoch 33: Loss = 141.9766, Accuracy = 41.98%
2025-07-29 23:01:42,342 - INFO - Epoch 34: Loss = 140.7265, Accuracy = 41.50%
2025-07-29 23:01:42,505 - INFO - Epoch 35: Loss = 139.3471, Accuracy = 43.08%
2025-07-29 23:01:42,669 - INFO - Epoch 36: Loss = 137.4383, Accuracy = 43.21%
2025-07-29 23:01:42,832 - INFO - Epoch 37: Loss = 136.0666, Accuracy = 44.13%
2025-07-29 23:01:42,995 - INFO - Epoch 38: Loss = 134.1345, Accuracy = 45.05%
2025-07-29 23:01:43,158 - INFO - Epoch 39: Loss = 133.0273, Accuracy = 45.18%
2025-07-29 23:01:43,322 - INFO - Epoch 40: Loss = 131.7419, Accuracy = 46.14%
2025-07-29 23:01:43,485 - INFO - Epoch 41: Loss = 130.6985, Accuracy = 47.02%
2025-07-29 23:01:43,648 - INFO - Epoch 42: Loss = 129.4926, Accuracy = 47.28%
2025-07-29 23:01:43,811 - INFO - Epoch 43: Loss = 127.9498, Accuracy = 47.63%
2025-07-29 23:01:43,975 - INFO - Epoch 44: Loss = 126.9732, Accuracy = 48.07%
2025-07-29 23:01:44,138 - INFO - Epoch 45: Loss = 125.2689, Accuracy = 48.07%
2025-07-29 23:01:44,301 - INFO - Epoch 46: Loss = 124.1805, Accuracy = 48.86%
2025-07-29 23:01:44,464 - INFO - Epoch 47: Loss = 122.7291, Accuracy = 50.26%
2025-07-29 23:01:44,627 - INFO - Epoch 48: Loss = 121.5796, Accuracy = 50.61%
2025-07-29 23:01:44,790 - INFO - Epoch 49: Loss = 120.7099, Accuracy = 51.53%
2025-07-29 23:01:44,953 - INFO - Epoch 50: Loss = 119.2748, Accuracy = 51.84%
2025-07-29 23:01:45,117 - INFO - Epoch 51: Loss = 117.3278, Accuracy = 52.37%
2025-07-29 23:01:45,280 - INFO - Epoch 52: Loss = 116.0025, Accuracy = 52.94%
2025-07-29 23:01:45,443 - INFO - Epoch 53: Loss = 115.3292, Accuracy = 53.24%
2025-07-29 23:01:45,606 - INFO - Epoch 54: Loss = 114.0119, Accuracy = 53.68%
2025-07-29 23:01:45,770 - INFO - Epoch 55: Loss = 112.3354, Accuracy = 54.69%
2025-07-29 23:01:45,933 - INFO - Epoch 56: Loss = 111.7906, Accuracy = 54.47%
2025-07-29 23:01:46,096 - INFO - Epoch 57: Loss = 110.6409, Accuracy = 54.51%
2025-07-29 23:01:46,259 - INFO - Epoch 58: Loss = 109.4672, Accuracy = 55.43%
2025-07-29 23:01:46,422 - INFO - Epoch 59: Loss = 108.9035, Accuracy = 54.95%
2025-07-29 23:01:46,585 - INFO - Epoch 60: Loss = 107.7140, Accuracy = 56.53%
2025-07-29 23:01:46,748 - INFO - Epoch 61: Loss = 106.2647, Accuracy = 56.66%
2025-07-29 23:01:46,913 - INFO - Epoch 62: Loss = 105.3856, Accuracy = 57.36%
2025-07-29 23:01:47,077 - INFO - Epoch 63: Loss = 105.0793, Accuracy = 57.01%
2025-07-29 23:01:47,240 - INFO - Epoch 64: Loss = 103.6681, Accuracy = 57.19%
2025-07-29 23:01:47,403 - INFO - Epoch 65: Loss = 102.4243, Accuracy = 58.76%
2025-07-29 23:01:47,566 - INFO - Epoch 66: Loss = 100.7957, Accuracy = 58.19%
2025-07-29 23:01:47,729 - INFO - Epoch 67: Loss = 99.7760, Accuracy = 58.41%
2025-07-29 23:01:47,892 - INFO - Epoch 68: Loss = 98.9612, Accuracy = 59.55%
2025-07-29 23:01:48,055 - INFO - Epoch 69: Loss = 98.0952, Accuracy = 59.95%
2025-07-29 23:01:48,219 - INFO - Epoch 70: Loss = 98.0727, Accuracy = 59.95%
2025-07-29 23:01:48,382 - INFO - Epoch 71: Loss = 96.1675, Accuracy = 61.04%
2025-07-29 23:01:48,545 - INFO - Epoch 72: Loss = 95.1975, Accuracy = 60.74%
2025-07-29 23:01:48,708 - INFO - Epoch 73: Loss = 94.8882, Accuracy = 61.00%
2025-07-29 23:01:48,872 - INFO - Epoch 74: Loss = 92.7156, Accuracy = 61.61%
2025-07-29 23:01:49,035 - INFO - Epoch 75: Loss = 92.7567, Accuracy = 61.66%
2025-07-29 23:01:49,198 - INFO - Epoch 76: Loss = 91.8911, Accuracy = 61.26%
2025-07-29 23:01:49,361 - INFO - Epoch 77: Loss = 90.9908, Accuracy = 62.18%
2025-07-29 23:01:49,525 - INFO - Epoch 78: Loss = 89.8551, Accuracy = 62.53%
2025-07-29 23:01:49,687 - INFO - Epoch 79: Loss = 89.6824, Accuracy = 63.23%
2025-07-29 23:01:49,850 - INFO - Epoch 80: Loss = 88.7867, Accuracy = 63.28%
2025-07-29 23:01:50,013 - INFO - Epoch 81: Loss = 87.5233, Accuracy = 62.84%
2025-07-29 23:01:50,177 - INFO - Epoch 82: Loss = 87.0005, Accuracy = 63.58%
2025-07-29 23:01:50,340 - INFO - Epoch 83: Loss = 86.2764, Accuracy = 63.41%
2025-07-29 23:01:50,503 - INFO - Epoch 84: Loss = 84.9940, Accuracy = 64.07%
2025-07-29 23:01:50,666 - INFO - Epoch 85: Loss = 84.1265, Accuracy = 64.07%
2025-07-29 23:01:50,829 - INFO - Epoch 86: Loss = 83.8697, Accuracy = 64.37%
2025-07-29 23:01:50,992 - INFO - Epoch 87: Loss = 83.4767, Accuracy = 64.68%
2025-07-29 23:01:51,156 - INFO - Epoch 88: Loss = 82.8088, Accuracy = 64.55%
2025-07-29 23:01:51,319 - INFO - Epoch 89: Loss = 81.3532, Accuracy = 65.29%
2025-07-29 23:01:51,482 - INFO - Epoch 90: Loss = 79.7788, Accuracy = 66.04%
2025-07-29 23:01:51,645 - INFO - Epoch 91: Loss = 79.1758, Accuracy = 66.13%
2025-07-29 23:01:51,808 - INFO - Epoch 92: Loss = 78.7658, Accuracy = 67.05%
2025-07-29 23:01:51,972 - INFO - Epoch 93: Loss = 77.7105, Accuracy = 67.44%
2025-07-29 23:01:52,135 - INFO - Epoch 94: Loss = 77.8502, Accuracy = 66.65%
2025-07-29 23:01:52,298 - INFO - Epoch 95: Loss = 76.1998, Accuracy = 67.09%
2025-07-29 23:01:52,461 - INFO - Epoch 96: Loss = 74.7500, Accuracy = 67.57%
2025-07-29 23:01:52,624 - INFO - Epoch 97: Loss = 75.0868, Accuracy = 67.92%
2025-07-29 23:01:52,787 - INFO - Epoch 98: Loss = 74.0237, Accuracy = 68.45%
2025-07-29 23:01:52,950 - INFO - Epoch 99: Loss = 73.6693, Accuracy = 68.23%
2025-07-29 23:01:53,113 - INFO - Epoch 100: Loss = 73.0073, Accuracy = 68.67%
2025-07-29 23:01:53,276 - INFO - Epoch 101: Loss = 72.6342, Accuracy = 68.76%
2025-07-29 23:01:53,439 - INFO - Epoch 102: Loss = 70.9512, Accuracy = 69.46%
2025-07-29 23:01:53,602 - INFO - Epoch 103: Loss = 71.5042, Accuracy = 69.46%
2025-07-29 23:01:53,765 - INFO - Epoch 104: Loss = 70.0426, Accuracy = 68.93%
2025-07-29 23:01:53,928 - INFO - Epoch 105: Loss = 69.8624, Accuracy = 70.07%
2025-07-29 23:01:54,091 - INFO - Epoch 106: Loss = 68.4421, Accuracy = 70.07%
2025-07-29 23:01:54,254 - INFO - Epoch 107: Loss = 68.6471, Accuracy = 70.11%
2025-07-29 23:01:54,417 - INFO - Epoch 108: Loss = 67.6782, Accuracy = 70.86%
2025-07-29 23:01:54,580 - INFO - Epoch 109: Loss = 66.8212, Accuracy = 71.21%
2025-07-29 23:01:54,744 - INFO - Epoch 110: Loss = 66.3196, Accuracy = 71.47%
2025-07-29 23:01:54,907 - INFO - Epoch 111: Loss = 66.1888, Accuracy = 70.99%
2025-07-29 23:01:55,070 - INFO - Epoch 112: Loss = 65.5688, Accuracy = 71.69%
2025-07-29 23:01:55,233 - INFO - Epoch 113: Loss = 64.5554, Accuracy = 71.56%
2025-07-29 23:01:55,396 - INFO - Epoch 114: Loss = 64.2286, Accuracy = 72.04%
2025-07-29 23:01:55,559 - INFO - Epoch 115: Loss = 63.5905, Accuracy = 71.95%
2025-07-29 23:01:55,722 - INFO - Epoch 116: Loss = 62.7688, Accuracy = 73.36%
2025-07-29 23:01:55,886 - INFO - Epoch 117: Loss = 62.9730, Accuracy = 72.66%
2025-07-29 23:01:56,049 - INFO - Epoch 118: Loss = 61.4231, Accuracy = 73.88%
2025-07-29 23:01:56,211 - INFO - Epoch 119: Loss = 62.0522, Accuracy = 73.97%
2025-07-29 23:01:56,375 - INFO - Epoch 120: Loss = 61.2765, Accuracy = 73.84%
2025-07-29 23:01:56,538 - INFO - Epoch 121: Loss = 59.8163, Accuracy = 74.28%
2025-07-29 23:01:56,701 - INFO - Epoch 122: Loss = 59.6965, Accuracy = 73.88%
2025-07-29 23:01:56,864 - INFO - Epoch 123: Loss = 58.3300, Accuracy = 74.23%
2025-07-29 23:01:57,027 - INFO - Epoch 124: Loss = 59.2282, Accuracy = 74.98%
2025-07-29 23:01:57,191 - INFO - Epoch 125: Loss = 57.0899, Accuracy = 76.29%
2025-07-29 23:01:57,354 - INFO - Epoch 126: Loss = 58.0556, Accuracy = 75.11%
2025-07-29 23:01:57,517 - INFO - Epoch 127: Loss = 57.3249, Accuracy = 75.28%
2025-07-29 23:01:57,680 - INFO - Epoch 128: Loss = 56.4483, Accuracy = 76.29%
2025-07-29 23:01:57,842 - INFO - Epoch 129: Loss = 56.0223, Accuracy = 76.03%
2025-07-29 23:01:58,005 - INFO - Epoch 130: Loss = 55.2905, Accuracy = 76.51%
2025-07-29 23:01:58,168 - INFO - Epoch 131: Loss = 54.6913, Accuracy = 77.48%
2025-07-29 23:01:58,331 - INFO - Epoch 132: Loss = 54.4546, Accuracy = 77.30%
2025-07-29 23:01:58,494 - INFO - Epoch 133: Loss = 54.6362, Accuracy = 76.56%
2025-07-29 23:01:58,658 - INFO - Epoch 134: Loss = 53.3654, Accuracy = 77.70%
2025-07-29 23:01:58,820 - INFO - Epoch 135: Loss = 52.8712, Accuracy = 78.00%
2025-07-29 23:01:58,983 - INFO - Epoch 136: Loss = 51.8185, Accuracy = 78.70%
2025-07-29 23:01:59,147 - INFO - Epoch 137: Loss = 51.6647, Accuracy = 78.40%
2025-07-29 23:01:59,310 - INFO - Epoch 138: Loss = 51.2151, Accuracy = 78.44%
2025-07-29 23:01:59,473 - INFO - Epoch 139: Loss = 51.7411, Accuracy = 78.66%
2025-07-29 23:01:59,636 - INFO - Epoch 140: Loss = 50.9544, Accuracy = 78.88%
2025-07-29 23:01:59,800 - INFO - Epoch 141: Loss = 49.8406, Accuracy = 79.18%
2025-07-29 23:01:59,963 - INFO - Epoch 142: Loss = 49.1601, Accuracy = 79.67%
2025-07-29 23:02:00,125 - INFO - Epoch 143: Loss = 50.1184, Accuracy = 79.80%
2025-07-29 23:02:00,289 - INFO - Epoch 144: Loss = 50.1594, Accuracy = 79.71%
2025-07-29 23:02:00,452 - INFO - Epoch 145: Loss = 49.0193, Accuracy = 79.36%
2025-07-29 23:02:00,615 - INFO - Epoch 146: Loss = 49.4195, Accuracy = 80.28%
2025-07-29 23:02:00,778 - INFO - Epoch 147: Loss = 47.3641, Accuracy = 80.67%
2025-07-29 23:02:00,941 - INFO - Epoch 148: Loss = 48.4222, Accuracy = 80.02%
2025-07-29 23:02:01,104 - INFO - Epoch 149: Loss = 47.1055, Accuracy = 80.63%
2025-07-29 23:02:01,267 - INFO - Epoch 150: Loss = 47.0797, Accuracy = 81.24%
2025-07-29 23:02:01,431 - INFO - Epoch 151: Loss = 46.7267, Accuracy = 80.81%
2025-07-29 23:02:01,594 - INFO - Epoch 152: Loss = 46.3867, Accuracy = 80.59%
2025-07-29 23:02:01,757 - INFO - Epoch 153: Loss = 46.4042, Accuracy = 80.72%
2025-07-29 23:02:01,920 - INFO - Epoch 154: Loss = 44.7803, Accuracy = 81.68%
2025-07-29 23:02:02,083 - INFO - Epoch 155: Loss = 43.5629, Accuracy = 82.56%
2025-07-29 23:02:02,246 - INFO - Epoch 156: Loss = 43.9544, Accuracy = 81.81%
2025-07-29 23:02:02,409 - INFO - Epoch 157: Loss = 43.6176, Accuracy = 82.47%
2025-07-29 23:02:02,572 - INFO - Epoch 158: Loss = 43.3046, Accuracy = 82.21%
2025-07-29 23:02:02,735 - INFO - Epoch 159: Loss = 43.2589, Accuracy = 81.55%
2025-07-29 23:02:02,898 - INFO - Epoch 160: Loss = 42.8095, Accuracy = 82.95%
2025-07-29 23:02:03,062 - INFO - Epoch 161: Loss = 41.9080, Accuracy = 83.65%
2025-07-29 23:02:03,225 - INFO - Epoch 162: Loss = 41.6209, Accuracy = 82.82%
2025-07-29 23:02:03,388 - INFO - Epoch 163: Loss = 41.6979, Accuracy = 83.74%
2025-07-29 23:02:03,551 - INFO - Epoch 164: Loss = 40.5477, Accuracy = 83.48%
2025-07-29 23:02:03,714 - INFO - Epoch 165: Loss = 41.3754, Accuracy = 83.35%
2025-07-29 23:02:03,877 - INFO - Epoch 166: Loss = 41.3457, Accuracy = 83.79%
2025-07-29 23:02:04,041 - INFO - Epoch 167: Loss = 40.2007, Accuracy = 84.44%
2025-07-29 23:02:04,204 - INFO - Epoch 168: Loss = 40.3213, Accuracy = 83.61%
2025-07-29 23:02:04,367 - INFO - Epoch 169: Loss = 39.5322, Accuracy = 84.44%
2025-07-29 23:02:04,530 - INFO - Epoch 170: Loss = 38.8770, Accuracy = 84.97%
2025-07-29 23:02:04,693 - INFO - Epoch 171: Loss = 37.3716, Accuracy = 85.93%
2025-07-29 23:02:04,856 - INFO - Epoch 172: Loss = 38.9452, Accuracy = 84.71%
2025-07-29 23:02:05,019 - INFO - Epoch 173: Loss = 38.6140, Accuracy = 84.53%
2025-07-29 23:02:05,183 - INFO - Epoch 174: Loss = 38.5238, Accuracy = 84.53%
2025-07-29 23:02:05,346 - INFO - Epoch 175: Loss = 37.4209, Accuracy = 85.10%
2025-07-29 23:02:05,509 - INFO - Epoch 176: Loss = 37.1026, Accuracy = 85.50%
2025-07-29 23:02:05,672 - INFO - Epoch 177: Loss = 36.2295, Accuracy = 85.89%
2025-07-29 23:02:05,835 - INFO - Epoch 178: Loss = 36.0930, Accuracy = 86.28%
2025-07-29 23:02:05,998 - INFO - Epoch 179: Loss = 36.3378, Accuracy = 86.02%
2025-07-29 23:02:06,161 - INFO - Epoch 180: Loss = 35.2954, Accuracy = 86.55%
2025-07-29 23:02:06,325 - INFO - Epoch 181: Loss = 34.6838, Accuracy = 86.85%
2025-07-29 23:02:06,488 - INFO - Epoch 182: Loss = 35.1682, Accuracy = 86.46%
2025-07-29 23:02:06,651 - INFO - Epoch 183: Loss = 33.9810, Accuracy = 87.07%
2025-07-29 23:02:06,814 - INFO - Epoch 184: Loss = 33.4870, Accuracy = 87.12%
2025-07-29 23:02:06,979 - INFO - Epoch 185: Loss = 33.3343, Accuracy = 87.60%
2025-07-29 23:02:07,143 - INFO - Epoch 186: Loss = 33.7556, Accuracy = 87.12%
2025-07-29 23:02:07,306 - INFO - Epoch 187: Loss = 33.9464, Accuracy = 87.07%
2025-07-29 23:02:07,469 - INFO - Epoch 188: Loss = 32.6581, Accuracy = 87.29%
2025-07-29 23:02:07,632 - INFO - Epoch 189: Loss = 32.4938, Accuracy = 87.25%
2025-07-29 23:02:07,795 - INFO - Epoch 190: Loss = 31.0479, Accuracy = 88.87%
2025-07-29 23:02:07,958 - INFO - Epoch 191: Loss = 32.4174, Accuracy = 87.60%
2025-07-29 23:02:08,121 - INFO - Epoch 192: Loss = 31.4024, Accuracy = 88.12%
2025-07-29 23:02:08,284 - INFO - Epoch 193: Loss = 33.9466, Accuracy = 87.42%
2025-07-29 23:02:08,447 - INFO - Epoch 194: Loss = 30.5714, Accuracy = 88.26%
2025-07-29 23:02:08,610 - INFO - Epoch 195: Loss = 30.0068, Accuracy = 89.13%
2025-07-29 23:02:08,773 - INFO - Epoch 196: Loss = 31.1480, Accuracy = 88.43%
2025-07-29 23:02:08,936 - INFO - Epoch 197: Loss = 31.3847, Accuracy = 88.04%
2025-07-29 23:02:09,100 - INFO - Epoch 198: Loss = 29.6456, Accuracy = 88.43%
2025-07-29 23:02:09,263 - INFO - Epoch 199: Loss = 31.6970, Accuracy = 87.51%
2025-07-29 23:02:09,426 - INFO - Epoch 200: Loss = 30.1546, Accuracy = 88.56%
2025-07-29 23:02:09,589 - INFO - Epoch 201: Loss = 29.5231, Accuracy = 88.96%
2025-07-29 23:02:09,752 - INFO - Epoch 202: Loss = 29.2561, Accuracy = 89.04%
2025-07-29 23:02:09,915 - INFO - Epoch 203: Loss = 28.8558, Accuracy = 89.09%
2025-07-29 23:02:10,078 - INFO - Epoch 204: Loss = 29.1847, Accuracy = 89.00%
2025-07-29 23:02:10,241 - INFO - Epoch 205: Loss = 27.8909, Accuracy = 89.66%
2025-07-29 23:02:10,405 - INFO - Epoch 206: Loss = 29.1483, Accuracy = 88.83%
2025-07-29 23:02:10,568 - INFO - Epoch 207: Loss = 27.8711, Accuracy = 89.22%
2025-07-29 23:02:10,731 - INFO - Epoch 208: Loss = 27.6037, Accuracy = 89.18%
2025-07-29 23:02:10,894 - INFO - Epoch 209: Loss = 30.1844, Accuracy = 88.65%
2025-07-29 23:02:11,057 - INFO - Epoch 210: Loss = 26.8418, Accuracy = 89.61%
2025-07-29 23:02:11,220 - INFO - Epoch 211: Loss = 26.8067, Accuracy = 89.35%
2025-07-29 23:02:11,383 - INFO - Epoch 212: Loss = 26.2475, Accuracy = 90.75%
2025-07-29 23:02:11,546 - INFO - Epoch 213: Loss = 26.3477, Accuracy = 90.01%
2025-07-29 23:02:11,709 - INFO - Epoch 214: Loss = 26.3166, Accuracy = 90.45%
2025-07-29 23:02:11,872 - INFO - Epoch 215: Loss = 27.2117, Accuracy = 89.66%
2025-07-29 23:02:12,035 - INFO - Epoch 216: Loss = 26.2348, Accuracy = 90.62%
2025-07-29 23:02:12,198 - INFO - Epoch 217: Loss = 27.0872, Accuracy = 90.23%
2025-07-29 23:02:12,362 - INFO - Epoch 218: Loss = 27.2074, Accuracy = 90.18%
2025-07-29 23:02:12,525 - INFO - Epoch 219: Loss = 24.7187, Accuracy = 91.02%
2025-07-29 23:02:12,688 - INFO - Epoch 220: Loss = 23.6637, Accuracy = 91.37%
2025-07-29 23:02:12,851 - INFO - Epoch 221: Loss = 23.5686, Accuracy = 91.59%
2025-07-29 23:02:13,015 - INFO - Epoch 222: Loss = 25.9243, Accuracy = 90.23%
2025-07-29 23:02:13,178 - INFO - Epoch 223: Loss = 24.0688, Accuracy = 91.10%
2025-07-29 23:02:13,341 - INFO - Epoch 224: Loss = 25.4929, Accuracy = 90.80%
2025-07-29 23:02:13,504 - INFO - Epoch 225: Loss = 23.6026, Accuracy = 91.81%
2025-07-29 23:02:13,667 - INFO - Epoch 226: Loss = 23.3997, Accuracy = 91.54%
2025-07-29 23:02:13,830 - INFO - Epoch 227: Loss = 22.3158, Accuracy = 92.73%
2025-07-29 23:02:13,993 - INFO - Epoch 228: Loss = 22.6503, Accuracy = 91.98%
2025-07-29 23:02:14,156 - INFO - Epoch 229: Loss = 22.8544, Accuracy = 92.07%
2025-07-29 23:02:14,320 - INFO - Epoch 230: Loss = 22.9107, Accuracy = 92.02%
2025-07-29 23:02:14,483 - INFO - Epoch 231: Loss = 20.9732, Accuracy = 93.16%
2025-07-29 23:02:14,646 - INFO - Epoch 232: Loss = 22.0778, Accuracy = 92.94%
2025-07-29 23:02:14,809 - INFO - Epoch 233: Loss = 24.6272, Accuracy = 91.89%
2025-07-29 23:02:14,972 - INFO - Epoch 234: Loss = 21.1442, Accuracy = 93.21%
2025-07-29 23:02:15,135 - INFO - Epoch 235: Loss = 22.4819, Accuracy = 92.64%
2025-07-29 23:02:15,298 - INFO - Epoch 236: Loss = 21.2976, Accuracy = 92.59%
2025-07-29 23:02:15,461 - INFO - Epoch 237: Loss = 20.9204, Accuracy = 92.90%
2025-07-29 23:02:15,624 - INFO - Epoch 238: Loss = 20.8592, Accuracy = 92.77%
2025-07-29 23:02:15,787 - INFO - Epoch 239: Loss = 21.1570, Accuracy = 92.81%
2025-07-29 23:02:15,950 - INFO - Epoch 240: Loss = 19.8772, Accuracy = 93.56%
2025-07-29 23:02:16,113 - INFO - Epoch 241: Loss = 20.1275, Accuracy = 93.73%
2025-07-29 23:02:16,276 - INFO - Epoch 242: Loss = 20.6496, Accuracy = 92.99%
2025-07-29 23:02:16,439 - INFO - Epoch 243: Loss = 20.1840, Accuracy = 92.99%
2025-07-29 23:02:16,602 - INFO - Epoch 244: Loss = 19.2998, Accuracy = 93.16%
2025-07-29 23:02:16,766 - INFO - Epoch 245: Loss = 20.0944, Accuracy = 93.65%
2025-07-29 23:02:16,929 - INFO - Epoch 246: Loss = 19.8870, Accuracy = 93.38%
2025-07-29 23:02:17,093 - INFO - Epoch 247: Loss = 18.3449, Accuracy = 94.04%
2025-07-29 23:02:17,256 - INFO - Epoch 248: Loss = 18.5479, Accuracy = 94.26%
2025-07-29 23:02:17,420 - INFO - Epoch 249: Loss = 18.2743, Accuracy = 94.52%
2025-07-29 23:02:17,583 - INFO - Epoch 250: Loss = 17.8145, Accuracy = 94.43%
2025-07-29 23:02:17,746 - INFO - Epoch 251: Loss = 16.9681, Accuracy = 94.74%
2025-07-29 23:02:17,909 - INFO - Epoch 252: Loss = 20.8452, Accuracy = 93.43%
2025-07-29 23:02:18,072 - INFO - Epoch 253: Loss = 18.2232, Accuracy = 94.39%
2025-07-29 23:02:18,234 - INFO - Epoch 254: Loss = 19.9491, Accuracy = 93.38%
2025-07-29 23:02:18,397 - INFO - Epoch 255: Loss = 17.7964, Accuracy = 94.08%
2025-07-29 23:02:18,560 - INFO - Epoch 256: Loss = 18.0503, Accuracy = 94.43%
2025-07-29 23:02:18,563 - INFO - [Gradient Period 50 Run 6] Training time: 42.89s
2025-07-29 23:02:19,191 - INFO - ✅ Regular Evaluation Accuracy: 47.23%
2025-07-29 23:02:19,234 - INFO - ✅ Regular Evaluation Top-5 Accuracy: 84.48%
2025-07-29 23:02:19,263 - INFO - ✅ Regular Evaluation Accuracy: 25.62%
2025-07-29 23:02:19,275 - INFO - ✅ Regular Evaluation Top-5 Accuracy: 58.68%
2025-07-29 23:02:19,761 - INFO - ✅ Regular Evaluation Accuracy: 4.21%
2025-07-29 23:02:19,771 - INFO - ✅ Regular Evaluation Top-5 Accuracy: 27.37%
2025-07-29 23:02:19,771 - INFO - Nuts
2025-07-29 23:02:20,204 - INFO - ✅ Regular Evaluation Accuracy: 45.83%
2025-07-29 23:02:20,214 - INFO - ✅ Regular Evaluation Top-5 Accuracy: 73.96%
2025-07-29 23:02:20,214 - INFO - Spices
2025-07-29 23:02:20,635 - INFO - ✅ Regular Evaluation Accuracy: 46.59%
2025-07-29 23:02:20,644 - INFO - ✅ Regular Evaluation Top-5 Accuracy: 81.82%
2025-07-29 23:02:20,644 - INFO - Herbs
2025-07-29 23:02:21,066 - INFO - ✅ Regular Evaluation Accuracy: 42.05%
2025-07-29 23:02:21,075 - INFO - ✅ Regular Evaluation Top-5 Accuracy: 81.82%
2025-07-29 23:02:21,075 - INFO - Fruits
2025-07-29 23:02:21,493 - INFO - ✅ Regular Evaluation Accuracy: 53.93%
2025-07-29 23:02:21,502 - INFO - ✅ Regular Evaluation Top-5 Accuracy: 91.01%
2025-07-29 23:02:21,502 - INFO - Vegetables
2025-07-29 23:02:22,028 - INFO - ✅ Regular Evaluation Accuracy: 47.78%
2025-07-29 23:02:22,037 - INFO - ✅ Regular Evaluation Top-5 Accuracy: 94.44%
2025-07-29 23:02:22,038 - INFO - [Gradient Period 50 Run 7] Starting
2025-07-29 23:02:23,143 - INFO - Training on device: cuda
2025-07-29 23:02:23,307 - INFO - Epoch 01: Loss = 281.0628, Accuracy = 1.31%
2025-07-29 23:02:23,470 - INFO - Epoch 02: Loss = 277.4633, Accuracy = 5.52%
2025-07-29 23:02:23,633 - INFO - Epoch 03: Loss = 272.4030, Accuracy = 8.98%
2025-07-29 23:02:23,796 - INFO - Epoch 04: Loss = 263.2427, Accuracy = 10.12%
2025-07-29 23:02:23,959 - INFO - Epoch 05: Loss = 250.1942, Accuracy = 12.71%
2025-07-29 23:02:24,122 - INFO - Epoch 06: Loss = 234.7364, Accuracy = 16.13%
2025-07-29 23:02:24,285 - INFO - Epoch 07: Loss = 222.2487, Accuracy = 18.14%
2025-07-29 23:02:24,448 - INFO - Epoch 08: Loss = 214.0425, Accuracy = 19.59%
2025-07-29 23:02:24,611 - INFO - Epoch 09: Loss = 207.8161, Accuracy = 21.25%
2025-07-29 23:02:24,774 - INFO - Epoch 10: Loss = 202.7822, Accuracy = 22.66%
2025-07-29 23:02:24,936 - INFO - Epoch 11: Loss = 198.4527, Accuracy = 24.06%
2025-07-29 23:02:25,099 - INFO - Epoch 12: Loss = 194.8170, Accuracy = 24.89%
2025-07-29 23:02:25,262 - INFO - Epoch 13: Loss = 190.6956, Accuracy = 26.34%
2025-07-29 23:02:25,425 - INFO - Epoch 14: Loss = 187.6657, Accuracy = 27.13%
2025-07-29 23:02:25,588 - INFO - Epoch 15: Loss = 185.3206, Accuracy = 27.78%
2025-07-29 23:02:25,751 - INFO - Epoch 16: Loss = 182.0519, Accuracy = 28.75%
2025-07-29 23:02:25,913 - INFO - Epoch 17: Loss = 179.0191, Accuracy = 29.05%
2025-07-29 23:02:26,076 - INFO - Epoch 18: Loss = 176.6198, Accuracy = 30.11%
2025-07-29 23:02:26,239 - INFO - Epoch 19: Loss = 174.4168, Accuracy = 30.28%
2025-07-29 23:02:26,402 - INFO - Epoch 20: Loss = 172.1063, Accuracy = 31.20%
2025-07-29 23:02:26,565 - INFO - Epoch 21: Loss = 169.6500, Accuracy = 32.43%
2025-07-29 23:02:26,728 - INFO - Epoch 22: Loss = 168.1140, Accuracy = 32.47%
2025-07-29 23:02:26,891 - INFO - Epoch 23: Loss = 166.0260, Accuracy = 33.22%
2025-07-29 23:02:27,054 - INFO - Epoch 24: Loss = 163.5371, Accuracy = 34.88%
2025-07-29 23:02:27,216 - INFO - Epoch 25: Loss = 161.6341, Accuracy = 35.19%
2025-07-29 23:02:27,379 - INFO - Epoch 26: Loss = 159.7967, Accuracy = 36.81%
2025-07-29 23:02:27,542 - INFO - Epoch 27: Loss = 158.0147, Accuracy = 37.64%
2025-07-29 23:02:27,705 - INFO - Epoch 28: Loss = 156.2098, Accuracy = 38.17%
2025-07-29 23:02:27,869 - INFO - Epoch 29: Loss = 154.2286, Accuracy = 37.86%
2025-07-29 23:02:28,032 - INFO - Epoch 30: Loss = 152.3612, Accuracy = 39.44%
2025-07-29 23:02:28,195 - INFO - Epoch 31: Loss = 150.3207, Accuracy = 39.44%
2025-07-29 23:02:28,357 - INFO - Epoch 32: Loss = 148.8642, Accuracy = 40.01%
2025-07-29 23:02:28,520 - INFO - Epoch 33: Loss = 147.4905, Accuracy = 40.67%
2025-07-29 23:02:28,683 - INFO - Epoch 34: Loss = 146.1334, Accuracy = 39.79%
2025-07-29 23:02:28,845 - INFO - Epoch 35: Loss = 144.4856, Accuracy = 41.63%
2025-07-29 23:02:29,007 - INFO - Epoch 36: Loss = 142.3900, Accuracy = 41.72%
2025-07-29 23:02:29,170 - INFO - Epoch 37: Loss = 140.8851, Accuracy = 42.59%
2025-07-29 23:02:29,332 - INFO - Epoch 38: Loss = 139.5068, Accuracy = 42.42%
2025-07-29 23:02:29,495 - INFO - Epoch 39: Loss = 138.2288, Accuracy = 43.34%
2025-07-29 23:02:29,657 - INFO - Epoch 40: Loss = 136.4367, Accuracy = 43.16%
2025-07-29 23:02:29,820 - INFO - Epoch 41: Loss = 135.5689, Accuracy = 44.48%
2025-07-29 23:02:29,982 - INFO - Epoch 42: Loss = 133.8801, Accuracy = 44.26%
2025-07-29 23:02:30,145 - INFO - Epoch 43: Loss = 132.2804, Accuracy = 45.27%
2025-07-29 23:02:30,307 - INFO - Epoch 44: Loss = 131.2883, Accuracy = 46.28%
2025-07-29 23:02:30,470 - INFO - Epoch 45: Loss = 129.3214, Accuracy = 46.28%
2025-07-29 23:02:30,632 - INFO - Epoch 46: Loss = 128.2223, Accuracy = 46.71%
2025-07-29 23:02:30,795 - INFO - Epoch 47: Loss = 125.9164, Accuracy = 47.85%
2025-07-29 23:02:30,957 - INFO - Epoch 48: Loss = 124.8735, Accuracy = 48.51%
2025-07-29 23:02:31,120 - INFO - Epoch 49: Loss = 124.0867, Accuracy = 48.77%
2025-07-29 23:02:31,282 - INFO - Epoch 50: Loss = 122.4829, Accuracy = 50.74%
2025-07-29 23:02:31,445 - INFO - Epoch 51: Loss = 120.9580, Accuracy = 49.08%
2025-07-29 23:02:31,607 - INFO - Epoch 52: Loss = 120.4038, Accuracy = 50.66%
2025-07-29 23:02:31,769 - INFO - Epoch 53: Loss = 118.8571, Accuracy = 50.70%
2025-07-29 23:02:31,932 - INFO - Epoch 54: Loss = 117.4161, Accuracy = 52.15%
2025-07-29 23:02:32,094 - INFO - Epoch 55: Loss = 115.8136, Accuracy = 52.37%
2025-07-29 23:02:32,256 - INFO - Epoch 56: Loss = 114.2129, Accuracy = 52.89%
2025-07-29 23:02:32,418 - INFO - Epoch 57: Loss = 113.3288, Accuracy = 52.72%
2025-07-29 23:02:32,581 - INFO - Epoch 58: Loss = 112.6799, Accuracy = 53.55%
2025-07-29 23:02:32,743 - INFO - Epoch 59: Loss = 111.2959, Accuracy = 53.94%
2025-07-29 23:02:32,905 - INFO - Epoch 60: Loss = 110.6172, Accuracy = 54.78%
2025-07-29 23:02:33,068 - INFO - Epoch 61: Loss = 109.0009, Accuracy = 54.51%
2025-07-29 23:02:33,230 - INFO - Epoch 62: Loss = 108.5356, Accuracy = 54.82%
2025-07-29 23:02:33,393 - INFO - Epoch 63: Loss = 107.1896, Accuracy = 55.65%
2025-07-29 23:02:33,555 - INFO - Epoch 64: Loss = 105.6867, Accuracy = 56.27%
2025-07-29 23:02:33,717 - INFO - Epoch 65: Loss = 105.7359, Accuracy = 56.05%
2025-07-29 23:02:33,880 - INFO - Epoch 66: Loss = 104.8445, Accuracy = 57.06%
2025-07-29 23:02:34,042 - INFO - Epoch 67: Loss = 103.3842, Accuracy = 57.23%
2025-07-29 23:02:34,204 - INFO - Epoch 68: Loss = 101.9939, Accuracy = 57.23%
2025-07-29 23:02:34,367 - INFO - Epoch 69: Loss = 100.7881, Accuracy = 57.76%
2025-07-29 23:02:34,529 - INFO - Epoch 70: Loss = 99.6782, Accuracy = 59.07%
2025-07-29 23:02:34,692 - INFO - Epoch 71: Loss = 98.3413, Accuracy = 59.11%
2025-07-29 23:02:34,854 - INFO - Epoch 72: Loss = 97.2300, Accuracy = 58.68%
2025-07-29 23:02:35,017 - INFO - Epoch 73: Loss = 97.4625, Accuracy = 58.59%
2025-07-29 23:02:35,179 - INFO - Epoch 74: Loss = 96.0531, Accuracy = 59.95%
2025-07-29 23:02:35,341 - INFO - Epoch 75: Loss = 95.1421, Accuracy = 60.30%
2025-07-29 23:02:35,504 - INFO - Epoch 76: Loss = 94.7339, Accuracy = 60.12%
2025-07-29 23:02:35,666 - INFO - Epoch 77: Loss = 93.6770, Accuracy = 60.56%
2025-07-29 23:02:35,829 - INFO - Epoch 78: Loss = 91.6258, Accuracy = 61.35%
2025-07-29 23:02:35,991 - INFO - Epoch 79: Loss = 90.8667, Accuracy = 61.44%
2025-07-29 23:02:36,153 - INFO - Epoch 80: Loss = 90.6248, Accuracy = 61.88%
2025-07-29 23:02:36,316 - INFO - Epoch 81: Loss = 89.8021, Accuracy = 61.83%
2025-07-29 23:02:36,478 - INFO - Epoch 82: Loss = 88.7891, Accuracy = 62.62%
2025-07-29 23:02:36,640 - INFO - Epoch 83: Loss = 88.3988, Accuracy = 62.62%
2025-07-29 23:02:36,803 - INFO - Epoch 84: Loss = 87.3039, Accuracy = 62.53%
2025-07-29 23:02:36,965 - INFO - Epoch 85: Loss = 86.1837, Accuracy = 63.37%
2025-07-29 23:02:37,128 - INFO - Epoch 86: Loss = 85.5533, Accuracy = 64.07%
2025-07-29 23:02:37,290 - INFO - Epoch 87: Loss = 84.6517, Accuracy = 65.47%
2025-07-29 23:02:37,453 - INFO - Epoch 88: Loss = 84.5372, Accuracy = 63.98%
2025-07-29 23:02:37,615 - INFO - Epoch 89: Loss = 82.3203, Accuracy = 65.38%
2025-07-29 23:02:37,777 - INFO - Epoch 90: Loss = 82.1890, Accuracy = 64.94%
2025-07-29 23:02:37,940 - INFO - Epoch 91: Loss = 81.8943, Accuracy = 65.34%
2025-07-29 23:02:38,102 - INFO - Epoch 92: Loss = 80.8069, Accuracy = 65.69%
2025-07-29 23:02:38,265 - INFO - Epoch 93: Loss = 80.3136, Accuracy = 66.26%
2025-07-29 23:02:38,428 - INFO - Epoch 94: Loss = 79.0839, Accuracy = 66.04%
2025-07-29 23:02:38,590 - INFO - Epoch 95: Loss = 79.2054, Accuracy = 66.43%
2025-07-29 23:02:38,753 - INFO - Epoch 96: Loss = 78.6926, Accuracy = 66.48%
2025-07-29 23:02:38,915 - INFO - Epoch 97: Loss = 77.5343, Accuracy = 67.84%
2025-07-29 23:02:39,078 - INFO - Epoch 98: Loss = 77.4413, Accuracy = 67.35%
2025-07-29 23:02:39,241 - INFO - Epoch 99: Loss = 75.9829, Accuracy = 68.36%
2025-07-29 23:02:39,403 - INFO - Epoch 100: Loss = 75.8100, Accuracy = 68.14%
2025-07-29 23:02:39,566 - INFO - Epoch 101: Loss = 75.3776, Accuracy = 67.48%
2025-07-29 23:02:39,728 - INFO - Epoch 102: Loss = 74.0720, Accuracy = 68.58%
2025-07-29 23:02:39,890 - INFO - Epoch 103: Loss = 73.9552, Accuracy = 67.57%
2025-07-29 23:02:40,053 - INFO - Epoch 104: Loss = 73.2827, Accuracy = 68.71%
2025-07-29 23:02:40,216 - INFO - Epoch 105: Loss = 73.3333, Accuracy = 67.79%
2025-07-29 23:02:40,378 - INFO - Epoch 106: Loss = 71.5851, Accuracy = 68.84%
2025-07-29 23:02:40,541 - INFO - Epoch 107: Loss = 70.8653, Accuracy = 69.33%
2025-07-29 23:02:40,703 - INFO - Epoch 108: Loss = 69.7073, Accuracy = 69.89%
2025-07-29 23:02:40,865 - INFO - Epoch 109: Loss = 68.6275, Accuracy = 69.76%
2025-07-29 23:02:41,028 - INFO - Epoch 110: Loss = 68.7536, Accuracy = 70.07%
2025-07-29 23:02:41,190 - INFO - Epoch 111: Loss = 68.3516, Accuracy = 70.07%
2025-07-29 23:02:41,353 - INFO - Epoch 112: Loss = 68.5032, Accuracy = 70.07%
2025-07-29 23:02:41,515 - INFO - Epoch 113: Loss = 67.3923, Accuracy = 70.99%
2025-07-29 23:02:41,678 - INFO - Epoch 114: Loss = 66.9237, Accuracy = 70.60%
2025-07-29 23:02:41,840 - INFO - Epoch 115: Loss = 66.3752, Accuracy = 71.30%
2025-07-29 23:02:42,003 - INFO - Epoch 116: Loss = 65.5747, Accuracy = 71.43%
2025-07-29 23:02:42,165 - INFO - Epoch 117: Loss = 66.5316, Accuracy = 70.55%
2025-07-29 23:02:42,328 - INFO - Epoch 118: Loss = 64.1700, Accuracy = 72.09%
2025-07-29 23:02:42,490 - INFO - Epoch 119: Loss = 64.0181, Accuracy = 72.09%
2025-07-29 23:02:42,653 - INFO - Epoch 120: Loss = 63.0907, Accuracy = 72.44%
2025-07-29 23:02:42,815 - INFO - Epoch 121: Loss = 63.5210, Accuracy = 72.52%
2025-07-29 23:02:42,978 - INFO - Epoch 122: Loss = 62.6876, Accuracy = 72.70%
2025-07-29 23:02:43,140 - INFO - Epoch 123: Loss = 61.6325, Accuracy = 72.87%
2025-07-29 23:02:43,303 - INFO - Epoch 124: Loss = 61.5428, Accuracy = 73.14%
2025-07-29 23:02:43,465 - INFO - Epoch 125: Loss = 61.0987, Accuracy = 72.92%
2025-07-29 23:02:43,628 - INFO - Epoch 126: Loss = 61.9780, Accuracy = 73.23%
2025-07-29 23:02:43,790 - INFO - Epoch 127: Loss = 61.0872, Accuracy = 73.58%
2025-07-29 23:02:43,952 - INFO - Epoch 128: Loss = 59.9761, Accuracy = 73.49%
2025-07-29 23:02:44,115 - INFO - Epoch 129: Loss = 59.4377, Accuracy = 74.10%
2025-07-29 23:02:44,277 - INFO - Epoch 130: Loss = 59.2684, Accuracy = 73.79%
2025-07-29 23:02:44,440 - INFO - Epoch 131: Loss = 60.0224, Accuracy = 73.75%
2025-07-29 23:02:44,602 - INFO - Epoch 132: Loss = 59.0130, Accuracy = 74.72%
2025-07-29 23:02:44,765 - INFO - Epoch 133: Loss = 58.7361, Accuracy = 74.23%
2025-07-29 23:02:44,927 - INFO - Epoch 134: Loss = 56.8894, Accuracy = 75.33%
2025-07-29 23:02:45,089 - INFO - Epoch 135: Loss = 58.0642, Accuracy = 75.07%
2025-07-29 23:02:45,252 - INFO - Epoch 136: Loss = 56.6746, Accuracy = 75.42%
2025-07-29 23:02:45,414 - INFO - Epoch 137: Loss = 55.1606, Accuracy = 76.25%
2025-07-29 23:02:45,576 - INFO - Epoch 138: Loss = 55.2976, Accuracy = 76.42%
2025-07-29 23:02:45,739 - INFO - Epoch 139: Loss = 54.7673, Accuracy = 76.56%
2025-07-29 23:02:45,901 - INFO - Epoch 140: Loss = 54.9741, Accuracy = 75.68%
2025-07-29 23:02:46,064 - INFO - Epoch 141: Loss = 52.9960, Accuracy = 77.21%
2025-07-29 23:02:46,226 - INFO - Epoch 142: Loss = 53.5565, Accuracy = 76.73%
2025-07-29 23:02:46,388 - INFO - Epoch 143: Loss = 53.4123, Accuracy = 76.73%
2025-07-29 23:02:46,551 - INFO - Epoch 144: Loss = 52.8066, Accuracy = 77.56%
2025-07-29 23:02:46,713 - INFO - Epoch 145: Loss = 51.3908, Accuracy = 78.26%
2025-07-29 23:02:46,875 - INFO - Epoch 146: Loss = 53.7263, Accuracy = 77.13%
2025-07-29 23:02:47,038 - INFO - Epoch 147: Loss = 52.3635, Accuracy = 77.56%
2025-07-29 23:02:47,200 - INFO - Epoch 148: Loss = 50.9562, Accuracy = 78.35%
2025-07-29 23:02:47,363 - INFO - Epoch 149: Loss = 51.2939, Accuracy = 78.31%
2025-07-29 23:02:47,525 - INFO - Epoch 150: Loss = 50.7441, Accuracy = 77.48%
2025-07-29 23:02:47,688 - INFO - Epoch 151: Loss = 50.8409, Accuracy = 78.00%
2025-07-29 23:02:47,850 - INFO - Epoch 152: Loss = 49.4011, Accuracy = 79.14%
2025-07-29 23:02:48,016 - INFO - Epoch 153: Loss = 49.3651, Accuracy = 79.14%
2025-07-29 23:02:48,179 - INFO - Epoch 154: Loss = 48.1956, Accuracy = 80.11%
2025-07-29 23:02:48,342 - INFO - Epoch 155: Loss = 47.4661, Accuracy = 80.28%
2025-07-29 23:02:48,504 - INFO - Epoch 156: Loss = 47.3117, Accuracy = 80.15%
2025-07-29 23:02:48,667 - INFO - Epoch 157: Loss = 47.3231, Accuracy = 79.93%
2025-07-29 23:02:48,830 - INFO - Epoch 158: Loss = 46.5592, Accuracy = 81.16%
2025-07-29 23:02:48,992 - INFO - Epoch 159: Loss = 46.7602, Accuracy = 80.54%
2025-07-29 23:02:49,155 - INFO - Epoch 160: Loss = 45.9467, Accuracy = 80.37%
2025-07-29 23:02:49,318 - INFO - Epoch 161: Loss = 45.7890, Accuracy = 81.24%
2025-07-29 23:02:49,480 - INFO - Epoch 162: Loss = 46.1005, Accuracy = 81.55%
2025-07-29 23:02:49,643 - INFO - Epoch 163: Loss = 44.7450, Accuracy = 82.03%
2025-07-29 23:02:49,805 - INFO - Epoch 164: Loss = 45.7174, Accuracy = 80.63%
2025-07-29 23:02:49,968 - INFO - Epoch 165: Loss = 44.6902, Accuracy = 81.42%
2025-07-29 23:02:50,130 - INFO - Epoch 166: Loss = 45.3729, Accuracy = 80.32%
2025-07-29 23:02:50,293 - INFO - Epoch 167: Loss = 43.7424, Accuracy = 81.77%
2025-07-29 23:02:50,455 - INFO - Epoch 168: Loss = 43.0723, Accuracy = 81.81%
2025-07-29 23:02:50,618 - INFO - Epoch 169: Loss = 43.4335, Accuracy = 82.34%
2025-07-29 23:02:50,780 - INFO - Epoch 170: Loss = 42.0416, Accuracy = 82.91%
2025-07-29 23:02:50,943 - INFO - Epoch 171: Loss = 42.1841, Accuracy = 83.00%
2025-07-29 23:02:51,106 - INFO - Epoch 172: Loss = 42.2462, Accuracy = 82.91%
2025-07-29 23:02:51,269 - INFO - Epoch 173: Loss = 42.4637, Accuracy = 82.78%
2025-07-29 23:02:51,431 - INFO - Epoch 174: Loss = 42.6474, Accuracy = 82.56%
2025-07-29 23:02:51,594 - INFO - Epoch 175: Loss = 40.6913, Accuracy = 83.61%
2025-07-29 23:02:51,756 - INFO - Epoch 176: Loss = 43.0425, Accuracy = 82.78%
2025-07-29 23:02:51,919 - INFO - Epoch 177: Loss = 40.1051, Accuracy = 84.01%
2025-07-29 23:02:52,082 - INFO - Epoch 178: Loss = 40.1808, Accuracy = 83.96%
2025-07-29 23:02:52,244 - INFO - Epoch 179: Loss = 38.6566, Accuracy = 84.49%
2025-07-29 23:02:52,407 - INFO - Epoch 180: Loss = 38.9321, Accuracy = 85.19%
2025-07-29 23:02:52,569 - INFO - Epoch 181: Loss = 38.5327, Accuracy = 84.18%
2025-07-29 23:02:52,732 - INFO - Epoch 182: Loss = 39.0947, Accuracy = 84.57%
2025-07-29 23:02:52,894 - INFO - Epoch 183: Loss = 38.1701, Accuracy = 85.28%
2025-07-29 23:02:53,057 - INFO - Epoch 184: Loss = 37.5542, Accuracy = 85.19%
2025-07-29 23:02:53,220 - INFO - Epoch 185: Loss = 38.1196, Accuracy = 84.79%
2025-07-29 23:02:53,382 - INFO - Epoch 186: Loss = 38.6471, Accuracy = 84.27%
2025-07-29 23:02:53,545 - INFO - Epoch 187: Loss = 38.7262, Accuracy = 84.93%
2025-07-29 23:02:53,707 - INFO - Epoch 188: Loss = 37.1068, Accuracy = 85.98%
2025-07-29 23:02:53,870 - INFO - Epoch 189: Loss = 36.8319, Accuracy = 85.32%
2025-07-29 23:02:54,032 - INFO - Epoch 190: Loss = 37.5776, Accuracy = 85.10%
2025-07-29 23:02:54,195 - INFO - Epoch 191: Loss = 38.2720, Accuracy = 85.06%
2025-07-29 23:02:54,357 - INFO - Epoch 192: Loss = 35.9289, Accuracy = 86.63%
2025-07-29 23:02:54,520 - INFO - Epoch 193: Loss = 35.8979, Accuracy = 85.71%
2025-07-29 23:02:54,682 - INFO - Epoch 194: Loss = 36.1590, Accuracy = 85.76%
2025-07-29 23:02:54,845 - INFO - Epoch 195: Loss = 34.3055, Accuracy = 87.38%
2025-07-29 23:02:55,008 - INFO - Epoch 196: Loss = 35.1465, Accuracy = 86.11%
2025-07-29 23:02:55,170 - INFO - Epoch 197: Loss = 33.8076, Accuracy = 87.25%
2025-07-29 23:02:55,333 - INFO - Epoch 198: Loss = 34.6413, Accuracy = 87.29%
2025-07-29 23:02:55,495 - INFO - Epoch 199: Loss = 33.5043, Accuracy = 87.69%
2025-07-29 23:02:55,658 - INFO - Epoch 200: Loss = 33.1755, Accuracy = 87.07%
2025-07-29 23:02:55,820 - INFO - Epoch 201: Loss = 32.2176, Accuracy = 87.99%
2025-07-29 23:02:55,983 - INFO - Epoch 202: Loss = 33.4423, Accuracy = 87.55%
2025-07-29 23:02:56,146 - INFO - Epoch 203: Loss = 32.1987, Accuracy = 87.55%
2025-07-29 23:02:56,308 - INFO - Epoch 204: Loss = 30.9372, Accuracy = 88.39%
2025-07-29 23:02:56,471 - INFO - Epoch 205: Loss = 33.2759, Accuracy = 87.86%
2025-07-29 23:02:56,633 - INFO - Epoch 206: Loss = 31.2713, Accuracy = 88.74%
2025-07-29 23:02:56,796 - INFO - Epoch 207: Loss = 31.6991, Accuracy = 87.86%
2025-07-29 23:02:56,958 - INFO - Epoch 208: Loss = 29.1953, Accuracy = 88.69%
2025-07-29 23:02:57,120 - INFO - Epoch 209: Loss = 34.2680, Accuracy = 86.33%
2025-07-29 23:02:57,283 - INFO - Epoch 210: Loss = 31.4809, Accuracy = 88.56%
2025-07-29 23:02:57,446 - INFO - Epoch 211: Loss = 30.7187, Accuracy = 88.39%
2025-07-29 23:02:57,608 - INFO - Epoch 212: Loss = 28.9924, Accuracy = 89.48%
2025-07-29 23:02:57,771 - INFO - Epoch 213: Loss = 30.4735, Accuracy = 88.34%
2025-07-29 23:02:57,933 - INFO - Epoch 214: Loss = 29.1775, Accuracy = 88.69%
2025-07-29 23:02:58,097 - INFO - Epoch 215: Loss = 29.5485, Accuracy = 88.30%
2025-07-29 23:02:58,260 - INFO - Epoch 216: Loss = 31.5850, Accuracy = 88.21%
2025-07-29 23:02:58,422 - INFO - Epoch 217: Loss = 30.0848, Accuracy = 88.65%
2025-07-29 23:02:58,584 - INFO - Epoch 218: Loss = 29.9983, Accuracy = 88.91%
2025-07-29 23:02:58,747 - INFO - Epoch 219: Loss = 27.3421, Accuracy = 89.48%
2025-07-29 23:02:58,910 - INFO - Epoch 220: Loss = 30.2875, Accuracy = 88.26%
2025-07-29 23:02:59,072 - INFO - Epoch 221: Loss = 26.9785, Accuracy = 90.01%
2025-07-29 23:02:59,235 - INFO - Epoch 222: Loss = 27.7275, Accuracy = 89.35%
2025-07-29 23:02:59,397 - INFO - Epoch 223: Loss = 29.0376, Accuracy = 89.22%
2025-07-29 23:02:59,560 - INFO - Epoch 224: Loss = 25.9573, Accuracy = 90.93%
2025-07-29 23:02:59,723 - INFO - Epoch 225: Loss = 26.1256, Accuracy = 90.71%
2025-07-29 23:02:59,885 - INFO - Epoch 226: Loss = 25.8980, Accuracy = 90.36%
2025-07-29 23:03:00,048 - INFO - Epoch 227: Loss = 29.3667, Accuracy = 89.18%
2025-07-29 23:03:00,210 - INFO - Epoch 228: Loss = 29.2091, Accuracy = 89.53%
2025-07-29 23:03:00,373 - INFO - Epoch 229: Loss = 26.2842, Accuracy = 90.62%
2025-07-29 23:03:00,536 - INFO - Epoch 230: Loss = 25.9793, Accuracy = 90.32%
2025-07-29 23:03:00,698 - INFO - Epoch 231: Loss = 26.5051, Accuracy = 90.36%
2025-07-29 23:03:00,861 - INFO - Epoch 232: Loss = 24.3403, Accuracy = 91.28%
2025-07-29 23:03:01,024 - INFO - Epoch 233: Loss = 24.0498, Accuracy = 91.06%
2025-07-29 23:03:01,186 - INFO - Epoch 234: Loss = 24.5009, Accuracy = 90.93%
2025-07-29 23:03:01,349 - INFO - Epoch 235: Loss = 24.7179, Accuracy = 91.24%
2025-07-29 23:03:01,512 - INFO - Epoch 236: Loss = 25.5200, Accuracy = 90.32%
2025-07-29 23:03:01,674 - INFO - Epoch 237: Loss = 23.4194, Accuracy = 91.54%
2025-07-29 23:03:01,837 - INFO - Epoch 238: Loss = 24.3545, Accuracy = 90.93%
2025-07-29 23:03:02,000 - INFO - Epoch 239: Loss = 23.2887, Accuracy = 91.54%
2025-07-29 23:03:02,163 - INFO - Epoch 240: Loss = 22.4651, Accuracy = 92.20%
2025-07-29 23:03:02,325 - INFO - Epoch 241: Loss = 25.3692, Accuracy = 90.89%
2025-07-29 23:03:02,488 - INFO - Epoch 242: Loss = 23.4377, Accuracy = 91.54%
2025-07-29 23:03:02,650 - INFO - Epoch 243: Loss = 22.1800, Accuracy = 91.89%
2025-07-29 23:03:02,813 - INFO - Epoch 244: Loss = 23.1397, Accuracy = 91.06%
2025-07-29 23:03:02,975 - INFO - Epoch 245: Loss = 22.5592, Accuracy = 91.89%
2025-07-29 23:03:03,138 - INFO - Epoch 246: Loss = 21.8202, Accuracy = 92.29%
2025-07-29 23:03:03,300 - INFO - Epoch 247: Loss = 21.3491, Accuracy = 92.07%
2025-07-29 23:03:03,463 - INFO - Epoch 248: Loss = 21.5652, Accuracy = 92.59%
2025-07-29 23:03:03,626 - INFO - Epoch 249: Loss = 22.0935, Accuracy = 92.55%
2025-07-29 23:03:03,788 - INFO - Epoch 250: Loss = 20.9455, Accuracy = 93.21%
2025-07-29 23:03:03,951 - INFO - Epoch 251: Loss = 20.9721, Accuracy = 92.94%
2025-07-29 23:03:04,113 - INFO - Epoch 252: Loss = 21.0080, Accuracy = 92.81%
2025-07-29 23:03:04,276 - INFO - Epoch 253: Loss = 21.1015, Accuracy = 92.99%
2025-07-29 23:03:04,439 - INFO - Epoch 254: Loss = 22.7079, Accuracy = 92.02%
2025-07-29 23:03:04,601 - INFO - Epoch 255: Loss = 21.1234, Accuracy = 92.64%
2025-07-29 23:03:04,764 - INFO - Epoch 256: Loss = 20.2178, Accuracy = 93.47%
2025-07-29 23:03:04,766 - INFO - [Gradient Period 50 Run 7] Training time: 42.73s
2025-07-29 23:03:05,400 - INFO - ✅ Regular Evaluation Accuracy: 45.01%
2025-07-29 23:03:05,442 - INFO - ✅ Regular Evaluation Top-5 Accuracy: 85.81%
2025-07-29 23:03:05,472 - INFO - ✅ Regular Evaluation Accuracy: 20.66%
2025-07-29 23:03:05,484 - INFO - ✅ Regular Evaluation Top-5 Accuracy: 66.12%
2025-07-29 23:03:05,981 - INFO - ✅ Regular Evaluation Accuracy: 5.26%
2025-07-29 23:03:05,991 - INFO - ✅ Regular Evaluation Top-5 Accuracy: 27.37%
2025-07-29 23:03:05,991 - INFO - Nuts
2025-07-29 23:03:06,420 - INFO - ✅ Regular Evaluation Accuracy: 38.54%
2025-07-29 23:03:06,430 - INFO - ✅ Regular Evaluation Top-5 Accuracy: 81.25%
2025-07-29 23:03:06,430 - INFO - Spices
2025-07-29 23:03:06,845 - INFO - ✅ Regular Evaluation Accuracy: 39.77%
2025-07-29 23:03:06,855 - INFO - ✅ Regular Evaluation Top-5 Accuracy: 87.50%
2025-07-29 23:03:06,855 - INFO - Herbs
2025-07-29 23:03:07,270 - INFO - ✅ Regular Evaluation Accuracy: 40.91%
2025-07-29 23:03:07,279 - INFO - ✅ Regular Evaluation Top-5 Accuracy: 77.27%
2025-07-29 23:03:07,280 - INFO - Fruits
2025-07-29 23:03:07,692 - INFO - ✅ Regular Evaluation Accuracy: 49.44%
2025-07-29 23:03:07,701 - INFO - ✅ Regular Evaluation Top-5 Accuracy: 87.64%
2025-07-29 23:03:07,701 - INFO - Vegetables
2025-07-29 23:03:08,121 - INFO - ✅ Regular Evaluation Accuracy: 56.67%
2025-07-29 23:03:08,131 - INFO - ✅ Regular Evaluation Top-5 Accuracy: 95.56%
2025-07-29 23:03:08,132 - INFO - [Gradient Period 50 Run 8] Starting
2025-07-29 23:03:09,234 - INFO - Training on device: cuda
2025-07-29 23:03:09,403 - INFO - Epoch 01: Loss = 281.2903, Accuracy = 2.06%
2025-07-29 23:03:09,570 - INFO - Epoch 02: Loss = 278.2739, Accuracy = 5.08%
2025-07-29 23:03:09,737 - INFO - Epoch 03: Loss = 274.2507, Accuracy = 8.59%
2025-07-29 23:03:09,904 - INFO - Epoch 04: Loss = 267.1409, Accuracy = 10.21%
2025-07-29 23:03:10,071 - INFO - Epoch 05: Loss = 255.5570, Accuracy = 11.09%
2025-07-29 23:03:10,237 - INFO - Epoch 06: Loss = 242.5460, Accuracy = 13.06%
2025-07-29 23:03:10,404 - INFO - Epoch 07: Loss = 231.6194, Accuracy = 15.95%
2025-07-29 23:03:10,571 - INFO - Epoch 08: Loss = 222.4670, Accuracy = 18.32%
2025-07-29 23:03:10,738 - INFO - Epoch 09: Loss = 215.8251, Accuracy = 19.46%
2025-07-29 23:03:10,907 - INFO - Epoch 10: Loss = 209.5757, Accuracy = 21.25%
2025-07-29 23:03:11,074 - INFO - Epoch 11: Loss = 204.2563, Accuracy = 22.92%
2025-07-29 23:03:11,241 - INFO - Epoch 12: Loss = 199.4370, Accuracy = 23.79%
2025-07-29 23:03:11,407 - INFO - Epoch 13: Loss = 195.0934, Accuracy = 25.28%
2025-07-29 23:03:11,574 - INFO - Epoch 14: Loss = 191.2202, Accuracy = 26.60%
2025-07-29 23:03:11,741 - INFO - Epoch 15: Loss = 187.3549, Accuracy = 28.18%
2025-07-29 23:03:11,908 - INFO - Epoch 16: Loss = 184.6798, Accuracy = 28.53%
2025-07-29 23:03:12,074 - INFO - Epoch 17: Loss = 181.4823, Accuracy = 29.10%
2025-07-29 23:03:12,241 - INFO - Epoch 18: Loss = 178.2976, Accuracy = 30.32%
2025-07-29 23:03:12,407 - INFO - Epoch 19: Loss = 175.3695, Accuracy = 30.50%
2025-07-29 23:03:12,574 - INFO - Epoch 20: Loss = 172.9098, Accuracy = 31.77%
2025-07-29 23:03:12,741 - INFO - Epoch 21: Loss = 170.7512, Accuracy = 32.16%
2025-07-29 23:03:12,907 - INFO - Epoch 22: Loss = 168.1741, Accuracy = 33.30%
2025-07-29 23:03:13,074 - INFO - Epoch 23: Loss = 165.9427, Accuracy = 34.22%
2025-07-29 23:03:13,241 - INFO - Epoch 24: Loss = 163.8102, Accuracy = 34.66%
2025-07-29 23:03:13,407 - INFO - Epoch 25: Loss = 161.9201, Accuracy = 35.85%
2025-07-29 23:03:13,574 - INFO - Epoch 26: Loss = 159.7762, Accuracy = 35.80%
2025-07-29 23:03:13,741 - INFO - Epoch 27: Loss = 158.4985, Accuracy = 36.11%
2025-07-29 23:03:13,908 - INFO - Epoch 28: Loss = 155.9505, Accuracy = 36.20%
2025-07-29 23:03:14,075 - INFO - Epoch 29: Loss = 154.3932, Accuracy = 37.86%
2025-07-29 23:03:14,241 - INFO - Epoch 30: Loss = 152.3515, Accuracy = 38.43%
2025-07-29 23:03:14,408 - INFO - Epoch 31: Loss = 150.6296, Accuracy = 39.26%
2025-07-29 23:03:14,574 - INFO - Epoch 32: Loss = 148.9034, Accuracy = 39.40%
2025-07-29 23:03:14,741 - INFO - Epoch 33: Loss = 147.2318, Accuracy = 39.83%
2025-07-29 23:03:14,907 - INFO - Epoch 34: Loss = 145.2693, Accuracy = 40.89%
2025-07-29 23:03:15,074 - INFO - Epoch 35: Loss = 143.8551, Accuracy = 41.54%
2025-07-29 23:03:15,240 - INFO - Epoch 36: Loss = 142.1139, Accuracy = 42.38%
2025-07-29 23:03:15,407 - INFO - Epoch 37: Loss = 140.4722, Accuracy = 43.38%
2025-07-29 23:03:15,574 - INFO - Epoch 38: Loss = 138.6077, Accuracy = 43.34%
2025-07-29 23:03:15,740 - INFO - Epoch 39: Loss = 137.3259, Accuracy = 44.00%
2025-07-29 23:03:15,907 - INFO - Epoch 40: Loss = 135.9528, Accuracy = 44.30%
2025-07-29 23:03:16,073 - INFO - Epoch 41: Loss = 134.8430, Accuracy = 45.49%
2025-07-29 23:03:16,240 - INFO - Epoch 42: Loss = 133.5315, Accuracy = 45.57%
2025-07-29 23:03:16,407 - INFO - Epoch 43: Loss = 131.4334, Accuracy = 46.23%
2025-07-29 23:03:16,573 - INFO - Epoch 44: Loss = 130.4157, Accuracy = 46.89%
2025-07-29 23:03:16,740 - INFO - Epoch 45: Loss = 129.1042, Accuracy = 47.20%
2025-07-29 23:03:16,906 - INFO - Epoch 46: Loss = 127.6075, Accuracy = 48.03%
2025-07-29 23:03:17,073 - INFO - Epoch 47: Loss = 125.9721, Accuracy = 48.99%
2025-07-29 23:03:17,239 - INFO - Epoch 48: Loss = 124.3084, Accuracy = 49.74%
2025-07-29 23:03:17,406 - INFO - Epoch 49: Loss = 123.2147, Accuracy = 49.34%
2025-07-29 23:03:17,572 - INFO - Epoch 50: Loss = 121.1880, Accuracy = 49.78%
2025-07-29 23:03:17,739 - INFO - Epoch 51: Loss = 120.3746, Accuracy = 51.10%
2025-07-29 23:03:17,905 - INFO - Epoch 52: Loss = 119.1911, Accuracy = 51.62%
2025-07-29 23:03:18,072 - INFO - Epoch 53: Loss = 118.0338, Accuracy = 52.10%
2025-07-29 23:03:18,238 - INFO - Epoch 54: Loss = 116.0988, Accuracy = 51.88%
2025-07-29 23:03:18,405 - INFO - Epoch 55: Loss = 115.6018, Accuracy = 52.19%
2025-07-29 23:03:18,571 - INFO - Epoch 56: Loss = 114.2435, Accuracy = 53.55%
2025-07-29 23:03:18,738 - INFO - Epoch 57: Loss = 112.5254, Accuracy = 54.51%
2025-07-29 23:03:18,904 - INFO - Epoch 58: Loss = 111.3144, Accuracy = 54.56%
2025-07-29 23:03:19,071 - INFO - Epoch 59: Loss = 110.4210, Accuracy = 55.52%
2025-07-29 23:03:19,237 - INFO - Epoch 60: Loss = 108.9970, Accuracy = 55.52%
2025-07-29 23:03:19,404 - INFO - Epoch 61: Loss = 107.9155, Accuracy = 55.92%
2025-07-29 23:03:19,570 - INFO - Epoch 62: Loss = 107.0455, Accuracy = 56.05%
2025-07-29 23:03:19,736 - INFO - Epoch 63: Loss = 105.2620, Accuracy = 56.49%
2025-07-29 23:03:19,903 - INFO - Epoch 64: Loss = 104.0219, Accuracy = 57.23%
2025-07-29 23:03:20,069 - INFO - Epoch 65: Loss = 104.2089, Accuracy = 56.35%
2025-07-29 23:03:20,236 - INFO - Epoch 66: Loss = 102.6014, Accuracy = 58.19%
2025-07-29 23:03:20,403 - INFO - Epoch 67: Loss = 100.6131, Accuracy = 58.90%
2025-07-29 23:03:20,569 - INFO - Epoch 68: Loss = 100.4068, Accuracy = 59.38%
2025-07-29 23:03:20,736 - INFO - Epoch 69: Loss = 99.3769, Accuracy = 58.37%
2025-07-29 23:03:20,902 - INFO - Epoch 70: Loss = 97.9344, Accuracy = 59.82%
2025-07-29 23:03:21,069 - INFO - Epoch 71: Loss = 97.5357, Accuracy = 60.34%
2025-07-29 23:03:21,236 - INFO - Epoch 72: Loss = 95.7314, Accuracy = 60.30%
2025-07-29 23:03:21,402 - INFO - Epoch 73: Loss = 95.2188, Accuracy = 61.44%
2025-07-29 23:03:21,568 - INFO - Epoch 74: Loss = 94.5979, Accuracy = 61.83%
2025-07-29 23:03:21,735 - INFO - Epoch 75: Loss = 92.7168, Accuracy = 61.79%
2025-07-29 23:03:21,902 - INFO - Epoch 76: Loss = 92.3625, Accuracy = 61.74%
2025-07-29 23:03:22,068 - INFO - Epoch 77: Loss = 91.0077, Accuracy = 63.01%
2025-07-29 23:03:22,235 - INFO - Epoch 78: Loss = 89.2965, Accuracy = 63.19%
2025-07-29 23:03:22,402 - INFO - Epoch 79: Loss = 89.5112, Accuracy = 62.88%
2025-07-29 23:03:22,568 - INFO - Epoch 80: Loss = 88.1689, Accuracy = 63.67%
2025-07-29 23:03:22,735 - INFO - Epoch 81: Loss = 86.7835, Accuracy = 64.02%
2025-07-29 23:03:22,901 - INFO - Epoch 82: Loss = 86.0999, Accuracy = 64.02%
2025-07-29 23:03:23,067 - INFO - Epoch 83: Loss = 84.9076, Accuracy = 64.81%
2025-07-29 23:03:23,234 - INFO - Epoch 84: Loss = 84.3358, Accuracy = 65.34%
2025-07-29 23:03:23,400 - INFO - Epoch 85: Loss = 84.4833, Accuracy = 64.46%
2025-07-29 23:03:23,567 - INFO - Epoch 86: Loss = 82.9620, Accuracy = 65.34%
2025-07-29 23:03:23,733 - INFO - Epoch 87: Loss = 82.5405, Accuracy = 66.17%
2025-07-29 23:03:23,899 - INFO - Epoch 88: Loss = 80.5067, Accuracy = 66.56%
2025-07-29 23:03:24,066 - INFO - Epoch 89: Loss = 79.7313, Accuracy = 67.53%
2025-07-29 23:03:24,232 - INFO - Epoch 90: Loss = 78.6925, Accuracy = 66.91%
2025-07-29 23:03:24,398 - INFO - Epoch 91: Loss = 79.5532, Accuracy = 67.13%
2025-07-29 23:03:24,565 - INFO - Epoch 92: Loss = 77.8537, Accuracy = 67.84%
2025-07-29 23:03:24,731 - INFO - Epoch 93: Loss = 76.6986, Accuracy = 68.05%
2025-07-29 23:03:24,897 - INFO - Epoch 94: Loss = 76.5739, Accuracy = 68.19%
2025-07-29 23:03:25,064 - INFO - Epoch 95: Loss = 75.5778, Accuracy = 69.11%
2025-07-29 23:03:25,230 - INFO - Epoch 96: Loss = 74.8317, Accuracy = 69.19%
2025-07-29 23:03:25,397 - INFO - Epoch 97: Loss = 73.4526, Accuracy = 69.63%
2025-07-29 23:03:25,564 - INFO - Epoch 98: Loss = 73.7895, Accuracy = 70.07%
2025-07-29 23:03:25,730 - INFO - Epoch 99: Loss = 72.1960, Accuracy = 70.42%
2025-07-29 23:03:25,896 - INFO - Epoch 100: Loss = 71.2251, Accuracy = 71.30%
2025-07-29 23:03:26,062 - INFO - Epoch 101: Loss = 70.8548, Accuracy = 71.17%
2025-07-29 23:03:26,229 - INFO - Epoch 102: Loss = 69.7749, Accuracy = 71.03%
2025-07-29 23:03:26,395 - INFO - Epoch 103: Loss = 69.8103, Accuracy = 71.91%
2025-07-29 23:03:26,562 - INFO - Epoch 104: Loss = 68.5462, Accuracy = 72.30%
2025-07-29 23:03:26,728 - INFO - Epoch 105: Loss = 67.7300, Accuracy = 72.70%
2025-07-29 23:03:26,894 - INFO - Epoch 106: Loss = 67.3236, Accuracy = 73.36%
2025-07-29 23:03:27,060 - INFO - Epoch 107: Loss = 66.6411, Accuracy = 73.23%
2025-07-29 23:03:27,227 - INFO - Epoch 108: Loss = 66.0202, Accuracy = 74.10%
2025-07-29 23:03:27,393 - INFO - Epoch 109: Loss = 65.4013, Accuracy = 74.15%
2025-07-29 23:03:27,560 - INFO - Epoch 110: Loss = 64.5827, Accuracy = 74.10%
2025-07-29 23:03:27,726 - INFO - Epoch 111: Loss = 64.5211, Accuracy = 74.28%
2025-07-29 23:03:27,893 - INFO - Epoch 112: Loss = 64.3293, Accuracy = 73.66%
2025-07-29 23:03:28,059 - INFO - Epoch 113: Loss = 63.0851, Accuracy = 74.85%
2025-07-29 23:03:28,226 - INFO - Epoch 114: Loss = 62.6572, Accuracy = 75.33%
2025-07-29 23:03:28,392 - INFO - Epoch 115: Loss = 61.6151, Accuracy = 75.20%
2025-07-29 23:03:28,558 - INFO - Epoch 116: Loss = 60.9255, Accuracy = 76.21%
2025-07-29 23:03:28,725 - INFO - Epoch 117: Loss = 60.2362, Accuracy = 75.37%
2025-07-29 23:03:28,891 - INFO - Epoch 118: Loss = 60.2704, Accuracy = 76.03%
2025-07-29 23:03:29,058 - INFO - Epoch 119: Loss = 60.1074, Accuracy = 76.73%
2025-07-29 23:03:29,224 - INFO - Epoch 120: Loss = 59.1949, Accuracy = 76.42%
2025-07-29 23:03:29,390 - INFO - Epoch 121: Loss = 58.4131, Accuracy = 76.86%
2025-07-29 23:03:29,557 - INFO - Epoch 122: Loss = 57.3639, Accuracy = 77.65%
2025-07-29 23:03:29,723 - INFO - Epoch 123: Loss = 57.0165, Accuracy = 77.65%
2025-07-29 23:03:29,889 - INFO - Epoch 124: Loss = 56.5889, Accuracy = 77.52%
2025-07-29 23:03:30,056 - INFO - Epoch 125: Loss = 56.3693, Accuracy = 78.13%
2025-07-29 23:03:30,222 - INFO - Epoch 126: Loss = 56.1477, Accuracy = 78.48%
2025-07-29 23:03:30,388 - INFO - Epoch 127: Loss = 55.0007, Accuracy = 78.79%
2025-07-29 23:03:30,555 - INFO - Epoch 128: Loss = 53.8152, Accuracy = 78.62%
2025-07-29 23:03:30,721 - INFO - Epoch 129: Loss = 54.1149, Accuracy = 78.35%
2025-07-29 23:03:30,888 - INFO - Epoch 130: Loss = 52.9882, Accuracy = 78.83%
2025-07-29 23:03:31,056 - INFO - Epoch 131: Loss = 53.2577, Accuracy = 79.32%
2025-07-29 23:03:31,223 - INFO - Epoch 132: Loss = 53.0764, Accuracy = 79.05%
2025-07-29 23:03:31,389 - INFO - Epoch 133: Loss = 52.6002, Accuracy = 78.97%
2025-07-29 23:03:31,556 - INFO - Epoch 134: Loss = 51.6096, Accuracy = 78.97%
2025-07-29 23:03:31,722 - INFO - Epoch 135: Loss = 50.6972, Accuracy = 79.75%
2025-07-29 23:03:31,889 - INFO - Epoch 136: Loss = 50.3268, Accuracy = 80.32%
2025-07-29 23:03:32,055 - INFO - Epoch 137: Loss = 49.7873, Accuracy = 80.15%
2025-07-29 23:03:32,222 - INFO - Epoch 138: Loss = 48.8238, Accuracy = 80.63%
2025-07-29 23:03:32,388 - INFO - Epoch 139: Loss = 49.3023, Accuracy = 80.19%
2025-07-29 23:03:32,554 - INFO - Epoch 140: Loss = 49.7173, Accuracy = 80.19%
2025-07-29 23:03:32,721 - INFO - Epoch 141: Loss = 47.7108, Accuracy = 81.03%
2025-07-29 23:03:32,887 - INFO - Epoch 142: Loss = 47.5383, Accuracy = 80.85%
2025-07-29 23:03:33,053 - INFO - Epoch 143: Loss = 47.0307, Accuracy = 81.42%
2025-07-29 23:03:33,220 - INFO - Epoch 144: Loss = 47.2357, Accuracy = 81.16%
2025-07-29 23:03:33,386 - INFO - Epoch 145: Loss = 47.1493, Accuracy = 81.42%
2025-07-29 23:03:33,552 - INFO - Epoch 146: Loss = 45.4304, Accuracy = 82.52%
2025-07-29 23:03:33,719 - INFO - Epoch 147: Loss = 46.3277, Accuracy = 81.81%
2025-07-29 23:03:33,885 - INFO - Epoch 148: Loss = 44.9633, Accuracy = 82.34%
2025-07-29 23:03:34,051 - INFO - Epoch 149: Loss = 44.3796, Accuracy = 82.43%
2025-07-29 23:03:34,217 - INFO - Epoch 150: Loss = 43.8780, Accuracy = 82.52%
2025-07-29 23:03:34,384 - INFO - Epoch 151: Loss = 43.6122, Accuracy = 82.60%
2025-07-29 23:03:34,550 - INFO - Epoch 152: Loss = 42.7481, Accuracy = 83.57%
2025-07-29 23:03:34,716 - INFO - Epoch 153: Loss = 42.9833, Accuracy = 83.44%
2025-07-29 23:03:34,883 - INFO - Epoch 154: Loss = 42.0138, Accuracy = 84.05%
2025-07-29 23:03:35,049 - INFO - Epoch 155: Loss = 42.9514, Accuracy = 83.57%
2025-07-29 23:03:35,215 - INFO - Epoch 156: Loss = 40.8871, Accuracy = 84.09%
2025-07-29 23:03:35,382 - INFO - Epoch 157: Loss = 40.8237, Accuracy = 84.22%
2025-07-29 23:03:35,548 - INFO - Epoch 158: Loss = 41.1717, Accuracy = 83.00%
2025-07-29 23:03:35,714 - INFO - Epoch 159: Loss = 40.6092, Accuracy = 85.06%
2025-07-29 23:03:35,881 - INFO - Epoch 160: Loss = 40.1757, Accuracy = 85.10%
2025-07-29 23:03:36,048 - INFO - Epoch 161: Loss = 39.5093, Accuracy = 84.62%
2025-07-29 23:03:36,214 - INFO - Epoch 162: Loss = 39.2220, Accuracy = 84.22%
2025-07-29 23:03:36,381 - INFO - Epoch 163: Loss = 39.5601, Accuracy = 85.23%
2025-07-29 23:03:36,547 - INFO - Epoch 164: Loss = 38.3681, Accuracy = 85.89%
2025-07-29 23:03:36,713 - INFO - Epoch 165: Loss = 38.1027, Accuracy = 85.67%
2025-07-29 23:03:36,879 - INFO - Epoch 166: Loss = 36.9845, Accuracy = 86.46%
2025-07-29 23:03:37,046 - INFO - Epoch 167: Loss = 37.1006, Accuracy = 85.98%
2025-07-29 23:03:37,212 - INFO - Epoch 168: Loss = 37.3447, Accuracy = 85.36%
2025-07-29 23:03:37,379 - INFO - Epoch 169: Loss = 37.9001, Accuracy = 85.14%
2025-07-29 23:03:37,545 - INFO - Epoch 170: Loss = 36.9899, Accuracy = 85.58%
2025-07-29 23:03:37,712 - INFO - Epoch 171: Loss = 36.4959, Accuracy = 86.11%
2025-07-29 23:03:37,878 - INFO - Epoch 172: Loss = 35.3158, Accuracy = 86.63%
2025-07-29 23:03:38,045 - INFO - Epoch 173: Loss = 34.6961, Accuracy = 87.34%
2025-07-29 23:03:38,211 - INFO - Epoch 174: Loss = 35.6580, Accuracy = 86.68%
2025-07-29 23:03:38,378 - INFO - Epoch 175: Loss = 35.2588, Accuracy = 86.68%
2025-07-29 23:03:38,544 - INFO - Epoch 176: Loss = 34.5736, Accuracy = 87.29%
2025-07-29 23:03:38,710 - INFO - Epoch 177: Loss = 34.1376, Accuracy = 87.25%
2025-07-29 23:03:38,877 - INFO - Epoch 178: Loss = 35.4019, Accuracy = 86.81%
2025-07-29 23:03:39,043 - INFO - Epoch 179: Loss = 33.5800, Accuracy = 87.34%
2025-07-29 23:03:39,209 - INFO - Epoch 180: Loss = 32.4053, Accuracy = 88.34%
2025-07-29 23:03:39,376 - INFO - Epoch 181: Loss = 33.0906, Accuracy = 87.77%
2025-07-29 23:03:39,542 - INFO - Epoch 182: Loss = 32.6753, Accuracy = 87.82%
2025-07-29 23:03:39,709 - INFO - Epoch 183: Loss = 32.7234, Accuracy = 87.60%
2025-07-29 23:03:39,875 - INFO - Epoch 184: Loss = 32.2605, Accuracy = 88.04%
2025-07-29 23:03:40,041 - INFO - Epoch 185: Loss = 32.0232, Accuracy = 87.86%
2025-07-29 23:03:40,207 - INFO - Epoch 186: Loss = 31.2237, Accuracy = 88.21%
2025-07-29 23:03:40,374 - INFO - Epoch 187: Loss = 31.2509, Accuracy = 89.35%
2025-07-29 23:03:40,540 - INFO - Epoch 188: Loss = 32.6312, Accuracy = 88.39%
2025-07-29 23:03:40,706 - INFO - Epoch 189: Loss = 31.6759, Accuracy = 88.21%
2025-07-29 23:03:40,873 - INFO - Epoch 190: Loss = 29.7357, Accuracy = 89.31%
2025-07-29 23:03:41,039 - INFO - Epoch 191: Loss = 29.9932, Accuracy = 88.61%
2025-07-29 23:03:41,207 - INFO - Epoch 192: Loss = 29.7836, Accuracy = 89.35%
2025-07-29 23:03:41,374 - INFO - Epoch 193: Loss = 31.1085, Accuracy = 89.00%
2025-07-29 23:03:41,540 - INFO - Epoch 194: Loss = 29.6192, Accuracy = 89.66%
2025-07-29 23:03:41,706 - INFO - Epoch 195: Loss = 28.0083, Accuracy = 89.53%
2025-07-29 23:03:41,872 - INFO - Epoch 196: Loss = 29.0134, Accuracy = 89.70%
2025-07-29 23:03:42,040 - INFO - Epoch 197: Loss = 28.0269, Accuracy = 90.27%
2025-07-29 23:03:42,206 - INFO - Epoch 198: Loss = 27.8806, Accuracy = 90.18%
2025-07-29 23:03:42,373 - INFO - Epoch 199: Loss = 28.5064, Accuracy = 89.44%
2025-07-29 23:03:42,540 - INFO - Epoch 200: Loss = 27.0773, Accuracy = 90.89%
2025-07-29 23:03:42,707 - INFO - Epoch 201: Loss = 26.7434, Accuracy = 90.80%
2025-07-29 23:03:42,873 - INFO - Epoch 202: Loss = 25.5722, Accuracy = 91.24%
2025-07-29 23:03:43,040 - INFO - Epoch 203: Loss = 25.5928, Accuracy = 90.58%
2025-07-29 23:03:43,206 - INFO - Epoch 204: Loss = 26.7183, Accuracy = 90.32%
2025-07-29 23:03:43,373 - INFO - Epoch 205: Loss = 26.1563, Accuracy = 90.58%
2025-07-29 23:03:43,539 - INFO - Epoch 206: Loss = 28.5555, Accuracy = 89.35%
2025-07-29 23:03:43,706 - INFO - Epoch 207: Loss = 25.0686, Accuracy = 91.63%
2025-07-29 23:03:43,872 - INFO - Epoch 208: Loss = 25.2488, Accuracy = 91.24%
2025-07-29 23:03:44,039 - INFO - Epoch 209: Loss = 24.7313, Accuracy = 91.63%
2025-07-29 23:03:44,205 - INFO - Epoch 210: Loss = 25.5997, Accuracy = 90.49%
2025-07-29 23:03:44,371 - INFO - Epoch 211: Loss = 25.4954, Accuracy = 91.37%
2025-07-29 23:03:44,538 - INFO - Epoch 212: Loss = 24.3949, Accuracy = 91.06%
2025-07-29 23:03:44,704 - INFO - Epoch 213: Loss = 24.4940, Accuracy = 91.76%
2025-07-29 23:03:44,870 - INFO - Epoch 214: Loss = 24.5860, Accuracy = 91.32%
2025-07-29 23:03:45,036 - INFO - Epoch 215: Loss = 23.6898, Accuracy = 91.76%
2025-07-29 23:03:45,203 - INFO - Epoch 216: Loss = 23.4600, Accuracy = 91.67%
2025-07-29 23:03:45,369 - INFO - Epoch 217: Loss = 23.6319, Accuracy = 91.59%
2025-07-29 23:03:45,535 - INFO - Epoch 218: Loss = 23.2573, Accuracy = 91.76%
2025-07-29 23:03:45,702 - INFO - Epoch 219: Loss = 23.4871, Accuracy = 92.16%
2025-07-29 23:03:45,868 - INFO - Epoch 220: Loss = 23.0896, Accuracy = 91.85%
2025-07-29 23:03:46,035 - INFO - Epoch 221: Loss = 23.1587, Accuracy = 91.98%
2025-07-29 23:03:46,201 - INFO - Epoch 222: Loss = 20.7783, Accuracy = 92.81%
2025-07-29 23:03:46,368 - INFO - Epoch 223: Loss = 21.8985, Accuracy = 92.33%
2025-07-29 23:03:46,534 - INFO - Epoch 224: Loss = 21.8167, Accuracy = 92.51%
2025-07-29 23:03:46,701 - INFO - Epoch 225: Loss = 20.7964, Accuracy = 92.59%
2025-07-29 23:03:46,867 - INFO - Epoch 226: Loss = 21.3491, Accuracy = 93.21%
2025-07-29 23:03:47,033 - INFO - Epoch 227: Loss = 20.7217, Accuracy = 92.64%
2025-07-29 23:03:47,200 - INFO - Epoch 228: Loss = 21.2991, Accuracy = 93.03%
2025-07-29 23:03:47,366 - INFO - Epoch 229: Loss = 20.6251, Accuracy = 93.25%
2025-07-29 23:03:47,533 - INFO - Epoch 230: Loss = 20.0900, Accuracy = 92.90%
2025-07-29 23:03:47,699 - INFO - Epoch 231: Loss = 19.0510, Accuracy = 93.95%
2025-07-29 23:03:47,866 - INFO - Epoch 232: Loss = 21.7315, Accuracy = 92.51%
2025-07-29 23:03:48,032 - INFO - Epoch 233: Loss = 20.3363, Accuracy = 92.55%
2025-07-29 23:03:48,198 - INFO - Epoch 234: Loss = 18.5709, Accuracy = 93.30%
2025-07-29 23:03:48,365 - INFO - Epoch 235: Loss = 18.1448, Accuracy = 93.73%
2025-07-29 23:03:48,531 - INFO - Epoch 236: Loss = 19.4688, Accuracy = 92.86%
2025-07-29 23:03:48,697 - INFO - Epoch 237: Loss = 18.0036, Accuracy = 94.22%
2025-07-29 23:03:48,864 - INFO - Epoch 238: Loss = 18.2959, Accuracy = 94.04%
2025-07-29 23:03:49,030 - INFO - Epoch 239: Loss = 18.8439, Accuracy = 93.60%
2025-07-29 23:03:49,196 - INFO - Epoch 240: Loss = 17.4828, Accuracy = 94.65%
2025-07-29 23:03:49,363 - INFO - Epoch 241: Loss = 17.7269, Accuracy = 93.91%
2025-07-29 23:03:49,529 - INFO - Epoch 242: Loss = 18.0949, Accuracy = 94.00%
2025-07-29 23:03:49,695 - INFO - Epoch 243: Loss = 17.4749, Accuracy = 94.57%
2025-07-29 23:03:49,862 - INFO - Epoch 244: Loss = 16.8651, Accuracy = 94.35%
2025-07-29 23:03:50,028 - INFO - Epoch 245: Loss = 17.5206, Accuracy = 94.57%
2025-07-29 23:03:50,194 - INFO - Epoch 246: Loss = 17.7748, Accuracy = 94.08%
2025-07-29 23:03:50,361 - INFO - Epoch 247: Loss = 16.3631, Accuracy = 94.79%
2025-07-29 23:03:50,527 - INFO - Epoch 248: Loss = 17.8986, Accuracy = 94.39%
2025-07-29 23:03:50,694 - INFO - Epoch 249: Loss = 15.8209, Accuracy = 94.87%
2025-07-29 23:03:50,860 - INFO - Epoch 250: Loss = 16.0658, Accuracy = 94.79%
2025-07-29 23:03:51,026 - INFO - Epoch 251: Loss = 17.3185, Accuracy = 94.79%
2025-07-29 23:03:51,194 - INFO - Epoch 252: Loss = 15.4052, Accuracy = 95.05%
2025-07-29 23:03:51,361 - INFO - Epoch 253: Loss = 14.9300, Accuracy = 95.57%
2025-07-29 23:03:51,528 - INFO - Epoch 254: Loss = 16.3855, Accuracy = 94.65%
2025-07-29 23:03:51,694 - INFO - Epoch 255: Loss = 14.9800, Accuracy = 94.92%
2025-07-29 23:03:51,861 - INFO - Epoch 256: Loss = 15.1773, Accuracy = 95.31%
2025-07-29 23:03:51,863 - INFO - [Gradient Period 50 Run 8] Training time: 43.73s
2025-07-29 23:03:52,504 - INFO - ✅ Regular Evaluation Accuracy: 47.01%
2025-07-29 23:03:52,546 - INFO - ✅ Regular Evaluation Top-5 Accuracy: 85.14%
2025-07-29 23:03:52,576 - INFO - ✅ Regular Evaluation Accuracy: 28.93%
2025-07-29 23:03:52,588 - INFO - ✅ Regular Evaluation Top-5 Accuracy: 70.25%
2025-07-29 23:03:53,085 - INFO - ✅ Regular Evaluation Accuracy: 1.05%
2025-07-29 23:03:53,094 - INFO - ✅ Regular Evaluation Top-5 Accuracy: 23.16%
2025-07-29 23:03:53,095 - INFO - Nuts
2025-07-29 23:03:53,518 - INFO - ✅ Regular Evaluation Accuracy: 38.54%
2025-07-29 23:03:53,527 - INFO - ✅ Regular Evaluation Top-5 Accuracy: 76.04%
2025-07-29 23:03:53,528 - INFO - Spices
2025-07-29 23:03:53,950 - INFO - ✅ Regular Evaluation Accuracy: 50.00%
2025-07-29 23:03:53,959 - INFO - ✅ Regular Evaluation Top-5 Accuracy: 85.23%
2025-07-29 23:03:53,959 - INFO - Herbs
2025-07-29 23:03:54,482 - INFO - ✅ Regular Evaluation Accuracy: 42.05%
2025-07-29 23:03:54,491 - INFO - ✅ Regular Evaluation Top-5 Accuracy: 82.95%
2025-07-29 23:03:54,491 - INFO - Fruits
2025-07-29 23:03:54,925 - INFO - ✅ Regular Evaluation Accuracy: 55.06%
2025-07-29 23:03:54,934 - INFO - ✅ Regular Evaluation Top-5 Accuracy: 88.76%
2025-07-29 23:03:54,934 - INFO - Vegetables
2025-07-29 23:03:55,420 - INFO - ✅ Regular Evaluation Accuracy: 50.00%
2025-07-29 23:03:55,430 - INFO - ✅ Regular Evaluation Top-5 Accuracy: 93.33%
2025-07-29 23:03:55,430 - INFO - [Gradient Period 50 Run 9] Starting
2025-07-29 23:03:56,562 - INFO - Training on device: cuda
2025-07-29 23:03:56,729 - INFO - Epoch 01: Loss = 281.3091, Accuracy = 2.15%
2025-07-29 23:03:56,896 - INFO - Epoch 02: Loss = 277.8556, Accuracy = 5.92%
2025-07-29 23:03:57,063 - INFO - Epoch 03: Loss = 273.1753, Accuracy = 10.04%
2025-07-29 23:03:57,229 - INFO - Epoch 04: Loss = 264.6715, Accuracy = 12.58%
2025-07-29 23:03:57,396 - INFO - Epoch 05: Loss = 251.1256, Accuracy = 14.24%
2025-07-29 23:03:57,562 - INFO - Epoch 06: Loss = 237.2271, Accuracy = 15.69%
2025-07-29 23:03:57,728 - INFO - Epoch 07: Loss = 226.5861, Accuracy = 16.13%
2025-07-29 23:03:57,895 - INFO - Epoch 08: Loss = 218.4418, Accuracy = 17.22%
2025-07-29 23:03:58,061 - INFO - Epoch 09: Loss = 212.3574, Accuracy = 19.02%
2025-07-29 23:03:58,227 - INFO - Epoch 10: Loss = 207.5011, Accuracy = 20.25%
2025-07-29 23:03:58,393 - INFO - Epoch 11: Loss = 202.6811, Accuracy = 22.44%
2025-07-29 23:03:58,560 - INFO - Epoch 12: Loss = 199.0525, Accuracy = 22.35%
2025-07-29 23:03:58,726 - INFO - Epoch 13: Loss = 195.5884, Accuracy = 23.88%
2025-07-29 23:03:58,892 - INFO - Epoch 14: Loss = 192.5438, Accuracy = 24.98%
2025-07-29 23:03:59,058 - INFO - Epoch 15: Loss = 189.4221, Accuracy = 26.21%
2025-07-29 23:03:59,224 - INFO - Epoch 16: Loss = 186.9228, Accuracy = 26.95%
2025-07-29 23:03:59,390 - INFO - Epoch 17: Loss = 184.5647, Accuracy = 27.70%
2025-07-29 23:03:59,556 - INFO - Epoch 18: Loss = 182.0444, Accuracy = 28.53%
2025-07-29 23:03:59,722 - INFO - Epoch 19: Loss = 179.4513, Accuracy = 29.84%
2025-07-29 23:03:59,888 - INFO - Epoch 20: Loss = 177.1078, Accuracy = 30.06%
2025-07-29 23:04:00,054 - INFO - Epoch 21: Loss = 175.5188, Accuracy = 30.06%
2025-07-29 23:04:00,220 - INFO - Epoch 22: Loss = 172.6364, Accuracy = 30.94%
2025-07-29 23:04:00,387 - INFO - Epoch 23: Loss = 170.0336, Accuracy = 32.56%
2025-07-29 23:04:00,553 - INFO - Epoch 24: Loss = 167.9649, Accuracy = 32.16%
2025-07-29 23:04:00,718 - INFO - Epoch 25: Loss = 165.9263, Accuracy = 33.52%
2025-07-29 23:04:00,884 - INFO - Epoch 26: Loss = 163.8761, Accuracy = 34.57%
2025-07-29 23:04:01,050 - INFO - Epoch 27: Loss = 161.7733, Accuracy = 34.79%
2025-07-29 23:04:01,216 - INFO - Epoch 28: Loss = 160.3560, Accuracy = 34.53%
2025-07-29 23:04:01,383 - INFO - Epoch 29: Loss = 157.8818, Accuracy = 35.93%
2025-07-29 23:04:01,549 - INFO - Epoch 30: Loss = 156.1958, Accuracy = 36.37%
2025-07-29 23:04:01,715 - INFO - Epoch 31: Loss = 154.2063, Accuracy = 37.38%
2025-07-29 23:04:01,881 - INFO - Epoch 32: Loss = 152.4000, Accuracy = 37.60%
2025-07-29 23:04:02,047 - INFO - Epoch 33: Loss = 150.8118, Accuracy = 38.56%
2025-07-29 23:04:02,213 - INFO - Epoch 34: Loss = 148.7440, Accuracy = 39.13%
2025-07-29 23:04:02,379 - INFO - Epoch 35: Loss = 147.1984, Accuracy = 39.35%
2025-07-29 23:04:02,545 - INFO - Epoch 36: Loss = 145.9287, Accuracy = 39.79%
2025-07-29 23:04:02,711 - INFO - Epoch 37: Loss = 144.3729, Accuracy = 40.67%
2025-07-29 23:04:02,877 - INFO - Epoch 38: Loss = 142.5949, Accuracy = 41.67%
2025-07-29 23:04:03,043 - INFO - Epoch 39: Loss = 141.7254, Accuracy = 41.67%
2025-07-29 23:04:03,209 - INFO - Epoch 40: Loss = 140.3064, Accuracy = 42.33%
2025-07-29 23:04:03,375 - INFO - Epoch 41: Loss = 138.0663, Accuracy = 43.82%
2025-07-29 23:04:03,541 - INFO - Epoch 42: Loss = 136.2484, Accuracy = 44.92%
2025-07-29 23:04:03,707 - INFO - Epoch 43: Loss = 135.6518, Accuracy = 45.40%
2025-07-29 23:04:03,872 - INFO - Epoch 44: Loss = 134.2500, Accuracy = 45.79%
2025-07-29 23:04:04,038 - INFO - Epoch 45: Loss = 132.6011, Accuracy = 46.49%
2025-07-29 23:04:04,204 - INFO - Epoch 46: Loss = 130.3203, Accuracy = 46.54%
2025-07-29 23:04:04,370 - INFO - Epoch 47: Loss = 129.5989, Accuracy = 47.37%
2025-07-29 23:04:04,536 - INFO - Epoch 48: Loss = 127.9932, Accuracy = 48.77%
2025-07-29 23:04:04,702 - INFO - Epoch 49: Loss = 127.5754, Accuracy = 47.72%
2025-07-29 23:04:04,868 - INFO - Epoch 50: Loss = 125.6642, Accuracy = 48.77%
2025-07-29 23:04:05,034 - INFO - Epoch 51: Loss = 125.1309, Accuracy = 49.61%
2025-07-29 23:04:05,200 - INFO - Epoch 52: Loss = 124.0248, Accuracy = 48.69%
2025-07-29 23:04:05,366 - INFO - Epoch 53: Loss = 122.2381, Accuracy = 50.44%
2025-07-29 23:04:05,532 - INFO - Epoch 54: Loss = 121.5433, Accuracy = 49.91%
2025-07-29 23:04:05,698 - INFO - Epoch 55: Loss = 119.9683, Accuracy = 50.22%
2025-07-29 23:04:05,864 - INFO - Epoch 56: Loss = 118.1368, Accuracy = 51.93%
2025-07-29 23:04:06,030 - INFO - Epoch 57: Loss = 117.0298, Accuracy = 52.80%
2025-07-29 23:04:06,196 - INFO - Epoch 58: Loss = 115.9972, Accuracy = 52.72%
2025-07-29 23:04:06,362 - INFO - Epoch 59: Loss = 114.8865, Accuracy = 52.63%
2025-07-29 23:04:06,528 - INFO - Epoch 60: Loss = 113.7171, Accuracy = 53.94%
2025-07-29 23:04:06,694 - INFO - Epoch 61: Loss = 112.2730, Accuracy = 54.29%
2025-07-29 23:04:06,860 - INFO - Epoch 62: Loss = 111.7673, Accuracy = 53.99%
2025-07-29 23:04:07,026 - INFO - Epoch 63: Loss = 110.2004, Accuracy = 55.48%
2025-07-29 23:04:07,191 - INFO - Epoch 64: Loss = 108.8184, Accuracy = 55.43%
2025-07-29 23:04:07,358 - INFO - Epoch 65: Loss = 107.4494, Accuracy = 56.13%
2025-07-29 23:04:07,523 - INFO - Epoch 66: Loss = 107.4510, Accuracy = 55.92%
2025-07-29 23:04:07,689 - INFO - Epoch 67: Loss = 106.2159, Accuracy = 56.53%
2025-07-29 23:04:07,855 - INFO - Epoch 68: Loss = 104.6224, Accuracy = 56.31%
2025-07-29 23:04:08,021 - INFO - Epoch 69: Loss = 104.6183, Accuracy = 57.23%
2025-07-29 23:04:08,187 - INFO - Epoch 70: Loss = 102.8948, Accuracy = 57.98%
2025-07-29 23:04:08,353 - INFO - Epoch 71: Loss = 101.5787, Accuracy = 58.06%
2025-07-29 23:04:08,519 - INFO - Epoch 72: Loss = 100.2129, Accuracy = 58.02%
2025-07-29 23:04:08,685 - INFO - Epoch 73: Loss = 100.1720, Accuracy = 58.55%
2025-07-29 23:04:08,850 - INFO - Epoch 74: Loss = 98.8992, Accuracy = 59.20%
2025-07-29 23:04:09,016 - INFO - Epoch 75: Loss = 97.1170, Accuracy = 60.69%
2025-07-29 23:04:09,183 - INFO - Epoch 76: Loss = 97.1736, Accuracy = 60.30%
2025-07-29 23:04:09,349 - INFO - Epoch 77: Loss = 95.9791, Accuracy = 60.21%
2025-07-29 23:04:09,514 - INFO - Epoch 78: Loss = 94.8727, Accuracy = 60.91%
2025-07-29 23:04:09,680 - INFO - Epoch 79: Loss = 94.5458, Accuracy = 60.82%
2025-07-29 23:04:09,846 - INFO - Epoch 80: Loss = 93.5631, Accuracy = 61.79%
2025-07-29 23:04:10,012 - INFO - Epoch 81: Loss = 92.4857, Accuracy = 61.52%
2025-07-29 23:04:10,178 - INFO - Epoch 82: Loss = 91.7092, Accuracy = 62.05%
2025-07-29 23:04:10,344 - INFO - Epoch 83: Loss = 90.8767, Accuracy = 62.49%
2025-07-29 23:04:10,510 - INFO - Epoch 84: Loss = 88.8496, Accuracy = 63.10%
2025-07-29 23:04:10,676 - INFO - Epoch 85: Loss = 88.3162, Accuracy = 63.23%
2025-07-29 23:04:10,842 - INFO - Epoch 86: Loss = 87.2577, Accuracy = 64.50%
2025-07-29 23:04:11,008 - INFO - Epoch 87: Loss = 86.3449, Accuracy = 65.29%
2025-07-29 23:04:11,174 - INFO - Epoch 88: Loss = 85.7176, Accuracy = 64.72%
2025-07-29 23:04:11,344 - INFO - Epoch 89: Loss = 85.6370, Accuracy = 65.47%
2025-07-29 23:04:11,511 - INFO - Epoch 90: Loss = 83.9509, Accuracy = 65.95%
2025-07-29 23:04:11,677 - INFO - Epoch 91: Loss = 83.7235, Accuracy = 65.69%
2025-07-29 23:04:11,843 - INFO - Epoch 92: Loss = 81.9757, Accuracy = 65.99%
2025-07-29 23:04:12,009 - INFO - Epoch 93: Loss = 81.2198, Accuracy = 66.65%
2025-07-29 23:04:12,175 - INFO - Epoch 94: Loss = 81.5014, Accuracy = 66.43%
2025-07-29 23:04:12,342 - INFO - Epoch 95: Loss = 80.4105, Accuracy = 66.70%
2025-07-29 23:04:12,507 - INFO - Epoch 96: Loss = 78.5814, Accuracy = 67.92%
2025-07-29 23:04:12,673 - INFO - Epoch 97: Loss = 78.0104, Accuracy = 68.45%
2025-07-29 23:04:12,840 - INFO - Epoch 98: Loss = 78.1120, Accuracy = 68.23%
2025-07-29 23:04:13,006 - INFO - Epoch 99: Loss = 78.3837, Accuracy = 68.80%
2025-07-29 23:04:13,172 - INFO - Epoch 100: Loss = 76.3010, Accuracy = 69.06%
2025-07-29 23:04:13,338 - INFO - Epoch 101: Loss = 75.4964, Accuracy = 69.72%
2025-07-29 23:04:13,504 - INFO - Epoch 102: Loss = 75.4735, Accuracy = 68.93%
2025-07-29 23:04:13,670 - INFO - Epoch 103: Loss = 74.2544, Accuracy = 69.63%
2025-07-29 23:04:13,836 - INFO - Epoch 104: Loss = 73.7531, Accuracy = 69.63%
2025-07-29 23:04:14,002 - INFO - Epoch 105: Loss = 72.9275, Accuracy = 70.82%
2025-07-29 23:04:14,167 - INFO - Epoch 106: Loss = 71.7263, Accuracy = 70.90%
2025-07-29 23:04:14,333 - INFO - Epoch 107: Loss = 71.4870, Accuracy = 70.60%
2025-07-29 23:04:14,500 - INFO - Epoch 108: Loss = 70.4083, Accuracy = 70.73%
2025-07-29 23:04:14,665 - INFO - Epoch 109: Loss = 69.2031, Accuracy = 70.99%
2025-07-29 23:04:14,831 - INFO - Epoch 110: Loss = 68.6784, Accuracy = 71.95%
2025-07-29 23:04:14,997 - INFO - Epoch 111: Loss = 67.9612, Accuracy = 71.87%
2025-07-29 23:04:15,163 - INFO - Epoch 112: Loss = 67.7548, Accuracy = 71.56%
2025-07-29 23:04:15,329 - INFO - Epoch 113: Loss = 66.7572, Accuracy = 72.66%
2025-07-29 23:04:15,495 - INFO - Epoch 114: Loss = 66.5230, Accuracy = 72.48%
2025-07-29 23:04:15,661 - INFO - Epoch 115: Loss = 65.5041, Accuracy = 73.14%
2025-07-29 23:04:15,827 - INFO - Epoch 116: Loss = 64.1022, Accuracy = 72.79%
2025-07-29 23:04:15,993 - INFO - Epoch 117: Loss = 63.1497, Accuracy = 74.01%
2025-07-29 23:04:16,159 - INFO - Epoch 118: Loss = 63.2867, Accuracy = 73.31%
2025-07-29 23:04:16,325 - INFO - Epoch 119: Loss = 63.1179, Accuracy = 74.10%
2025-07-29 23:04:16,491 - INFO - Epoch 120: Loss = 61.5995, Accuracy = 74.15%
2025-07-29 23:04:16,657 - INFO - Epoch 121: Loss = 61.3563, Accuracy = 74.85%
2025-07-29 23:04:16,823 - INFO - Epoch 122: Loss = 61.0716, Accuracy = 75.02%
2025-07-29 23:04:16,989 - INFO - Epoch 123: Loss = 59.9541, Accuracy = 74.76%
2025-07-29 23:04:17,155 - INFO - Epoch 124: Loss = 60.4201, Accuracy = 74.54%
2025-07-29 23:04:17,321 - INFO - Epoch 125: Loss = 59.4277, Accuracy = 75.42%
2025-07-29 23:04:17,487 - INFO - Epoch 126: Loss = 58.8686, Accuracy = 74.76%
2025-07-29 23:04:17,653 - INFO - Epoch 127: Loss = 57.3952, Accuracy = 75.77%
2025-07-29 23:04:17,819 - INFO - Epoch 128: Loss = 56.4397, Accuracy = 76.34%
2025-07-29 23:04:17,984 - INFO - Epoch 129: Loss = 56.6754, Accuracy = 75.99%
2025-07-29 23:04:18,150 - INFO - Epoch 130: Loss = 55.9787, Accuracy = 76.21%
2025-07-29 23:04:18,316 - INFO - Epoch 131: Loss = 55.6256, Accuracy = 76.34%
2025-07-29 23:04:18,482 - INFO - Epoch 132: Loss = 54.8076, Accuracy = 76.73%
2025-07-29 23:04:18,647 - INFO - Epoch 133: Loss = 54.4223, Accuracy = 76.42%
2025-07-29 23:04:18,813 - INFO - Epoch 134: Loss = 53.5757, Accuracy = 76.86%
2025-07-29 23:04:18,979 - INFO - Epoch 135: Loss = 53.4062, Accuracy = 78.00%
2025-07-29 23:04:19,145 - INFO - Epoch 136: Loss = 53.2466, Accuracy = 77.65%
2025-07-29 23:04:19,311 - INFO - Epoch 137: Loss = 53.0463, Accuracy = 77.34%
2025-07-29 23:04:19,477 - INFO - Epoch 138: Loss = 51.7049, Accuracy = 78.97%
2025-07-29 23:04:19,642 - INFO - Epoch 139: Loss = 51.5404, Accuracy = 78.88%
2025-07-29 23:04:19,808 - INFO - Epoch 140: Loss = 50.4448, Accuracy = 79.14%
2025-07-29 23:04:19,974 - INFO - Epoch 141: Loss = 49.6210, Accuracy = 79.45%
2025-07-29 23:04:20,140 - INFO - Epoch 142: Loss = 49.0256, Accuracy = 78.75%
2025-07-29 23:04:20,306 - INFO - Epoch 143: Loss = 49.4058, Accuracy = 79.75%
2025-07-29 23:04:20,472 - INFO - Epoch 144: Loss = 48.7362, Accuracy = 79.45%
2025-07-29 23:04:20,637 - INFO - Epoch 145: Loss = 49.4936, Accuracy = 79.93%
2025-07-29 23:04:20,803 - INFO - Epoch 146: Loss = 47.7706, Accuracy = 79.80%
2025-07-29 23:04:20,969 - INFO - Epoch 147: Loss = 47.0482, Accuracy = 80.85%
2025-07-29 23:04:21,135 - INFO - Epoch 148: Loss = 47.3764, Accuracy = 80.24%
2025-07-29 23:04:21,301 - INFO - Epoch 149: Loss = 47.9386, Accuracy = 79.71%
2025-07-29 23:04:21,468 - INFO - Epoch 150: Loss = 45.2241, Accuracy = 80.94%
2025-07-29 23:04:21,634 - INFO - Epoch 151: Loss = 46.3302, Accuracy = 81.03%
2025-07-29 23:04:21,802 - INFO - Epoch 152: Loss = 45.8360, Accuracy = 80.94%
2025-07-29 23:04:21,968 - INFO - Epoch 153: Loss = 44.5517, Accuracy = 81.64%
2025-07-29 23:04:22,134 - INFO - Epoch 154: Loss = 44.8049, Accuracy = 81.60%
2025-07-29 23:04:22,300 - INFO - Epoch 155: Loss = 43.8291, Accuracy = 81.81%
2025-07-29 23:04:22,467 - INFO - Epoch 156: Loss = 43.2490, Accuracy = 81.90%
2025-07-29 23:04:22,633 - INFO - Epoch 157: Loss = 44.1189, Accuracy = 81.95%
2025-07-29 23:04:22,799 - INFO - Epoch 158: Loss = 41.7743, Accuracy = 82.91%
2025-07-29 23:04:22,965 - INFO - Epoch 159: Loss = 41.8252, Accuracy = 83.00%
2025-07-29 23:04:23,131 - INFO - Epoch 160: Loss = 42.5938, Accuracy = 83.04%
2025-07-29 23:04:23,297 - INFO - Epoch 161: Loss = 41.2099, Accuracy = 82.91%
2025-07-29 23:04:23,463 - INFO - Epoch 162: Loss = 42.3534, Accuracy = 82.56%
2025-07-29 23:04:23,630 - INFO - Epoch 163: Loss = 40.8199, Accuracy = 83.79%
2025-07-29 23:04:23,796 - INFO - Epoch 164: Loss = 40.3168, Accuracy = 84.14%
2025-07-29 23:04:23,962 - INFO - Epoch 165: Loss = 41.2498, Accuracy = 83.13%
2025-07-29 23:04:24,127 - INFO - Epoch 166: Loss = 41.0846, Accuracy = 83.04%
2025-07-29 23:04:24,293 - INFO - Epoch 167: Loss = 40.2469, Accuracy = 83.65%
2025-07-29 23:04:24,459 - INFO - Epoch 168: Loss = 39.8885, Accuracy = 83.65%
2025-07-29 23:04:24,625 - INFO - Epoch 169: Loss = 37.8878, Accuracy = 84.57%
2025-07-29 23:04:24,791 - INFO - Epoch 170: Loss = 37.7970, Accuracy = 85.28%
2025-07-29 23:04:24,957 - INFO - Epoch 171: Loss = 37.2051, Accuracy = 84.79%
2025-07-29 23:04:25,123 - INFO - Epoch 172: Loss = 38.1151, Accuracy = 84.62%
2025-07-29 23:04:25,289 - INFO - Epoch 173: Loss = 37.8297, Accuracy = 83.39%
2025-07-29 23:04:25,454 - INFO - Epoch 174: Loss = 36.7049, Accuracy = 85.01%
2025-07-29 23:04:25,620 - INFO - Epoch 175: Loss = 35.8209, Accuracy = 85.14%
2025-07-29 23:04:25,786 - INFO - Epoch 176: Loss = 35.6627, Accuracy = 85.58%
2025-07-29 23:04:25,952 - INFO - Epoch 177: Loss = 36.2322, Accuracy = 85.54%
2025-07-29 23:04:26,118 - INFO - Epoch 178: Loss = 34.7606, Accuracy = 86.68%
2025-07-29 23:04:26,284 - INFO - Epoch 179: Loss = 34.8029, Accuracy = 86.28%
2025-07-29 23:04:26,450 - INFO - Epoch 180: Loss = 34.4083, Accuracy = 86.24%
2025-07-29 23:04:26,616 - INFO - Epoch 181: Loss = 33.6742, Accuracy = 86.59%
2025-07-29 23:04:26,782 - INFO - Epoch 182: Loss = 33.2288, Accuracy = 86.81%
2025-07-29 23:04:26,948 - INFO - Epoch 183: Loss = 33.0102, Accuracy = 87.16%
2025-07-29 23:04:27,114 - INFO - Epoch 184: Loss = 33.3890, Accuracy = 86.72%
2025-07-29 23:04:27,280 - INFO - Epoch 185: Loss = 32.1583, Accuracy = 87.69%
2025-07-29 23:04:27,445 - INFO - Epoch 186: Loss = 31.9990, Accuracy = 87.25%
2025-07-29 23:04:27,611 - INFO - Epoch 187: Loss = 32.3616, Accuracy = 87.42%
2025-07-29 23:04:27,777 - INFO - Epoch 188: Loss = 33.1759, Accuracy = 87.12%
2025-07-29 23:04:27,943 - INFO - Epoch 189: Loss = 31.6315, Accuracy = 87.34%
2025-07-29 23:04:28,109 - INFO - Epoch 190: Loss = 31.8599, Accuracy = 87.55%
2025-07-29 23:04:28,275 - INFO - Epoch 191: Loss = 31.9927, Accuracy = 87.64%
2025-07-29 23:04:28,441 - INFO - Epoch 192: Loss = 31.3852, Accuracy = 87.47%
2025-07-29 23:04:28,607 - INFO - Epoch 193: Loss = 31.8694, Accuracy = 87.29%
2025-07-29 23:04:28,772 - INFO - Epoch 194: Loss = 28.9703, Accuracy = 88.96%
2025-07-29 23:04:28,938 - INFO - Epoch 195: Loss = 31.2331, Accuracy = 87.77%
2025-07-29 23:04:29,104 - INFO - Epoch 196: Loss = 31.0293, Accuracy = 87.99%
2025-07-29 23:04:29,270 - INFO - Epoch 197: Loss = 28.4626, Accuracy = 88.87%
2025-07-29 23:04:29,436 - INFO - Epoch 198: Loss = 29.4605, Accuracy = 89.40%
2025-07-29 23:04:29,602 - INFO - Epoch 199: Loss = 28.4665, Accuracy = 89.22%
2025-07-29 23:04:29,767 - INFO - Epoch 200: Loss = 28.7847, Accuracy = 88.74%
2025-07-29 23:04:29,933 - INFO - Epoch 201: Loss = 29.6384, Accuracy = 88.48%
2025-07-29 23:04:30,099 - INFO - Epoch 202: Loss = 28.4009, Accuracy = 89.35%
2025-07-29 23:04:30,264 - INFO - Epoch 203: Loss = 27.5075, Accuracy = 89.57%
2025-07-29 23:04:30,430 - INFO - Epoch 204: Loss = 27.6381, Accuracy = 89.13%
2025-07-29 23:04:30,596 - INFO - Epoch 205: Loss = 27.5483, Accuracy = 89.40%
2025-07-29 23:04:30,762 - INFO - Epoch 206: Loss = 28.0562, Accuracy = 88.87%
2025-07-29 23:04:30,928 - INFO - Epoch 207: Loss = 26.0144, Accuracy = 90.27%
2025-07-29 23:04:31,094 - INFO - Epoch 208: Loss = 25.6789, Accuracy = 90.40%
2025-07-29 23:04:31,260 - INFO - Epoch 209: Loss = 25.7653, Accuracy = 90.01%
2025-07-29 23:04:31,426 - INFO - Epoch 210: Loss = 26.5734, Accuracy = 89.53%
2025-07-29 23:04:31,594 - INFO - Epoch 211: Loss = 25.8333, Accuracy = 90.36%
2025-07-29 23:04:31,760 - INFO - Epoch 212: Loss = 23.9018, Accuracy = 91.37%
2025-07-29 23:04:31,926 - INFO - Epoch 213: Loss = 24.8090, Accuracy = 90.36%
2025-07-29 23:04:32,092 - INFO - Epoch 214: Loss = 26.9566, Accuracy = 89.26%
2025-07-29 23:04:32,258 - INFO - Epoch 215: Loss = 23.7782, Accuracy = 91.02%
2025-07-29 23:04:32,424 - INFO - Epoch 216: Loss = 25.5684, Accuracy = 89.96%
2025-07-29 23:04:32,590 - INFO - Epoch 217: Loss = 25.4726, Accuracy = 90.53%
2025-07-29 23:04:32,756 - INFO - Epoch 218: Loss = 25.1246, Accuracy = 90.27%
2025-07-29 23:04:32,922 - INFO - Epoch 219: Loss = 25.7674, Accuracy = 90.32%
2025-07-29 23:04:33,088 - INFO - Epoch 220: Loss = 24.6369, Accuracy = 90.23%
2025-07-29 23:04:33,254 - INFO - Epoch 221: Loss = 22.8237, Accuracy = 91.10%
2025-07-29 23:04:33,420 - INFO - Epoch 222: Loss = 22.8976, Accuracy = 90.75%
2025-07-29 23:04:33,585 - INFO - Epoch 223: Loss = 23.2689, Accuracy = 90.62%
2025-07-29 23:04:33,751 - INFO - Epoch 224: Loss = 23.3173, Accuracy = 90.71%
2025-07-29 23:04:33,917 - INFO - Epoch 225: Loss = 21.9114, Accuracy = 92.38%
2025-07-29 23:04:34,083 - INFO - Epoch 226: Loss = 21.8783, Accuracy = 91.94%
2025-07-29 23:04:34,248 - INFO - Epoch 227: Loss = 23.6698, Accuracy = 90.62%
2025-07-29 23:04:34,414 - INFO - Epoch 228: Loss = 22.9677, Accuracy = 91.06%
2025-07-29 23:04:34,580 - INFO - Epoch 229: Loss = 21.9093, Accuracy = 91.41%
2025-07-29 23:04:34,746 - INFO - Epoch 230: Loss = 21.9896, Accuracy = 91.72%
2025-07-29 23:04:34,911 - INFO - Epoch 231: Loss = 21.6153, Accuracy = 92.20%
2025-07-29 23:04:35,077 - INFO - Epoch 232: Loss = 20.7157, Accuracy = 92.46%
2025-07-29 23:04:35,243 - INFO - Epoch 233: Loss = 20.3269, Accuracy = 92.73%
2025-07-29 23:04:35,409 - INFO - Epoch 234: Loss = 20.4460, Accuracy = 92.02%
2025-07-29 23:04:35,575 - INFO - Epoch 235: Loss = 20.9347, Accuracy = 92.55%
2025-07-29 23:04:35,740 - INFO - Epoch 236: Loss = 20.5856, Accuracy = 92.20%
2025-07-29 23:04:35,906 - INFO - Epoch 237: Loss = 21.3528, Accuracy = 91.19%
2025-07-29 23:04:36,072 - INFO - Epoch 238: Loss = 21.5388, Accuracy = 92.11%
2025-07-29 23:04:36,238 - INFO - Epoch 239: Loss = 19.1215, Accuracy = 93.38%
2025-07-29 23:04:36,403 - INFO - Epoch 240: Loss = 20.4821, Accuracy = 92.77%
2025-07-29 23:04:36,569 - INFO - Epoch 241: Loss = 21.0090, Accuracy = 93.12%
2025-07-29 23:04:36,735 - INFO - Epoch 242: Loss = 19.2669, Accuracy = 92.99%
2025-07-29 23:04:36,900 - INFO - Epoch 243: Loss = 19.4210, Accuracy = 93.03%
2025-07-29 23:04:37,066 - INFO - Epoch 244: Loss = 19.7329, Accuracy = 92.59%
2025-07-29 23:04:37,232 - INFO - Epoch 245: Loss = 18.4029, Accuracy = 93.78%
2025-07-29 23:04:37,398 - INFO - Epoch 246: Loss = 18.5204, Accuracy = 93.82%
2025-07-29 23:04:37,563 - INFO - Epoch 247: Loss = 17.5286, Accuracy = 94.08%
2025-07-29 23:04:37,730 - INFO - Epoch 248: Loss = 19.9537, Accuracy = 93.03%
2025-07-29 23:04:37,895 - INFO - Epoch 249: Loss = 18.6030, Accuracy = 93.91%
2025-07-29 23:04:38,061 - INFO - Epoch 250: Loss = 18.5106, Accuracy = 93.73%
2025-07-29 23:04:38,227 - INFO - Epoch 251: Loss = 17.3022, Accuracy = 94.22%
2025-07-29 23:04:38,393 - INFO - Epoch 252: Loss = 18.0755, Accuracy = 93.47%
2025-07-29 23:04:38,559 - INFO - Epoch 253: Loss = 16.9943, Accuracy = 94.00%
2025-07-29 23:04:38,725 - INFO - Epoch 254: Loss = 18.4733, Accuracy = 93.82%
2025-07-29 23:04:38,891 - INFO - Epoch 255: Loss = 17.9215, Accuracy = 93.65%
2025-07-29 23:04:39,057 - INFO - Epoch 256: Loss = 17.5461, Accuracy = 93.95%
2025-07-29 23:04:39,059 - INFO - [Gradient Period 50 Run 9] Training time: 43.63s
2025-07-29 23:04:39,695 - INFO - ✅ Regular Evaluation Accuracy: 45.45%
2025-07-29 23:04:39,737 - INFO - ✅ Regular Evaluation Top-5 Accuracy: 83.37%
2025-07-29 23:04:39,767 - INFO - ✅ Regular Evaluation Accuracy: 30.58%
2025-07-29 23:04:39,779 - INFO - ✅ Regular Evaluation Top-5 Accuracy: 71.07%
2025-07-29 23:04:40,265 - INFO - ✅ Regular Evaluation Accuracy: 10.53%
2025-07-29 23:04:40,275 - INFO - ✅ Regular Evaluation Top-5 Accuracy: 25.26%
2025-07-29 23:04:40,275 - INFO - Nuts
2025-07-29 23:04:40,702 - INFO - ✅ Regular Evaluation Accuracy: 38.54%
2025-07-29 23:04:40,712 - INFO - ✅ Regular Evaluation Top-5 Accuracy: 81.25%
2025-07-29 23:04:40,712 - INFO - Spices
2025-07-29 23:04:41,128 - INFO - ✅ Regular Evaluation Accuracy: 48.86%
2025-07-29 23:04:41,137 - INFO - ✅ Regular Evaluation Top-5 Accuracy: 79.55%
2025-07-29 23:04:41,137 - INFO - Herbs
2025-07-29 23:04:41,559 - INFO - ✅ Regular Evaluation Accuracy: 34.09%
2025-07-29 23:04:41,569 - INFO - ✅ Regular Evaluation Top-5 Accuracy: 72.73%
2025-07-29 23:04:41,569 - INFO - Fruits
2025-07-29 23:04:41,993 - INFO - ✅ Regular Evaluation Accuracy: 43.82%
2025-07-29 23:04:42,002 - INFO - ✅ Regular Evaluation Top-5 Accuracy: 91.01%
2025-07-29 23:04:42,002 - INFO - Vegetables
2025-07-29 23:04:42,431 - INFO - ✅ Regular Evaluation Accuracy: 62.22%
2025-07-29 23:04:42,440 - INFO - ✅ Regular Evaluation Top-5 Accuracy: 92.22%
2025-07-29 23:04:42,441 - INFO - [Gradient Period 50 Run 10] Starting
2025-07-29 23:04:43,552 - INFO - Training on device: cuda
2025-07-29 23:04:43,717 - INFO - Epoch 01: Loss = 280.2836, Accuracy = 3.81%
2025-07-29 23:04:43,881 - INFO - Epoch 02: Loss = 276.1087, Accuracy = 6.88%
2025-07-29 23:04:44,045 - INFO - Epoch 03: Loss = 269.0869, Accuracy = 8.46%
2025-07-29 23:04:44,208 - INFO - Epoch 04: Loss = 257.9088, Accuracy = 10.04%
2025-07-29 23:04:44,372 - INFO - Epoch 05: Loss = 246.6351, Accuracy = 11.04%
2025-07-29 23:04:44,536 - INFO - Epoch 06: Loss = 236.5432, Accuracy = 13.54%
2025-07-29 23:04:44,699 - INFO - Epoch 07: Loss = 226.7104, Accuracy = 16.56%
2025-07-29 23:04:44,863 - INFO - Epoch 08: Loss = 218.0669, Accuracy = 18.32%
2025-07-29 23:04:45,027 - INFO - Epoch 09: Loss = 211.5241, Accuracy = 19.41%
2025-07-29 23:04:45,191 - INFO - Epoch 10: Loss = 206.0826, Accuracy = 21.30%
2025-07-29 23:04:45,354 - INFO - Epoch 11: Loss = 200.8178, Accuracy = 22.74%
2025-07-29 23:04:45,518 - INFO - Epoch 12: Loss = 197.1186, Accuracy = 24.19%
2025-07-29 23:04:45,681 - INFO - Epoch 13: Loss = 193.5019, Accuracy = 25.77%
2025-07-29 23:04:45,845 - INFO - Epoch 14: Loss = 189.5789, Accuracy = 26.29%
2025-07-29 23:04:46,009 - INFO - Epoch 15: Loss = 186.8694, Accuracy = 27.83%
2025-07-29 23:04:46,172 - INFO - Epoch 16: Loss = 183.9985, Accuracy = 28.53%
2025-07-29 23:04:46,336 - INFO - Epoch 17: Loss = 180.8052, Accuracy = 29.05%
2025-07-29 23:04:46,499 - INFO - Epoch 18: Loss = 177.9366, Accuracy = 30.28%
2025-07-29 23:04:46,663 - INFO - Epoch 19: Loss = 175.7072, Accuracy = 30.28%
2025-07-29 23:04:46,826 - INFO - Epoch 20: Loss = 172.9917, Accuracy = 31.24%
2025-07-29 23:04:46,990 - INFO - Epoch 21: Loss = 170.7373, Accuracy = 31.64%
2025-07-29 23:04:47,153 - INFO - Epoch 22: Loss = 168.3123, Accuracy = 32.16%
2025-07-29 23:04:47,317 - INFO - Epoch 23: Loss = 166.3905, Accuracy = 33.74%
2025-07-29 23:04:47,480 - INFO - Epoch 24: Loss = 163.3639, Accuracy = 34.09%
2025-07-29 23:04:47,644 - INFO - Epoch 25: Loss = 161.6143, Accuracy = 35.41%
2025-07-29 23:04:47,808 - INFO - Epoch 26: Loss = 160.1273, Accuracy = 35.67%
2025-07-29 23:04:47,971 - INFO - Epoch 27: Loss = 158.1077, Accuracy = 37.29%
2025-07-29 23:04:48,135 - INFO - Epoch 28: Loss = 156.3520, Accuracy = 38.30%
2025-07-29 23:04:48,298 - INFO - Epoch 29: Loss = 154.4254, Accuracy = 38.39%
2025-07-29 23:04:48,462 - INFO - Epoch 30: Loss = 152.5959, Accuracy = 39.00%
2025-07-29 23:04:48,625 - INFO - Epoch 31: Loss = 150.6333, Accuracy = 39.66%
2025-07-29 23:04:48,789 - INFO - Epoch 32: Loss = 148.9216, Accuracy = 40.58%
2025-07-29 23:04:48,953 - INFO - Epoch 33: Loss = 147.8234, Accuracy = 40.32%
2025-07-29 23:04:49,116 - INFO - Epoch 34: Loss = 145.1559, Accuracy = 41.15%
2025-07-29 23:04:49,280 - INFO - Epoch 35: Loss = 143.5977, Accuracy = 42.24%
2025-07-29 23:04:49,444 - INFO - Epoch 36: Loss = 142.1189, Accuracy = 42.73%
2025-07-29 23:04:49,607 - INFO - Epoch 37: Loss = 140.7036, Accuracy = 43.60%
2025-07-29 23:04:49,770 - INFO - Epoch 38: Loss = 139.5505, Accuracy = 43.91%
2025-07-29 23:04:49,934 - INFO - Epoch 39: Loss = 137.3082, Accuracy = 44.35%
2025-07-29 23:04:50,097 - INFO - Epoch 40: Loss = 136.1428, Accuracy = 45.09%
2025-07-29 23:04:50,261 - INFO - Epoch 41: Loss = 134.4311, Accuracy = 45.27%
2025-07-29 23:04:50,425 - INFO - Epoch 42: Loss = 133.3546, Accuracy = 45.44%
2025-07-29 23:04:50,588 - INFO - Epoch 43: Loss = 131.3445, Accuracy = 46.80%
2025-07-29 23:04:50,751 - INFO - Epoch 44: Loss = 131.0169, Accuracy = 46.23%
2025-07-29 23:04:50,915 - INFO - Epoch 45: Loss = 128.6784, Accuracy = 46.93%
2025-07-29 23:04:51,078 - INFO - Epoch 46: Loss = 128.3102, Accuracy = 47.20%
2025-07-29 23:04:51,242 - INFO - Epoch 47: Loss = 127.0956, Accuracy = 47.11%
2025-07-29 23:04:51,406 - INFO - Epoch 48: Loss = 125.0177, Accuracy = 48.60%
2025-07-29 23:04:51,569 - INFO - Epoch 49: Loss = 123.8269, Accuracy = 48.07%
2025-07-29 23:04:51,732 - INFO - Epoch 50: Loss = 123.2337, Accuracy = 48.82%
2025-07-29 23:04:51,896 - INFO - Epoch 51: Loss = 122.0451, Accuracy = 49.74%
2025-07-29 23:04:52,059 - INFO - Epoch 52: Loss = 120.8373, Accuracy = 49.61%
2025-07-29 23:04:52,223 - INFO - Epoch 53: Loss = 119.1854, Accuracy = 49.43%
2025-07-29 23:04:52,386 - INFO - Epoch 54: Loss = 118.1505, Accuracy = 50.09%
2025-07-29 23:04:52,550 - INFO - Epoch 55: Loss = 116.7559, Accuracy = 52.10%
2025-07-29 23:04:52,714 - INFO - Epoch 56: Loss = 115.5183, Accuracy = 51.93%
2025-07-29 23:04:52,877 - INFO - Epoch 57: Loss = 114.4674, Accuracy = 52.54%
2025-07-29 23:04:53,041 - INFO - Epoch 58: Loss = 113.3507, Accuracy = 53.77%
2025-07-29 23:04:53,204 - INFO - Epoch 59: Loss = 111.5971, Accuracy = 52.89%
2025-07-29 23:04:53,368 - INFO - Epoch 60: Loss = 111.7304, Accuracy = 54.29%
2025-07-29 23:04:53,532 - INFO - Epoch 61: Loss = 110.5853, Accuracy = 53.90%
2025-07-29 23:04:53,696 - INFO - Epoch 62: Loss = 109.2012, Accuracy = 55.13%
2025-07-29 23:04:53,861 - INFO - Epoch 63: Loss = 107.4629, Accuracy = 55.57%
2025-07-29 23:04:54,025 - INFO - Epoch 64: Loss = 106.7799, Accuracy = 55.57%
2025-07-29 23:04:54,188 - INFO - Epoch 65: Loss = 106.7041, Accuracy = 56.79%
2025-07-29 23:04:54,352 - INFO - Epoch 66: Loss = 105.6148, Accuracy = 55.87%
2025-07-29 23:04:54,515 - INFO - Epoch 67: Loss = 104.5208, Accuracy = 56.27%
2025-07-29 23:04:54,679 - INFO - Epoch 68: Loss = 103.4050, Accuracy = 57.45%
2025-07-29 23:04:54,843 - INFO - Epoch 69: Loss = 103.0820, Accuracy = 57.49%
2025-07-29 23:04:55,006 - INFO - Epoch 70: Loss = 101.0658, Accuracy = 58.37%
2025-07-29 23:04:55,170 - INFO - Epoch 71: Loss = 99.9618, Accuracy = 59.03%
2025-07-29 23:04:55,334 - INFO - Epoch 72: Loss = 99.1646, Accuracy = 59.68%
2025-07-29 23:04:55,497 - INFO - Epoch 73: Loss = 98.2746, Accuracy = 59.82%
2025-07-29 23:04:55,661 - INFO - Epoch 74: Loss = 96.8052, Accuracy = 59.77%
2025-07-29 23:04:55,824 - INFO - Epoch 75: Loss = 95.5561, Accuracy = 60.34%
2025-07-29 23:04:55,988 - INFO - Epoch 76: Loss = 94.8566, Accuracy = 60.78%
2025-07-29 23:04:56,151 - INFO - Epoch 77: Loss = 93.8859, Accuracy = 60.74%
2025-07-29 23:04:56,315 - INFO - Epoch 78: Loss = 93.8468, Accuracy = 61.39%
2025-07-29 23:04:56,479 - INFO - Epoch 79: Loss = 92.1332, Accuracy = 61.57%
2025-07-29 23:04:56,643 - INFO - Epoch 80: Loss = 91.4456, Accuracy = 61.70%
2025-07-29 23:04:56,806 - INFO - Epoch 81: Loss = 90.2617, Accuracy = 62.93%
2025-07-29 23:04:56,970 - INFO - Epoch 82: Loss = 89.8591, Accuracy = 62.18%
2025-07-29 23:04:57,133 - INFO - Epoch 83: Loss = 89.2298, Accuracy = 62.75%
2025-07-29 23:04:57,297 - INFO - Epoch 84: Loss = 88.2036, Accuracy = 62.88%
2025-07-29 23:04:57,460 - INFO - Epoch 85: Loss = 87.4963, Accuracy = 62.14%
2025-07-29 23:04:57,624 - INFO - Epoch 86: Loss = 86.3985, Accuracy = 62.93%
2025-07-29 23:04:57,788 - INFO - Epoch 87: Loss = 86.2593, Accuracy = 63.54%
2025-07-29 23:04:57,951 - INFO - Epoch 88: Loss = 84.9182, Accuracy = 64.15%
2025-07-29 23:04:58,115 - INFO - Epoch 89: Loss = 84.5468, Accuracy = 64.50%
2025-07-29 23:04:58,279 - INFO - Epoch 90: Loss = 83.8546, Accuracy = 64.86%
2025-07-29 23:04:58,442 - INFO - Epoch 91: Loss = 82.8089, Accuracy = 65.29%
2025-07-29 23:04:58,605 - INFO - Epoch 92: Loss = 81.2222, Accuracy = 66.08%
2025-07-29 23:04:58,769 - INFO - Epoch 93: Loss = 81.1455, Accuracy = 65.51%
2025-07-29 23:04:58,932 - INFO - Epoch 94: Loss = 81.1721, Accuracy = 64.90%
2025-07-29 23:04:59,096 - INFO - Epoch 95: Loss = 79.8518, Accuracy = 65.95%
2025-07-29 23:04:59,260 - INFO - Epoch 96: Loss = 79.0281, Accuracy = 66.43%
2025-07-29 23:04:59,423 - INFO - Epoch 97: Loss = 78.0359, Accuracy = 66.56%
2025-07-29 23:04:59,587 - INFO - Epoch 98: Loss = 77.2283, Accuracy = 67.05%
2025-07-29 23:04:59,750 - INFO - Epoch 99: Loss = 76.6851, Accuracy = 67.40%
2025-07-29 23:04:59,914 - INFO - Epoch 100: Loss = 75.7640, Accuracy = 67.97%
2025-07-29 23:05:00,077 - INFO - Epoch 101: Loss = 74.8541, Accuracy = 67.97%
2025-07-29 23:05:00,241 - INFO - Epoch 102: Loss = 74.0298, Accuracy = 68.58%
2025-07-29 23:05:00,405 - INFO - Epoch 103: Loss = 73.4174, Accuracy = 68.01%
2025-07-29 23:05:00,568 - INFO - Epoch 104: Loss = 72.2343, Accuracy = 69.37%
2025-07-29 23:05:00,731 - INFO - Epoch 105: Loss = 71.7987, Accuracy = 69.50%
2025-07-29 23:05:00,895 - INFO - Epoch 106: Loss = 70.8226, Accuracy = 68.93%
2025-07-29 23:05:01,058 - INFO - Epoch 107: Loss = 70.5786, Accuracy = 69.59%
2025-07-29 23:05:01,222 - INFO - Epoch 108: Loss = 69.9019, Accuracy = 69.24%
2025-07-29 23:05:01,386 - INFO - Epoch 109: Loss = 68.4941, Accuracy = 70.51%
2025-07-29 23:05:01,550 - INFO - Epoch 110: Loss = 69.6069, Accuracy = 69.94%
2025-07-29 23:05:01,713 - INFO - Epoch 111: Loss = 68.4236, Accuracy = 71.17%
2025-07-29 23:05:01,877 - INFO - Epoch 112: Loss = 67.1994, Accuracy = 70.82%
2025-07-29 23:05:02,040 - INFO - Epoch 113: Loss = 67.0907, Accuracy = 70.95%
2025-07-29 23:05:02,203 - INFO - Epoch 114: Loss = 66.3082, Accuracy = 71.43%
2025-07-29 23:05:02,367 - INFO - Epoch 115: Loss = 65.0720, Accuracy = 71.52%
2025-07-29 23:05:02,531 - INFO - Epoch 116: Loss = 64.4257, Accuracy = 71.65%
2025-07-29 23:05:02,695 - INFO - Epoch 117: Loss = 64.3472, Accuracy = 72.13%
2025-07-29 23:05:02,858 - INFO - Epoch 118: Loss = 63.8683, Accuracy = 72.66%
2025-07-29 23:05:03,022 - INFO - Epoch 119: Loss = 63.6854, Accuracy = 72.66%
2025-07-29 23:05:03,185 - INFO - Epoch 120: Loss = 62.2313, Accuracy = 73.23%
2025-07-29 23:05:03,349 - INFO - Epoch 121: Loss = 61.4195, Accuracy = 73.79%
2025-07-29 23:05:03,513 - INFO - Epoch 122: Loss = 60.6989, Accuracy = 73.75%
2025-07-29 23:05:03,677 - INFO - Epoch 123: Loss = 60.3029, Accuracy = 74.50%
2025-07-29 23:05:03,841 - INFO - Epoch 124: Loss = 59.8190, Accuracy = 73.75%
2025-07-29 23:05:04,005 - INFO - Epoch 125: Loss = 59.6677, Accuracy = 74.19%
2025-07-29 23:05:04,169 - INFO - Epoch 126: Loss = 59.7035, Accuracy = 74.63%
2025-07-29 23:05:04,332 - INFO - Epoch 127: Loss = 59.0741, Accuracy = 74.32%
2025-07-29 23:05:04,496 - INFO - Epoch 128: Loss = 58.8057, Accuracy = 75.33%
2025-07-29 23:05:04,659 - INFO - Epoch 129: Loss = 58.5133, Accuracy = 75.20%
2025-07-29 23:05:04,823 - INFO - Epoch 130: Loss = 58.3162, Accuracy = 75.24%
2025-07-29 23:05:04,987 - INFO - Epoch 131: Loss = 57.2064, Accuracy = 75.20%
2025-07-29 23:05:05,150 - INFO - Epoch 132: Loss = 56.4506, Accuracy = 75.50%
2025-07-29 23:05:05,314 - INFO - Epoch 133: Loss = 55.5085, Accuracy = 75.72%
2025-07-29 23:05:05,477 - INFO - Epoch 134: Loss = 55.9171, Accuracy = 75.42%
2025-07-29 23:05:05,641 - INFO - Epoch 135: Loss = 55.9713, Accuracy = 75.24%
2025-07-29 23:05:05,805 - INFO - Epoch 136: Loss = 54.3836, Accuracy = 77.17%
2025-07-29 23:05:05,969 - INFO - Epoch 137: Loss = 54.0266, Accuracy = 77.04%
2025-07-29 23:05:06,132 - INFO - Epoch 138: Loss = 52.6529, Accuracy = 76.82%
2025-07-29 23:05:06,296 - INFO - Epoch 139: Loss = 52.3866, Accuracy = 78.13%
2025-07-29 23:05:06,459 - INFO - Epoch 140: Loss = 52.9720, Accuracy = 76.95%
2025-07-29 23:05:06,623 - INFO - Epoch 141: Loss = 51.6986, Accuracy = 77.87%
2025-07-29 23:05:06,786 - INFO - Epoch 142: Loss = 51.7458, Accuracy = 77.74%
2025-07-29 23:05:06,949 - INFO - Epoch 143: Loss = 52.4582, Accuracy = 76.69%
2025-07-29 23:05:07,112 - INFO - Epoch 144: Loss = 51.1655, Accuracy = 77.65%
2025-07-29 23:05:07,276 - INFO - Epoch 145: Loss = 51.2662, Accuracy = 77.21%
2025-07-29 23:05:07,439 - INFO - Epoch 146: Loss = 49.5542, Accuracy = 78.13%
2025-07-29 23:05:07,602 - INFO - Epoch 147: Loss = 49.8740, Accuracy = 78.35%
2025-07-29 23:05:07,765 - INFO - Epoch 148: Loss = 48.9745, Accuracy = 79.27%
2025-07-29 23:05:07,929 - INFO - Epoch 149: Loss = 48.7686, Accuracy = 79.05%
2025-07-29 23:05:08,092 - INFO - Epoch 150: Loss = 48.8731, Accuracy = 79.54%
2025-07-29 23:05:08,255 - INFO - Epoch 151: Loss = 47.9013, Accuracy = 79.93%
2025-07-29 23:05:08,418 - INFO - Epoch 152: Loss = 47.2682, Accuracy = 80.19%
2025-07-29 23:05:08,581 - INFO - Epoch 153: Loss = 48.0600, Accuracy = 78.92%
2025-07-29 23:05:08,744 - INFO - Epoch 154: Loss = 46.3312, Accuracy = 80.24%
2025-07-29 23:05:08,908 - INFO - Epoch 155: Loss = 45.6258, Accuracy = 80.85%
2025-07-29 23:05:09,071 - INFO - Epoch 156: Loss = 46.0288, Accuracy = 80.85%
2025-07-29 23:05:09,234 - INFO - Epoch 157: Loss = 46.0760, Accuracy = 80.76%
2025-07-29 23:05:09,398 - INFO - Epoch 158: Loss = 45.6164, Accuracy = 80.32%
2025-07-29 23:05:09,561 - INFO - Epoch 159: Loss = 44.7642, Accuracy = 81.64%
2025-07-29 23:05:09,724 - INFO - Epoch 160: Loss = 44.5857, Accuracy = 80.54%
2025-07-29 23:05:09,888 - INFO - Epoch 161: Loss = 44.2603, Accuracy = 81.55%
2025-07-29 23:05:10,051 - INFO - Epoch 162: Loss = 43.5067, Accuracy = 81.33%
2025-07-29 23:05:10,214 - INFO - Epoch 163: Loss = 43.5083, Accuracy = 81.42%
2025-07-29 23:05:10,378 - INFO - Epoch 164: Loss = 43.1688, Accuracy = 81.81%
2025-07-29 23:05:10,541 - INFO - Epoch 165: Loss = 42.4779, Accuracy = 81.95%
2025-07-29 23:05:10,704 - INFO - Epoch 166: Loss = 43.0779, Accuracy = 81.81%
2025-07-29 23:05:10,868 - INFO - Epoch 167: Loss = 43.0727, Accuracy = 81.86%
2025-07-29 23:05:11,031 - INFO - Epoch 168: Loss = 41.6755, Accuracy = 82.69%
2025-07-29 23:05:11,194 - INFO - Epoch 169: Loss = 41.0094, Accuracy = 82.47%
2025-07-29 23:05:11,357 - INFO - Epoch 170: Loss = 41.4902, Accuracy = 82.73%
2025-07-29 23:05:11,521 - INFO - Epoch 171: Loss = 40.9146, Accuracy = 82.43%
2025-07-29 23:05:11,684 - INFO - Epoch 172: Loss = 40.3416, Accuracy = 83.26%
2025-07-29 23:05:11,847 - INFO - Epoch 173: Loss = 40.2572, Accuracy = 82.38%
2025-07-29 23:05:12,010 - INFO - Epoch 174: Loss = 40.5706, Accuracy = 83.17%
2025-07-29 23:05:12,173 - INFO - Epoch 175: Loss = 39.4285, Accuracy = 83.22%
2025-07-29 23:05:12,337 - INFO - Epoch 176: Loss = 38.9730, Accuracy = 83.57%
2025-07-29 23:05:12,500 - INFO - Epoch 177: Loss = 38.9588, Accuracy = 83.22%
2025-07-29 23:05:12,663 - INFO - Epoch 178: Loss = 38.9931, Accuracy = 83.87%
2025-07-29 23:05:12,826 - INFO - Epoch 179: Loss = 38.5141, Accuracy = 84.09%
2025-07-29 23:05:12,989 - INFO - Epoch 180: Loss = 36.4969, Accuracy = 84.62%
2025-07-29 23:05:13,153 - INFO - Epoch 181: Loss = 36.4539, Accuracy = 85.23%
2025-07-29 23:05:13,316 - INFO - Epoch 182: Loss = 38.3898, Accuracy = 83.92%
2025-07-29 23:05:13,479 - INFO - Epoch 183: Loss = 36.5973, Accuracy = 84.66%
2025-07-29 23:05:13,642 - INFO - Epoch 184: Loss = 37.7336, Accuracy = 84.36%
2025-07-29 23:05:13,808 - INFO - Epoch 185: Loss = 36.2439, Accuracy = 84.49%
2025-07-29 23:05:13,971 - INFO - Epoch 186: Loss = 35.0252, Accuracy = 85.32%
2025-07-29 23:05:14,135 - INFO - Epoch 187: Loss = 34.7211, Accuracy = 85.32%
2025-07-29 23:05:14,298 - INFO - Epoch 188: Loss = 35.6080, Accuracy = 85.41%
2025-07-29 23:05:14,462 - INFO - Epoch 189: Loss = 34.8533, Accuracy = 85.85%
2025-07-29 23:05:14,625 - INFO - Epoch 190: Loss = 34.0651, Accuracy = 85.89%
2025-07-29 23:05:14,788 - INFO - Epoch 191: Loss = 34.2943, Accuracy = 85.45%
2025-07-29 23:05:14,951 - INFO - Epoch 192: Loss = 34.4812, Accuracy = 85.23%
2025-07-29 23:05:15,114 - INFO - Epoch 193: Loss = 34.7172, Accuracy = 85.41%
2025-07-29 23:05:15,278 - INFO - Epoch 194: Loss = 33.2456, Accuracy = 86.24%
2025-07-29 23:05:15,441 - INFO - Epoch 195: Loss = 32.7926, Accuracy = 86.99%
2025-07-29 23:05:15,604 - INFO - Epoch 196: Loss = 31.8527, Accuracy = 86.77%
2025-07-29 23:05:15,768 - INFO - Epoch 197: Loss = 33.3891, Accuracy = 86.28%
2025-07-29 23:05:15,931 - INFO - Epoch 198: Loss = 32.2311, Accuracy = 86.20%
2025-07-29 23:05:16,094 - INFO - Epoch 199: Loss = 31.5413, Accuracy = 87.25%
2025-07-29 23:05:16,257 - INFO - Epoch 200: Loss = 32.0508, Accuracy = 87.60%
2025-07-29 23:05:16,421 - INFO - Epoch 201: Loss = 31.2568, Accuracy = 86.99%
2025-07-29 23:05:16,584 - INFO - Epoch 202: Loss = 30.8532, Accuracy = 87.34%
2025-07-29 23:05:16,747 - INFO - Epoch 203: Loss = 30.6913, Accuracy = 87.34%
2025-07-29 23:05:16,911 - INFO - Epoch 204: Loss = 30.0987, Accuracy = 87.95%
2025-07-29 23:05:17,074 - INFO - Epoch 205: Loss = 29.3933, Accuracy = 88.34%
2025-07-29 23:05:17,237 - INFO - Epoch 206: Loss = 28.8642, Accuracy = 88.91%
2025-07-29 23:05:17,400 - INFO - Epoch 207: Loss = 28.8288, Accuracy = 88.65%
2025-07-29 23:05:17,564 - INFO - Epoch 208: Loss = 29.1961, Accuracy = 88.56%
2025-07-29 23:05:17,727 - INFO - Epoch 209: Loss = 28.5650, Accuracy = 88.78%
2025-07-29 23:05:17,890 - INFO - Epoch 210: Loss = 27.9313, Accuracy = 89.13%
2025-07-29 23:05:18,053 - INFO - Epoch 211: Loss = 30.4516, Accuracy = 87.42%
2025-07-29 23:05:18,216 - INFO - Epoch 212: Loss = 27.6764, Accuracy = 88.61%
2025-07-29 23:05:18,380 - INFO - Epoch 213: Loss = 27.6123, Accuracy = 89.57%
2025-07-29 23:05:18,543 - INFO - Epoch 214: Loss = 26.8201, Accuracy = 90.45%
2025-07-29 23:05:18,706 - INFO - Epoch 215: Loss = 27.3135, Accuracy = 89.79%
2025-07-29 23:05:18,870 - INFO - Epoch 216: Loss = 27.6141, Accuracy = 89.09%
2025-07-29 23:05:19,033 - INFO - Epoch 217: Loss = 26.2903, Accuracy = 89.75%
2025-07-29 23:05:19,196 - INFO - Epoch 218: Loss = 26.4302, Accuracy = 89.79%
2025-07-29 23:05:19,359 - INFO - Epoch 219: Loss = 26.2008, Accuracy = 90.01%
2025-07-29 23:05:19,523 - INFO - Epoch 220: Loss = 25.8342, Accuracy = 89.48%
2025-07-29 23:05:19,686 - INFO - Epoch 221: Loss = 25.3512, Accuracy = 90.18%
2025-07-29 23:05:19,849 - INFO - Epoch 222: Loss = 25.1981, Accuracy = 90.49%
2025-07-29 23:05:20,013 - INFO - Epoch 223: Loss = 25.9384, Accuracy = 89.48%
2025-07-29 23:05:20,176 - INFO - Epoch 224: Loss = 24.3933, Accuracy = 91.15%
2025-07-29 23:05:20,340 - INFO - Epoch 225: Loss = 25.3102, Accuracy = 90.27%
2025-07-29 23:05:20,503 - INFO - Epoch 226: Loss = 25.9642, Accuracy = 90.14%
2025-07-29 23:05:20,666 - INFO - Epoch 227: Loss = 24.8807, Accuracy = 90.93%
2025-07-29 23:05:20,829 - INFO - Epoch 228: Loss = 23.7310, Accuracy = 91.41%
2025-07-29 23:05:20,993 - INFO - Epoch 229: Loss = 24.1833, Accuracy = 90.89%
2025-07-29 23:05:21,156 - INFO - Epoch 230: Loss = 24.0762, Accuracy = 91.24%
2025-07-29 23:05:21,319 - INFO - Epoch 231: Loss = 25.4974, Accuracy = 90.36%
2025-07-29 23:05:21,482 - INFO - Epoch 232: Loss = 24.0058, Accuracy = 90.62%
2025-07-29 23:05:21,646 - INFO - Epoch 233: Loss = 23.0936, Accuracy = 91.28%
2025-07-29 23:05:21,809 - INFO - Epoch 234: Loss = 23.9002, Accuracy = 90.75%
2025-07-29 23:05:21,972 - INFO - Epoch 235: Loss = 23.3980, Accuracy = 91.94%
2025-07-29 23:05:22,135 - INFO - Epoch 236: Loss = 23.3726, Accuracy = 91.37%
2025-07-29 23:05:22,298 - INFO - Epoch 237: Loss = 21.7287, Accuracy = 91.94%
2025-07-29 23:05:22,461 - INFO - Epoch 238: Loss = 22.0824, Accuracy = 91.72%
2025-07-29 23:05:22,625 - INFO - Epoch 239: Loss = 22.1723, Accuracy = 92.07%
2025-07-29 23:05:22,788 - INFO - Epoch 240: Loss = 20.4264, Accuracy = 92.77%
2025-07-29 23:05:22,951 - INFO - Epoch 241: Loss = 20.4560, Accuracy = 92.68%
2025-07-29 23:05:23,114 - INFO - Epoch 242: Loss = 20.8561, Accuracy = 92.55%
2025-07-29 23:05:23,277 - INFO - Epoch 243: Loss = 20.8237, Accuracy = 92.55%
2025-07-29 23:05:23,441 - INFO - Epoch 244: Loss = 21.7634, Accuracy = 92.38%
2025-07-29 23:05:23,604 - INFO - Epoch 245: Loss = 20.2906, Accuracy = 93.47%
2025-07-29 23:05:23,767 - INFO - Epoch 246: Loss = 20.3468, Accuracy = 92.77%
2025-07-29 23:05:23,931 - INFO - Epoch 247: Loss = 19.4607, Accuracy = 93.43%
2025-07-29 23:05:24,094 - INFO - Epoch 248: Loss = 19.3238, Accuracy = 93.08%
2025-07-29 23:05:24,257 - INFO - Epoch 249: Loss = 20.4832, Accuracy = 92.38%
2025-07-29 23:05:24,421 - INFO - Epoch 250: Loss = 21.5820, Accuracy = 92.24%
2025-07-29 23:05:24,584 - INFO - Epoch 251: Loss = 20.2473, Accuracy = 93.16%
2025-07-29 23:05:24,747 - INFO - Epoch 252: Loss = 18.7622, Accuracy = 93.87%
2025-07-29 23:05:24,910 - INFO - Epoch 253: Loss = 20.7543, Accuracy = 92.55%
2025-07-29 23:05:25,074 - INFO - Epoch 254: Loss = 18.2753, Accuracy = 94.04%
2025-07-29 23:05:25,237 - INFO - Epoch 255: Loss = 19.6936, Accuracy = 93.47%
2025-07-29 23:05:25,400 - INFO - Epoch 256: Loss = 17.8598, Accuracy = 93.82%
2025-07-29 23:05:25,402 - INFO - [Gradient Period 50 Run 10] Training time: 42.96s
2025-07-29 23:05:26,111 - INFO - ✅ Regular Evaluation Accuracy: 43.02%
2025-07-29 23:05:26,154 - INFO - ✅ Regular Evaluation Top-5 Accuracy: 80.71%
2025-07-29 23:05:26,183 - INFO - ✅ Regular Evaluation Accuracy: 23.14%
2025-07-29 23:05:26,195 - INFO - ✅ Regular Evaluation Top-5 Accuracy: 64.46%
2025-07-29 23:05:26,729 - INFO - ✅ Regular Evaluation Accuracy: 13.68%
2025-07-29 23:05:26,738 - INFO - ✅ Regular Evaluation Top-5 Accuracy: 30.53%
2025-07-29 23:05:26,739 - INFO - Nuts
2025-07-29 23:05:27,334 - INFO - ✅ Regular Evaluation Accuracy: 40.62%
2025-07-29 23:05:27,343 - INFO - ✅ Regular Evaluation Top-5 Accuracy: 72.92%
2025-07-29 23:05:27,343 - INFO - Spices
2025-07-29 23:05:27,864 - INFO - ✅ Regular Evaluation Accuracy: 42.05%
2025-07-29 23:05:27,873 - INFO - ✅ Regular Evaluation Top-5 Accuracy: 81.82%
2025-07-29 23:05:27,873 - INFO - Herbs
2025-07-29 23:05:28,420 - INFO - ✅ Regular Evaluation Accuracy: 42.05%
2025-07-29 23:05:28,429 - INFO - ✅ Regular Evaluation Top-5 Accuracy: 72.73%
2025-07-29 23:05:28,430 - INFO - Fruits
2025-07-29 23:05:28,913 - INFO - ✅ Regular Evaluation Accuracy: 42.70%
2025-07-29 23:05:28,922 - INFO - ✅ Regular Evaluation Top-5 Accuracy: 87.64%
2025-07-29 23:05:28,923 - INFO - Vegetables
2025-07-29 23:05:29,388 - INFO - ✅ Regular Evaluation Accuracy: 47.78%
2025-07-29 23:05:29,397 - INFO - ✅ Regular Evaluation Top-5 Accuracy: 88.89%
